"id","source_id","source_title_vi","keyword_signal","keyword_variants","silo_id","parent_hub_path","parent_hub_title","content_role","intent_vi","priority","claim_policy_vi","source_url","url","path","working_title_fr","content_brief_fr","internal_link_targets","source_policy","manual_review_required","target_min_words","target_max_words","factory_status","production_status","repair_attempts","published_at","actual_word_count","seo_score","foundation_merge_path"
"FR-001","1","Thuê xe máy Hà Nội: hướng dẫn đầy đủ cho khách nước ngoài","motorbike rental hanoi","motorbike rental hanoi; motorcycle rental hanoi; scooter rental hanoi; rent motorbike hanoi; motorbike hire hanoi","location-hanoi","/location-moto-hanoi/","Location de moto à Hanoi","CLUSTER","Giao dịch","P0","Chỉ khẳng định dịch vụ/giá/thủ tục đã xác minh.","https://keywordtool.io/","","","","Rédiger en français natif à partir de l'intention du plan vietnamien « Thuê xe máy Hà Nội: hướng dẫn đầy đủ cho khách nước ngoài ». Utiliser les mots-clés de recherche comme signaux, sans traduction littérale ni bourrage. Répondre à une intention distincte du hub parent, garder les affirmations prudentes et suivre la politique de source.","/location-moto-hanoi/;/prix-location/;/types-motos/","VERIFIED_BUSINESS_PLUS_CAUTIOUS_GUIDANCE","false","1700","2800","FOUNDATION_MERGE","MERGED_FOUNDATION","0","","","","/location-moto-hanoi/"
"FR-002","2","Cách chọn cửa hàng thuê xe máy ở Hà Nội: giá, thủ tục và tình trạng xe","best motorbike rental hanoi","best motorbike rental hanoi; top rated motorbike rental hanoi; rental checklist","location-hanoi","/location-moto-hanoi/","Location de moto à Hanoi","CLUSTER","Điều tra thương mại","P0","Chỉ khẳng định dịch vụ/giá/thủ tục đã xác minh.","https://keywordtool.io/","https://fr.rentbikehanoi.com/location-moto-hanoi/best-motorbike-rental-hanoi/","location-moto-hanoi/best-motorbike-rental-hanoi/index.html","","Rédiger en français natif à partir de l'intention du plan vietnamien « Cách chọn cửa hàng thuê xe máy ở Hà Nội: giá, thủ tục và tình trạng xe ». Utiliser les mots-clés de recherche comme signaux, sans traduction littérale ni bourrage. Répondre à une intention distincte du hub parent, garder les affirmations prudentes et suivre la politique de source.","/location-moto-hanoi/;/prix-location/;/types-motos/","VERIFIED_BUSINESS_PLUS_CAUTIOUS_GUIDANCE","false","1700","2800","WRITING","PLANNED","0","","","",""
"FR-003","3","Thuê xe máy tại Hà Nội, Việt Nam: những điều cần biết trước khi đặt","motorbike rental in hanoi vietnam","motorbike rental in hanoi vietnam; motorcycle rental in hanoi vietnam","location-hanoi","/location-moto-hanoi/","Location de moto à Hanoi","CLUSTER","Giao dịch","P0","Chỉ khẳng định dịch vụ/giá/thủ tục đã xác minh.","https://keywordtool.io/","https://fr.rentbikehanoi.com/location-moto-hanoi/motorbike-rental-in-hanoi-vietnam/","location-moto-hanoi/motorbike-rental-in-hanoi-vietnam/index.html","","Rédiger en français natif à partir de l'intention du plan vietnamien « Thuê xe máy tại Hà Nội, Việt Nam: những điều cần biết trước khi đặt ». Utiliser les mots-clés de recherche comme signaux, sans traduction littérale ni bourrage. Répondre à une intention distincte du hub parent, garder les affirmations prudentes et suivre la politique de source.","/location-moto-hanoi/;/prix-location/;/types-motos/","VERIFIED_BUSINESS_PLUS_CAUTIOUS_GUIDANCE","false","1700","2800","WRITING","PLANNED","0","","","",""
"FR-004","4","Thuê xe máy khu Phố Cổ Hà Nội: nhận xe, trả xe và chọn loại xe","motorbike rental hanoi old quarter","motorbike rental hanoi old quarter; scooter rental hanoi old quarter","location-hanoi","/location-moto-hanoi/","Location de moto à Hanoi","CLUSTER","Giao dịch địa phương","P0","Chỉ khẳng định dịch vụ/giá/thủ tục đã xác minh.","https://keywordtool.io/","https://fr.rentbikehanoi.com/location-moto-hanoi/motorbike-rental-hanoi-old-quarter/","location-moto-hanoi/motorbike-rental-hanoi-old-quarter/index.html","","Rédiger en français natif à partir de l'intention du plan vietnamien « Thuê xe máy khu Phố Cổ Hà Nội: nhận xe, trả xe và chọn loại xe ». Utiliser les mots-clés de recherche comme signaux, sans traduction littérale ni bourrage. Répondre à une intention distincte du hub parent, garder les affirmations prudentes et suivre la politique de source.","/location-moto-hanoi/;/prix-location/;/types-motos/","VERIFIED_BUSINESS_PLUS_CAUTIOUS_GUIDANCE","false","1700","2800","PLANNED","PLANNED","0","","","",""
"FR-005","5","Thuê xe máy Long Biên: lựa chọn thuận tiện ngoài khu Phố Cổ","motorbike rental long bien","motorbike rental long bien; scooter rental long bien","location-hanoi","/location-moto-hanoi/","Location de moto à Hanoi","CLUSTER","Giao dịch địa phương","P1","Chỉ khẳng định dịch vụ/giá/thủ tục đã xác minh.","https://keywordtool.io/","https://fr.rentbikehanoi.com/location-moto-hanoi/motorbike-rental-long-bien/","location-moto-hanoi/motorbike-rental-long-bien/index.html","","Rédiger en français natif à partir de l'intention du plan vietnamien « Thuê xe máy Long Biên: lựa chọn thuận tiện ngoài khu Phố Cổ ». Utiliser les mots-clés de recherche comme signaux, sans traduction littérale ni bourrage. Répondre à une intention distincte du hub parent, garder les affirmations prudentes et suivre la politique de source.","/location-moto-hanoi/;/prix-location/;/types-motos/","VERIFIED_BUSINESS_PLUS_CAUTIOUS_GUIDANCE","false","1500","2600","PLANNED","PLANNED","0","","","",""
"FR-006","6","Thuê xe máy Hoàn Kiếm: nên nhận xe ở đâu để tránh tắc đường","motorbike rental hoan kiem","motorbike rental hoan kiem; scooter rental hoan kiem","location-hanoi","/location-moto-hanoi/","Location de moto à Hanoi","CLUSTER","Giao dịch địa phương","P1","Chỉ khẳng định dịch vụ/giá/thủ tục đã xác minh.","https://keywordtool.io/","https://fr.rentbikehanoi.com/location-moto-hanoi/motorbike-rental-hoan-kiem/","location-moto-hanoi/motorbike-rental-hoan-kiem/index.html","","Rédiger en français natif à partir de l'intention du plan vietnamien « Thuê xe máy Hoàn Kiếm: nên nhận xe ở đâu để tránh tắc đường ». Utiliser les mots-clés de recherche comme signaux, sans traduction littérale ni bourrage. Répondre à une intention distincte du hub parent, garder les affirmations prudentes et suivre la politique de source.","/location-moto-hanoi/;/prix-location/;/types-motos/","VERIFIED_BUSINESS_PLUS_CAUTIOUS_GUIDANCE","false","1500","2600","PLANNED","PLANNED","0","","","",""
"FR-007","7","Thuê xe máy Ba Đình: hướng dẫn cho khách ở khu trung tâm","motorbike rental ba dinh","motorbike rental ba dinh; scooter rental ba dinh","location-hanoi","/location-moto-hanoi/","Location de moto à Hanoi","CLUSTER","Giao dịch địa phương","P1","Chỉ khẳng định dịch vụ/giá/thủ tục đã xác minh.","https://keywordtool.io/","https://fr.rentbikehanoi.com/location-moto-hanoi/motorbike-rental-ba-dinh/","location-moto-hanoi/motorbike-rental-ba-dinh/index.html","","Rédiger en français natif à partir de l'intention du plan vietnamien « Thuê xe máy Ba Đình: hướng dẫn cho khách ở khu trung tâm ». Utiliser les mots-clés de recherche comme signaux, sans traduction littérale ni bourrage. Répondre à une intention distincte du hub parent, garder les affirmations prudentes et suivre la politique de source.","/location-moto-hanoi/;/prix-location/;/types-motos/","VERIFIED_BUSINESS_PLUS_CAUTIOUS_GUIDANCE","false","1500","2600","PLANNED","PLANNED","0","","","",""
"FR-008","8","Thuê xe máy Tây Hồ: phù hợp khách lưu trú dài ngày","motorbike rental tay ho","motorbike rental tay ho; west lake scooter rental","location-hanoi","/location-moto-hanoi/","Location de moto à Hanoi","CLUSTER","Giao dịch địa phương","P1","Chỉ khẳng định dịch vụ/giá/thủ tục đã xác minh.","https://keywordtool.io/","https://fr.rentbikehanoi.com/location-moto-hanoi/motorbike-rental-tay-ho/","location-moto-hanoi/motorbike-rental-tay-ho/index.html","","Rédiger en français natif à partir de l'intention du plan vietnamien « Thuê xe máy Tây Hồ: phù hợp khách lưu trú dài ngày ». Utiliser les mots-clés de recherche comme signaux, sans traduction littérale ni bourrage. Répondre à une intention distincte du hub parent, garder les affirmations prudentes et suivre la politique de source.","/location-moto-hanoi/;/prix-location/;/types-motos/","VERIFIED_BUSINESS_PLUS_CAUTIOUS_GUIDANCE","false","1500","2600","PLANNED","PLANNED","0","","","",""
"FR-009","9","Thuê xe máy Đống Đa: cách chọn xe cho đi lại trong thành phố","motorbike rental dong da","motorbike rental dong da","location-hanoi","/location-moto-hanoi/","Location de moto à Hanoi","CLUSTER","Giao dịch địa phương","P2","Chỉ khẳng định dịch vụ/giá/thủ tục đã xác minh.","https://keywordtool.io/","https://fr.rentbikehanoi.com/location-moto-hanoi/motorbike-rental-dong-da/","location-moto-hanoi/motorbike-rental-dong-da/index.html","","Rédiger en français natif à partir de l'intention du plan vietnamien « Thuê xe máy Đống Đa: cách chọn xe cho đi lại trong thành phố ». Utiliser les mots-clés de recherche comme signaux, sans traduction littérale ni bourrage. Répondre à une intention distincte du hub parent, garder les affirmations prudentes et suivre la politique de source.","/location-moto-hanoi/;/prix-location/;/types-motos/","VERIFIED_BUSINESS_PLUS_CAUTIOUS_GUIDANCE","false","1500","2600","PLANNED","PLANNED","0","","","",""
"FR-010","10","Thuê xe máy Hai Bà Trưng: lựa chọn xe ga hay xe số","motorbike rental hai ba trung","motorbike rental hai ba trung","location-hanoi","/location-moto-hanoi/","Location de moto à Hanoi","CLUSTER","Giao dịch địa phương","P2","Chỉ khẳng định dịch vụ/giá/thủ tục đã xác minh.","https://keywordtool.io/","https://fr.rentbikehanoi.com/location-moto-hanoi/motorbike-rental-hai-ba-trung/","location-moto-hanoi/motorbike-rental-hai-ba-trung/index.html","","Rédiger en français natif à partir de l'intention du plan vietnamien « Thuê xe máy Hai Bà Trưng: lựa chọn xe ga hay xe số ». Utiliser les mots-clés de recherche comme signaux, sans traduction littérale ni bourrage. Répondre à une intention distincte du hub parent, garder les affirmations prudentes et suivre la politique de source.","/location-moto-hanoi/;/prix-location/;/types-motos/","VERIFIED_BUSINESS_PLUS_CAUTIOUS_GUIDANCE","false","1500","2600","PLANNED","PLANNED","0","","","",""
"FR-011","11","Thuê xe máy Cầu Giấy: hướng dẫn cho khách công tác và lưu trú dài ngày","motorbike rental cau giay","motorbike rental cau giay","location-hanoi","/location-moto-hanoi/","Location de moto à Hanoi","CLUSTER","Giao dịch địa phương","P2","Chỉ khẳng định dịch vụ/giá/thủ tục đã xác minh.","https://keywordtool.io/","https://fr.rentbikehanoi.com/location-moto-hanoi/motorbike-rental-cau-giay/","location-moto-hanoi/motorbike-rental-cau-giay/index.html","","Rédiger en français natif à partir de l'intention du plan vietnamien « Thuê xe máy Cầu Giấy: hướng dẫn cho khách công tác và lưu trú dài ngày ». Utiliser les mots-clés de recherche comme signaux, sans traduction littérale ni bourrage. Répondre à une intention distincte du hub parent, garder les affirmations prudentes et suivre la politique de source.","/location-moto-hanoi/;/prix-location/;/types-motos/","VERIFIED_BUSINESS_PLUS_CAUTIOUS_GUIDANCE","false","1500","2600","PLANNED","PLANNED","0","","","",""
"FR-012","12","Thuê xe máy gần sân bay Nội Bài: nên nhận xe ở sân bay hay trong thành phố","motorbike rental hanoi airport","motorbike rental hanoi airport; scooter rental hanoi airport","location-hanoi","/location-moto-hanoi/","Location de moto à Hanoi","CLUSTER","Giao dịch địa phương","P0","Chỉ khẳng định dịch vụ/giá/thủ tục đã xác minh.","https://keywordtool.io/","https://fr.rentbikehanoi.com/location-moto-hanoi/motorbike-rental-hanoi-airport/","location-moto-hanoi/motorbike-rental-hanoi-airport/index.html","","Rédiger en français natif à partir de l'intention du plan vietnamien « Thuê xe máy gần sân bay Nội Bài: nên nhận xe ở sân bay hay trong thành phố ». Utiliser les mots-clés de recherche comme signaux, sans traduction littérale ni bourrage. Répondre à une intention distincte du hub parent, garder les affirmations prudentes et suivre la politique de source.","/location-moto-hanoi/;/prix-location/;/types-motos/","VERIFIED_BUSINESS_PLUS_CAUTIOUS_GUIDANCE","false","1700","2800","PLANNED","PLANNED","0","","","",""
"FR-013","13","Từ sân bay Nội Bài vào Hà Nội rồi thuê xe máy: phương án nào tiện nhất","hanoi airport motorbike rental","hanoi airport motorbike rental; airport to hanoi scooter","location-hanoi","/location-moto-hanoi/","Location de moto à Hanoi","CLUSTER","Thông tin + giao dịch","P1","Chỉ khẳng định dịch vụ/giá/thủ tục đã xác minh.","https://keywordtool.io/","https://fr.rentbikehanoi.com/location-moto-hanoi/hanoi-airport-motorbike-rental/","location-moto-hanoi/hanoi-airport-motorbike-rental/index.html","","Rédiger en français natif à partir de l'intention du plan vietnamien « Từ sân bay Nội Bài vào Hà Nội rồi thuê xe máy: phương án nào tiện nhất ». Utiliser les mots-clés de recherche comme signaux, sans traduction littérale ni bourrage. Répondre à une intention distincte du hub parent, garder les affirmations prudentes et suivre la politique de source.","/location-moto-hanoi/;/prix-location/;/types-motos/","VERIFIED_BUSINESS_PLUS_CAUTIOUS_GUIDANCE","false","1500","2600","PLANNED","PLANNED","0","","","",""
"FR-014","14","Thuê xe máy gần tôi ở Hà Nội: cách tìm cửa hàng phù hợp thay vì chỉ chọn nơi gần nhất","motorbike rental near me","motorbike rental near me; motorbike rental hanoi near me; scooter rental hanoi near me","location-hanoi","/location-moto-hanoi/","Location de moto à Hanoi","CLUSTER","Giao dịch địa phương","P0","Chỉ khẳng định dịch vụ/giá/thủ tục đã xác minh.","https://keywordtool.io/","https://fr.rentbikehanoi.com/location-moto-hanoi/motorbike-rental-near-me/","location-moto-hanoi/motorbike-rental-near-me/index.html","","Rédiger en français natif à partir de l'intention du plan vietnamien « Thuê xe máy gần tôi ở Hà Nội: cách tìm cửa hàng phù hợp thay vì chỉ chọn nơi gần nhất ». Utiliser les mots-clés de recherche comme signaux, sans traduction littérale ni bourrage. Répondre à une intention distincte du hub parent, garder les affirmations prudentes et suivre la politique de source.","/location-moto-hanoi/;/prix-location/;/types-motos/","VERIFIED_BUSINESS_PLUS_CAUTIOUS_GUIDANCE","false","1700","2800","PLANNED","PLANNED","0","","","",""
"FR-015","15","Thuê xe máy theo ngày ở Hà Nội: phù hợp chuyến đi ngắn","daily motorbike rental hanoi","daily motorbike rental hanoi; rent motorbike hanoi one day","location-hanoi","/location-moto-hanoi/","Location de moto à Hanoi","CLUSTER","Giao dịch","P0","Chỉ khẳng định dịch vụ/giá/thủ tục đã xác minh.","https://keywordtool.io/","","","","Rédiger en français natif à partir de l'intention du plan vietnamien « Thuê xe máy theo ngày ở Hà Nội: phù hợp chuyến đi ngắn ». Utiliser les mots-clés de recherche comme signaux, sans traduction littérale ni bourrage. Répondre à une intention distincte du hub parent, garder les affirmations prudentes et suivre la politique de source.","/location-moto-hanoi/;/prix-location/;/types-motos/","VERIFIED_BUSINESS_PLUS_CAUTIOUS_GUIDANCE","false","1700","2800","FOUNDATION_MERGE","MERGED_FOUNDATION","0","","","","/location-moto-hanoi/courte-duree/"
"FR-016","16","Thuê xe máy theo tuần ở Hà Nội: khi nào rẻ hơn thuê theo ngày","weekly motorbike rental hanoi","weekly motorbike rental hanoi; scooter rental hanoi weekly","location-hanoi","/location-moto-hanoi/","Location de moto à Hanoi","CLUSTER","Giao dịch","P0","Chỉ khẳng định dịch vụ/giá/thủ tục đã xác minh.","https://keywordtool.io/","","","","Rédiger en français natif à partir de l'intention du plan vietnamien « Thuê xe máy theo tuần ở Hà Nội: khi nào rẻ hơn thuê theo ngày ». Utiliser les mots-clés de recherche comme signaux, sans traduction littérale ni bourrage. Répondre à une intention distincte du hub parent, garder les affirmations prudentes et suivre la politique de source.","/location-moto-hanoi/;/prix-location/;/types-motos/","VERIFIED_BUSINESS_PLUS_CAUTIOUS_GUIDANCE","false","1700","2800","FOUNDATION_MERGE","MERGED_FOUNDATION","0","","","","/prix-location/semaine/"
"FR-017","17","Thuê xe máy theo tháng ở Hà Nội: hướng dẫn cho khách ở dài ngày","monthly motorbike rental hanoi","monthly motorbike rental hanoi; long term motorbike rental hanoi","location-hanoi","/location-moto-hanoi/","Location de moto à Hanoi","CLUSTER","Giao dịch","P0","Chỉ khẳng định dịch vụ/giá/thủ tục đã xác minh.","https://keywordtool.io/","","","","Rédiger en français natif à partir de l'intention du plan vietnamien « Thuê xe máy theo tháng ở Hà Nội: hướng dẫn cho khách ở dài ngày ». Utiliser les mots-clés de recherche comme signaux, sans traduction littérale ni bourrage. Répondre à une intention distincte du hub parent, garder les affirmations prudentes et suivre la politique de source.","/location-moto-hanoi/;/prix-location/;/types-motos/","VERIFIED_BUSINESS_PLUS_CAUTIOUS_GUIDANCE","false","1700","2800","FOUNDATION_MERGE","MERGED_FOUNDATION","0","","","","/location-moto-hanoi/longue-duree/"
"FR-018","18","Thuê xe máy dài hạn ở Hà Nội: cách chọn xe ít tốn chi phí bảo dưỡng","long term motorbike rental hanoi","long term motorbike rental hanoi; monthly scooter hire hanoi","location-hanoi","/location-moto-hanoi/","Location de moto à Hanoi","CLUSTER","Điều tra thương mại","P1","Chỉ khẳng định dịch vụ/giá/thủ tục đã xác minh.","https://keywordtool.io/","https://fr.rentbikehanoi.com/location-moto-hanoi/long-term-motorbike-rental-hanoi/","location-moto-hanoi/long-term-motorbike-rental-hanoi/index.html","","Rédiger en français natif à partir de l'intention du plan vietnamien « Thuê xe máy dài hạn ở Hà Nội: cách chọn xe ít tốn chi phí bảo dưỡng ». Utiliser les mots-clés de recherche comme signaux, sans traduction littérale ni bourrage. Répondre à une intention distincte du hub parent, garder les affirmations prudentes et suivre la politique de source.","/location-moto-hanoi/;/prix-location/;/types-motos/","VERIFIED_BUSINESS_PLUS_CAUTIOUS_GUIDANCE","false","1500","2600","PLANNED","PLANNED","0","","","",""
"FR-019","19","Thuê xe máy ngắn hạn ở Hà Nội: 24 giờ, 48 giờ hay 72 giờ","short term motorbike rental hanoi","short term motorbike rental hanoi; daily scooter rental","location-hanoi","/location-moto-hanoi/","Location de moto à Hanoi","CLUSTER","Điều tra thương mại","P1","Chỉ khẳng định dịch vụ/giá/thủ tục đã xác minh.","https://keywordtool.io/","https://fr.rentbikehanoi.com/location-moto-hanoi/short-term-motorbike-rental-hanoi/","location-moto-hanoi/short-term-motorbike-rental-hanoi/index.html","","Rédiger en français natif à partir de l'intention du plan vietnamien « Thuê xe máy ngắn hạn ở Hà Nội: 24 giờ, 48 giờ hay 72 giờ ». Utiliser les mots-clés de recherche comme signaux, sans traduction littérale ni bourrage. Répondre à une intention distincte du hub parent, garder les affirmations prudentes et suivre la politique de source.","/location-moto-hanoi/;/prix-location/;/types-motos/","VERIFIED_BUSINESS_PLUS_CAUTIOUS_GUIDANCE","false","1500","2600","PLANNED","PLANNED","0","","","",""
"FR-020","20","Thuê xe máy 1 ngày ở Hà Nội: nên đi đâu và chọn xe nào","1 day motorbike rental hanoi","1 day motorbike rental hanoi; one day scooter hire hanoi","location-hanoi","/location-moto-hanoi/","Location de moto à Hanoi","CLUSTER","Giao dịch + lịch trình","P1","Chỉ khẳng định dịch vụ/giá/thủ tục đã xác minh.","https://keywordtool.io/","https://fr.rentbikehanoi.com/location-moto-hanoi/1-day-motorbike-rental-hanoi/","location-moto-hanoi/1-day-motorbike-rental-hanoi/index.html","","Rédiger en français natif à partir de l'intention du plan vietnamien « Thuê xe máy 1 ngày ở Hà Nội: nên đi đâu và chọn xe nào ». Utiliser les mots-clés de recherche comme signaux, sans traduction littérale ni bourrage. Répondre à une intention distincte du hub parent, garder les affirmations prudentes et suivre la politique de source.","/location-moto-hanoi/;/prix-location/;/types-motos/","VERIFIED_BUSINESS_PLUS_CAUTIOUS_GUIDANCE","false","1500","2600","PLANNED","PLANNED","0","","","",""
"FR-021","21","Thuê xe máy 2 ngày ở Hà Nội: lịch trình gọn cho khách lần đầu","2 day motorbike rental hanoi","2 day motorbike rental hanoi","location-hanoi","/location-moto-hanoi/","Location de moto à Hanoi","CLUSTER","Giao dịch + lịch trình","P1","Chỉ khẳng định dịch vụ/giá/thủ tục đã xác minh.","https://keywordtool.io/","https://fr.rentbikehanoi.com/location-moto-hanoi/2-day-motorbike-rental-hanoi/","location-moto-hanoi/2-day-motorbike-rental-hanoi/index.html","","Rédiger en français natif à partir de l'intention du plan vietnamien « Thuê xe máy 2 ngày ở Hà Nội: lịch trình gọn cho khách lần đầu ». Utiliser les mots-clés de recherche comme signaux, sans traduction littérale ni bourrage. Répondre à une intention distincte du hub parent, garder les affirmations prudentes et suivre la politique de source.","/location-moto-hanoi/;/prix-location/;/types-motos/","VERIFIED_BUSINESS_PLUS_CAUTIOUS_GUIDANCE","false","1500","2600","PLANNED","PLANNED","0","","","",""
"FR-022","22","Thuê xe máy 3 ngày ở Hà Nội: kết hợp nội đô và điểm gần thành phố","3 day motorbike rental hanoi","3 day motorbike rental hanoi","location-hanoi","/location-moto-hanoi/","Location de moto à Hanoi","CLUSTER","Giao dịch + lịch trình","P1","Chỉ khẳng định dịch vụ/giá/thủ tục đã xác minh.","https://keywordtool.io/","https://fr.rentbikehanoi.com/location-moto-hanoi/3-day-motorbike-rental-hanoi/","location-moto-hanoi/3-day-motorbike-rental-hanoi/index.html","","Rédiger en français natif à partir de l'intention du plan vietnamien « Thuê xe máy 3 ngày ở Hà Nội: kết hợp nội đô và điểm gần thành phố ». Utiliser les mots-clés de recherche comme signaux, sans traduction littérale ni bourrage. Répondre à une intention distincte du hub parent, garder les affirmations prudentes et suivre la politique de source.","/location-moto-hanoi/;/prix-location/;/types-motos/","VERIFIED_BUSINESS_PLUS_CAUTIOUS_GUIDANCE","false","1500","2600","PLANNED","PLANNED","0","","","",""
"FR-023","23","Thuê xe máy 1 tuần ở Hà Nội: chọn xe ga, xe số hay 50cc","one week motorbike rental hanoi","one week motorbike rental hanoi; weekly scooter rental","location-hanoi","/location-moto-hanoi/","Location de moto à Hanoi","CLUSTER","Điều tra thương mại","P1","Chỉ khẳng định dịch vụ/giá/thủ tục đã xác minh.","https://keywordtool.io/","https://fr.rentbikehanoi.com/location-moto-hanoi/one-week-motorbike-rental-hanoi/","location-moto-hanoi/one-week-motorbike-rental-hanoi/index.html","","Rédiger en français natif à partir de l'intention du plan vietnamien « Thuê xe máy 1 tuần ở Hà Nội: chọn xe ga, xe số hay 50cc ». Utiliser les mots-clés de recherche comme signaux, sans traduction littérale ni bourrage. Répondre à une intention distincte du hub parent, garder les affirmations prudentes et suivre la politique de source.","/location-moto-hanoi/;/prix-location/;/types-motos/","VERIFIED_BUSINESS_PLUS_CAUTIOUS_GUIDANCE","false","1500","2600","PLANNED","PLANNED","0","","","",""
"FR-024","24","Thuê xe máy 2 tuần ở Hà Nội: cách kiểm tra lốp, phanh và dầu máy","two week motorbike rental hanoi","two week motorbike rental hanoi","location-hanoi","/location-moto-hanoi/","Location de moto à Hanoi","CLUSTER","Điều tra thương mại","P2","Chỉ khẳng định dịch vụ/giá/thủ tục đã xác minh.","https://keywordtool.io/","https://fr.rentbikehanoi.com/location-moto-hanoi/two-week-motorbike-rental-hanoi/","location-moto-hanoi/two-week-motorbike-rental-hanoi/index.html","","Rédiger en français natif à partir de l'intention du plan vietnamien « Thuê xe máy 2 tuần ở Hà Nội: cách kiểm tra lốp, phanh và dầu máy ». Utiliser les mots-clés de recherche comme signaux, sans traduction littérale ni bourrage. Répondre à une intention distincte du hub parent, garder les affirmations prudentes et suivre la politique de source.","/location-moto-hanoi/;/prix-location/;/types-motos/","VERIFIED_BUSINESS_PLUS_CAUTIOUS_GUIDANCE","false","1500","2600","PLANNED","PLANNED","0","","","",""
"FR-025","25","Thuê xe máy 1 tháng ở Hà Nội: cách tính tổng chi phí thực tế","one month motorbike rental hanoi","one month motorbike rental hanoi; monthly motorcycle rental hanoi","location-hanoi","/location-moto-hanoi/","Location de moto à Hanoi","CLUSTER","Điều tra thương mại","P0","Chỉ khẳng định dịch vụ/giá/thủ tục đã xác minh.","https://keywordtool.io/","https://fr.rentbikehanoi.com/location-moto-hanoi/one-month-motorbike-rental-hanoi/","location-moto-hanoi/one-month-motorbike-rental-hanoi/index.html","","Rédiger en français natif à partir de l'intention du plan vietnamien « Thuê xe máy 1 tháng ở Hà Nội: cách tính tổng chi phí thực tế ». Utiliser les mots-clés de recherche comme signaux, sans traduction littérale ni bourrage. Répondre à une intention distincte du hub parent, garder les affirmations prudentes et suivre la politique de source.","/location-moto-hanoi/;/prix-location/;/types-motos/","VERIFIED_BUSINESS_PLUS_CAUTIOUS_GUIDANCE","false","1700","2800","PLANNED","PLANNED","0","","","",""
"FR-026","26","Thuê xe máy 3 tháng ở Hà Nội: hợp đồng, bảo dưỡng và đổi xe","3 month motorbike rental hanoi","3 month motorbike rental hanoi; long term motorcycle rental","location-hanoi","/location-moto-hanoi/","Location de moto à Hanoi","CLUSTER","Điều tra thương mại","P2","Chỉ khẳng định dịch vụ/giá/thủ tục đã xác minh.","https://keywordtool.io/","https://fr.rentbikehanoi.com/location-moto-hanoi/3-month-motorbike-rental-hanoi/","location-moto-hanoi/3-month-motorbike-rental-hanoi/index.html","","Rédiger en français natif à partir de l'intention du plan vietnamien « Thuê xe máy 3 tháng ở Hà Nội: hợp đồng, bảo dưỡng và đổi xe ». Utiliser les mots-clés de recherche comme signaux, sans traduction littérale ni bourrage. Répondre à une intention distincte du hub parent, garder les affirmations prudentes et suivre la politique de source.","/location-moto-hanoi/;/prix-location/;/types-motos/","VERIFIED_BUSINESS_PLUS_CAUTIOUS_GUIDANCE","false","1500","2600","PLANNED","PLANNED","0","","","",""
"FR-027","27","Thuê xe máy cho khách du lịch nước ngoài ở Hà Nội","motorbike rental hanoi for tourists","motorbike rental hanoi for tourists; foreigner scooter rental hanoi","location-hanoi","/location-moto-hanoi/","Location de moto à Hanoi","CLUSTER","Giao dịch","P0","Chỉ khẳng định dịch vụ/giá/thủ tục đã xác minh.","https://keywordtool.io/","https://fr.rentbikehanoi.com/location-moto-hanoi/motorbike-rental-hanoi-for-tourists/","location-moto-hanoi/motorbike-rental-hanoi-for-tourists/index.html","","Rédiger en français natif à partir de l'intention du plan vietnamien « Thuê xe máy cho khách du lịch nước ngoài ở Hà Nội ». Utiliser les mots-clés de recherche comme signaux, sans traduction littérale ni bourrage. Répondre à une intention distincte du hub parent, garder les affirmations prudentes et suivre la politique de source.","/location-moto-hanoi/;/prix-location/;/types-motos/","VERIFIED_BUSINESS_PLUS_CAUTIOUS_GUIDANCE","false","1700","2800","PLANNED","PLANNED","0","","","",""
"FR-028","28","Thuê xe máy cho người nước ngoài sống tại Hà Nội","motorbike rental hanoi expat","motorbike rental hanoi expat; monthly scooter hanoi expat","location-hanoi","/location-moto-hanoi/","Location de moto à Hanoi","CLUSTER","Giao dịch","P1","Chỉ khẳng định dịch vụ/giá/thủ tục đã xác minh.","https://keywordtool.io/","https://fr.rentbikehanoi.com/location-moto-hanoi/motorbike-rental-hanoi-expat/","location-moto-hanoi/motorbike-rental-hanoi-expat/index.html","","Rédiger en français natif à partir de l'intention du plan vietnamien « Thuê xe máy cho người nước ngoài sống tại Hà Nội ». Utiliser les mots-clés de recherche comme signaux, sans traduction littérale ni bourrage. Répondre à une intention distincte du hub parent, garder les affirmations prudentes et suivre la politique de source.","/location-moto-hanoi/;/prix-location/;/types-motos/","VERIFIED_BUSINESS_PLUS_CAUTIOUS_GUIDANCE","false","1500","2600","PLANNED","PLANNED","0","","","",""
"FR-029","29","Thuê xe máy cho backpacker ở Hà Nội: rẻ, dễ đi và dễ sửa","backpacker motorbike rental hanoi","backpacker motorbike rental hanoi; cheap scooter rental hanoi","location-hanoi","/location-moto-hanoi/","Location de moto à Hanoi","CLUSTER","Giao dịch","P1","Chỉ khẳng định dịch vụ/giá/thủ tục đã xác minh.","https://keywordtool.io/","https://fr.rentbikehanoi.com/location-moto-hanoi/backpacker-motorbike-rental-hanoi/","location-moto-hanoi/backpacker-motorbike-rental-hanoi/index.html","","Rédiger en français natif à partir de l'intention du plan vietnamien « Thuê xe máy cho backpacker ở Hà Nội: rẻ, dễ đi và dễ sửa ». Utiliser les mots-clés de recherche comme signaux, sans traduction littérale ni bourrage. Répondre à une intention distincte du hub parent, garder les affirmations prudentes et suivre la politique de source.","/location-moto-hanoi/;/prix-location/;/types-motos/","VERIFIED_BUSINESS_PLUS_CAUTIOUS_GUIDANCE","false","1500","2600","PLANNED","PLANNED","0","","","",""
"FR-030","30","Người mới lái nên thuê xe gì ở Hà Nội?","beginner motorbike rental hanoi","beginner motorbike rental hanoi; easiest scooter hanoi","location-hanoi","/location-moto-hanoi/","Location de moto à Hanoi","CLUSTER","Điều tra thương mại","P0","Chỉ khẳng định dịch vụ/giá/thủ tục đã xác minh.","https://keywordtool.io/","https://fr.rentbikehanoi.com/location-moto-hanoi/beginner-motorbike-rental-hanoi/","location-moto-hanoi/beginner-motorbike-rental-hanoi/index.html","","Rédiger en français natif à partir de l'intention du plan vietnamien « Người mới lái nên thuê xe gì ở Hà Nội? ». Utiliser les mots-clés de recherche comme signaux, sans traduction littérale ni bourrage. Répondre à une intention distincte du hub parent, garder les affirmations prudentes et suivre la politique de source.","/location-moto-hanoi/;/prix-location/;/types-motos/","VERIFIED_BUSINESS_PLUS_CAUTIOUS_GUIDANCE","false","1700","2800","PLANNED","PLANNED","0","","","",""
"FR-031","31","Người đã có kinh nghiệm nên chọn xe nào để đi xa từ Hà Nội?","motorbike rental hanoi experienced rider","motorbike rental hanoi experienced rider; touring bike hanoi","location-hanoi","/location-moto-hanoi/","Location de moto à Hanoi","CLUSTER","Điều tra thương mại","P1","Chỉ khẳng định dịch vụ/giá/thủ tục đã xác minh.","https://keywordtool.io/","https://fr.rentbikehanoi.com/location-moto-hanoi/motorbike-rental-hanoi-experienced-rider/","location-moto-hanoi/motorbike-rental-hanoi-experienced-rider/index.html","","Rédiger en français natif à partir de l'intention du plan vietnamien « Người đã có kinh nghiệm nên chọn xe nào để đi xa từ Hà Nội? ». Utiliser les mots-clés de recherche comme signaux, sans traduction littérale ni bourrage. Répondre à une intention distincte du hub parent, garder les affirmations prudentes et suivre la politique de source.","/location-moto-hanoi/;/prix-location/;/types-motos/","VERIFIED_BUSINESS_PLUS_CAUTIOUS_GUIDANCE","false","1500","2600","PLANNED","PLANNED","0","","","",""
"FR-032","32","Hai người đi chung nên thuê xe máy nào ở Hà Nội?","motorbike rental hanoi for two people","motorbike rental hanoi for two people; scooter two up hanoi","location-hanoi","/location-moto-hanoi/","Location de moto à Hanoi","CLUSTER","Điều tra thương mại","P1","Chỉ khẳng định dịch vụ/giá/thủ tục đã xác minh.","https://keywordtool.io/","https://fr.rentbikehanoi.com/location-moto-hanoi/motorbike-rental-hanoi-for-two-people/","location-moto-hanoi/motorbike-rental-hanoi-for-two-people/index.html","","Rédiger en français natif à partir de l'intention du plan vietnamien « Hai người đi chung nên thuê xe máy nào ở Hà Nội? ». Utiliser les mots-clés de recherche comme signaux, sans traduction littérale ni bourrage. Répondre à une intention distincte du hub parent, garder les affirmations prudentes et suivre la politique de source.","/location-moto-hanoi/;/prix-location/;/types-motos/","VERIFIED_BUSINESS_PLUS_CAUTIOUS_GUIDANCE","false","1500","2600","PLANNED","PLANNED","0","","","",""
"FR-033","33","Du lịch một mình ở Hà Nội: thuê xe máy có hợp lý không?","solo travel hanoi motorbike rental","solo travel hanoi motorbike rental; rent scooter hanoi solo","location-hanoi","/location-moto-hanoi/","Location de moto à Hanoi","CLUSTER","Thông tin + giao dịch","P1","Chỉ khẳng định dịch vụ/giá/thủ tục đã xác minh.","https://keywordtool.io/","https://fr.rentbikehanoi.com/location-moto-hanoi/solo-travel-hanoi-motorbike-rental/","location-moto-hanoi/solo-travel-hanoi-motorbike-rental/index.html","","Rédiger en français natif à partir de l'intention du plan vietnamien « Du lịch một mình ở Hà Nội: thuê xe máy có hợp lý không? ». Utiliser les mots-clés de recherche comme signaux, sans traduction littérale ni bourrage. Répondre à une intention distincte du hub parent, garder les affirmations prudentes et suivre la politique de source.","/location-moto-hanoi/;/prix-location/;/types-motos/","VERIFIED_BUSINESS_PLUS_CAUTIOUS_GUIDANCE","false","1500","2600","PLANNED","PLANNED","0","","","",""
"FR-034","34","Khách công tác ở Hà Nội nên thuê xe máy hay đi taxi?","business traveler hanoi motorbike rental vs taxi","business traveler hanoi motorbike rental vs taxi","location-hanoi","/location-moto-hanoi/","Location de moto à Hanoi","CLUSTER","So sánh","P2","Chỉ khẳng định dịch vụ/giá/thủ tục đã xác minh.","https://keywordtool.io/","https://fr.rentbikehanoi.com/location-moto-hanoi/business-traveler-hanoi-motorbike-rental-vs-taxi/","location-moto-hanoi/business-traveler-hanoi-motorbike-rental-vs-taxi/index.html","","Rédiger en français natif à partir de l'intention du plan vietnamien « Khách công tác ở Hà Nội nên thuê xe máy hay đi taxi? ». Utiliser les mots-clés de recherche comme signaux, sans traduction littérale ni bourrage. Répondre à une intention distincte du hub parent, garder les affirmations prudentes et suivre la politique de source.","/location-moto-hanoi/;/prix-location/;/types-motos/","VERIFIED_BUSINESS_PLUS_CAUTIOUS_GUIDANCE","false","1500","2600","PLANNED","PLANNED","0","","","",""
"FR-035","35","Sinh viên quốc tế ở Hà Nội: thuê xe máy theo tháng cần lưu ý gì","student monthly motorbike rental hanoi","student monthly motorbike rental hanoi; expat scooter hire","location-hanoi","/location-moto-hanoi/","Location de moto à Hanoi","CLUSTER","Thông tin + giao dịch","P2","Chỉ khẳng định dịch vụ/giá/thủ tục đã xác minh.","https://keywordtool.io/","https://fr.rentbikehanoi.com/location-moto-hanoi/student-monthly-motorbike-rental-hanoi/","location-moto-hanoi/student-monthly-motorbike-rental-hanoi/index.html","","Rédiger en français natif à partir de l'intention du plan vietnamien « Sinh viên quốc tế ở Hà Nội: thuê xe máy theo tháng cần lưu ý gì ». Utiliser les mots-clés de recherche comme signaux, sans traduction littérale ni bourrage. Répondre à une intention distincte du hub parent, garder les affirmations prudentes et suivre la politique de source.","/location-moto-hanoi/;/prix-location/;/types-motos/","VERIFIED_BUSINESS_PLUS_CAUTIOUS_GUIDANCE","false","1500","2600","PLANNED","PLANNED","0","","","",""
"FR-036","36","Giao xe máy tận khách sạn ở Hà Nội: khi nào nên sử dụng","motorbike delivery hotel hanoi","motorbike delivery hotel hanoi; scooter delivery hanoi","location-hanoi","/location-moto-hanoi/","Location de moto à Hanoi","CLUSTER","Giao dịch","P1","Chỉ khẳng định dịch vụ/giá/thủ tục đã xác minh.","https://keywordtool.io/","https://fr.rentbikehanoi.com/location-moto-hanoi/motorbike-delivery-hotel-hanoi/","location-moto-hanoi/motorbike-delivery-hotel-hanoi/index.html","","Rédiger en français natif à partir de l'intention du plan vietnamien « Giao xe máy tận khách sạn ở Hà Nội: khi nào nên sử dụng ». Utiliser les mots-clés de recherche comme signaux, sans traduction littérale ni bourrage. Répondre à une intention distincte du hub parent, garder les affirmations prudentes et suivre la politique de source.","/location-moto-hanoi/;/prix-location/;/types-motos/","VERIFIED_BUSINESS_PLUS_CAUTIOUS_GUIDANCE","false","1500","2600","PLANNED","PLANNED","0","","","",""
"FR-037","37","Nhận xe trực tiếp tại cửa hàng: kiểm tra gì trước khi ký hợp đồng","motorbike rental pickup hanoi","motorbike rental pickup hanoi; rental inspection","location-hanoi","/location-moto-hanoi/","Location de moto à Hanoi","CLUSTER","Giao dịch","P0","Chỉ khẳng định dịch vụ/giá/thủ tục đã xác minh.","https://keywordtool.io/","https://fr.rentbikehanoi.com/location-moto-hanoi/motorbike-rental-pickup-hanoi/","location-moto-hanoi/motorbike-rental-pickup-hanoi/index.html","","Rédiger en français natif à partir de l'intention du plan vietnamien « Nhận xe trực tiếp tại cửa hàng: kiểm tra gì trước khi ký hợp đồng ». Utiliser les mots-clés de recherche comme signaux, sans traduction littérale ni bourrage. Répondre à une intention distincte du hub parent, garder les affirmations prudentes et suivre la politique de source.","/location-moto-hanoi/;/prix-location/;/types-motos/","VERIFIED_BUSINESS_PLUS_CAUTIOUS_GUIDANCE","false","1700","2800","PLANNED","PLANNED","0","","","",""
"FR-038","38","Thuê xe bằng hộ chiếu hay tiền đặt cọc: phương án nào phù hợp hơn","passport deposit motorbike rental hanoi","passport deposit motorbike rental hanoi; cash deposit scooter","location-hanoi","/location-moto-hanoi/","Location de moto à Hanoi","CLUSTER","Điều tra thương mại","P0","Chỉ khẳng định dịch vụ/giá/thủ tục đã xác minh.","https://keywordtool.io/","https://fr.rentbikehanoi.com/location-moto-hanoi/passport-deposit-motorbike-rental-hanoi/","location-moto-hanoi/passport-deposit-motorbike-rental-hanoi/index.html","","Rédiger en français natif à partir de l'intention du plan vietnamien « Thuê xe bằng hộ chiếu hay tiền đặt cọc: phương án nào phù hợp hơn ». Utiliser les mots-clés de recherche comme signaux, sans traduction littérale ni bourrage. Répondre à une intention distincte du hub parent, garder les affirmations prudentes et suivre la politique de source.","/location-moto-hanoi/;/prix-location/;/types-motos/","VERIFIED_BUSINESS_PLUS_CAUTIOUS_GUIDANCE","false","1700","2800","PLANNED","PLANNED","0","","","",""
"FR-039","39","Tiền đặt cọc thuê xe máy ở Hà Nội: cách hiểu đúng và tránh tranh chấp","motorbike rental deposit hanoi","motorbike rental deposit hanoi; scooter deposit vietnam","location-hanoi","/location-moto-hanoi/","Location de moto à Hanoi","CLUSTER","Thông tin","P0","Chỉ khẳng định dịch vụ/giá/thủ tục đã xác minh.","https://keywordtool.io/","https://fr.rentbikehanoi.com/location-moto-hanoi/motorbike-rental-deposit-hanoi/","location-moto-hanoi/motorbike-rental-deposit-hanoi/index.html","","Rédiger en français natif à partir de l'intention du plan vietnamien « Tiền đặt cọc thuê xe máy ở Hà Nội: cách hiểu đúng và tránh tranh chấp ». Utiliser les mots-clés de recherche comme signaux, sans traduction littérale ni bourrage. Répondre à une intention distincte du hub parent, garder les affirmations prudentes et suivre la politique de source.","/location-moto-hanoi/;/prix-location/;/types-motos/","VERIFIED_BUSINESS_PLUS_CAUTIOUS_GUIDANCE","false","1700","2800","PLANNED","PLANNED","0","","","",""
"FR-040","40","Có nên để hộ chiếu khi thuê xe máy ở Hà Nội?","passport motorbike rental hanoi","passport motorbike rental hanoi; passport deposit vietnam scooter","location-hanoi","/location-moto-hanoi/","Location de moto à Hanoi","CLUSTER","Thông tin","P1","Chỉ khẳng định dịch vụ/giá/thủ tục đã xác minh.","https://keywordtool.io/","https://fr.rentbikehanoi.com/location-moto-hanoi/passport-motorbike-rental-hanoi/","location-moto-hanoi/passport-motorbike-rental-hanoi/index.html","","Rédiger en français natif à partir de l'intention du plan vietnamien « Có nên để hộ chiếu khi thuê xe máy ở Hà Nội? ». Utiliser les mots-clés de recherche comme signaux, sans traduction littérale ni bourrage. Répondre à une intention distincte du hub parent, garder les affirmations prudentes et suivre la politique de source.","/location-moto-hanoi/;/prix-location/;/types-motos/","VERIFIED_BUSINESS_PLUS_CAUTIOUS_GUIDANCE","false","1500","2600","PLANNED","PLANNED","0","","","",""
"FR-041","41","Đặt xe máy online hay đến cửa hàng thuê trực tiếp ở Hà Nội?","book motorbike rental hanoi online vs walk in","book motorbike rental hanoi online vs walk in","location-hanoi","/location-moto-hanoi/","Location de moto à Hanoi","CLUSTER","So sánh","P1","Chỉ khẳng định dịch vụ/giá/thủ tục đã xác minh.","https://keywordtool.io/","https://fr.rentbikehanoi.com/location-moto-hanoi/book-motorbike-rental-hanoi-online-vs-walk-in/","location-moto-hanoi/book-motorbike-rental-hanoi-online-vs-walk-in/index.html","","Rédiger en français natif à partir de l'intention du plan vietnamien « Đặt xe máy online hay đến cửa hàng thuê trực tiếp ở Hà Nội? ». Utiliser les mots-clés de recherche comme signaux, sans traduction littérale ni bourrage. Répondre à une intention distincte du hub parent, garder les affirmations prudentes et suivre la politique de source.","/location-moto-hanoi/;/prix-location/;/types-motos/","VERIFIED_BUSINESS_PLUS_CAUTIOUS_GUIDANCE","false","1500","2600","PLANNED","PLANNED","0","","","",""
"FR-042","42","Thuê xe máy trong ngày tại Hà Nội: đặt gấp và kiểm tra xe nhanh","same day motorbike rental hanoi","same day motorbike rental hanoi; scooter rental today hanoi","location-hanoi","/location-moto-hanoi/","Location de moto à Hanoi","CLUSTER","Giao dịch","P1","Chỉ khẳng định dịch vụ/giá/thủ tục đã xác minh.","https://keywordtool.io/","https://fr.rentbikehanoi.com/location-moto-hanoi/same-day-motorbike-rental-hanoi/","location-moto-hanoi/same-day-motorbike-rental-hanoi/index.html","","Rédiger en français natif à partir de l'intention du plan vietnamien « Thuê xe máy trong ngày tại Hà Nội: đặt gấp và kiểm tra xe nhanh ». Utiliser les mots-clés de recherche comme signaux, sans traduction littérale ni bourrage. Répondre à une intention distincte du hub parent, garder les affirmations prudentes et suivre la politique de source.","/location-moto-hanoi/;/prix-location/;/types-motos/","VERIFIED_BUSINESS_PLUS_CAUTIOUS_GUIDANCE","false","1500","2600","PLANNED","PLANNED","0","","","",""
"FR-043","43","Giờ mở cửa cửa hàng thuê xe máy ở Hà Nội: nên đến lúc nào","motorbike rental hanoi opening hours","motorbike rental hanoi opening hours; scooter hire hanoi hours","location-hanoi","/location-moto-hanoi/","Location de moto à Hanoi","CLUSTER","Thông tin địa phương","P1","Chỉ khẳng định dịch vụ/giá/thủ tục đã xác minh.","https://keywordtool.io/","https://fr.rentbikehanoi.com/location-moto-hanoi/motorbike-rental-hanoi-opening-hours/","location-moto-hanoi/motorbike-rental-hanoi-opening-hours/index.html","","Rédiger en français natif à partir de l'intention du plan vietnamien « Giờ mở cửa cửa hàng thuê xe máy ở Hà Nội: nên đến lúc nào ». Utiliser les mots-clés de recherche comme signaux, sans traduction littérale ni bourrage. Répondre à une intention distincte du hub parent, garder les affirmations prudentes et suivre la politique de source.","/location-moto-hanoi/;/prix-location/;/types-motos/","VERIFIED_BUSINESS_PLUS_CAUTIOUS_GUIDANCE","false","1500","2600","PLANNED","PLANNED","0","","","",""
"FR-044","44","Thuê xe máy cuối tuần ở Hà Nội: nên đặt trước hay không","weekend motorbike rental hanoi","weekend motorbike rental hanoi","location-hanoi","/location-moto-hanoi/","Location de moto à Hanoi","CLUSTER","Giao dịch","P2","Chỉ khẳng định dịch vụ/giá/thủ tục đã xác minh.","https://keywordtool.io/","https://fr.rentbikehanoi.com/location-moto-hanoi/weekend-motorbike-rental-hanoi/","location-moto-hanoi/weekend-motorbike-rental-hanoi/index.html","","Rédiger en français natif à partir de l'intention du plan vietnamien « Thuê xe máy cuối tuần ở Hà Nội: nên đặt trước hay không ». Utiliser les mots-clés de recherche comme signaux, sans traduction littérale ni bourrage. Répondre à une intention distincte du hub parent, garder les affirmations prudentes et suivre la politique de source.","/location-moto-hanoi/;/prix-location/;/types-motos/","VERIFIED_BUSINESS_PLUS_CAUTIOUS_GUIDANCE","false","1500","2600","PLANNED","PLANNED","0","","","",""
"FR-045","45","Thuê xe máy dịp Tết ở Hà Nội: giá, thời gian và lưu ý giao thông","motorbike rental hanoi tet","motorbike rental hanoi tet; scooter hire hanoi lunar new year","location-hanoi","/location-moto-hanoi/","Location de moto à Hanoi","CLUSTER","Thông tin thời vụ","P1","Chỉ khẳng định dịch vụ/giá/thủ tục đã xác minh.","https://keywordtool.io/","https://fr.rentbikehanoi.com/location-moto-hanoi/motorbike-rental-hanoi-tet/","location-moto-hanoi/motorbike-rental-hanoi-tet/index.html","","Rédiger en français natif à partir de l'intention du plan vietnamien « Thuê xe máy dịp Tết ở Hà Nội: giá, thời gian và lưu ý giao thông ». Utiliser les mots-clés de recherche comme signaux, sans traduction littérale ni bourrage. Répondre à une intention distincte du hub parent, garder les affirmations prudentes et suivre la politique de source.","/location-moto-hanoi/;/prix-location/;/types-motos/","VERIFIED_BUSINESS_PLUS_CAUTIOUS_GUIDANCE","false","1500","2600","PLANNED","PLANNED","0","","","",""
"FR-046","46","Thuê xe máy mùa mưa ở Hà Nội: chọn lốp, phanh và áo mưa","motorbike rental hanoi rainy season","motorbike rental hanoi rainy season; scooter rain hanoi","location-hanoi","/location-moto-hanoi/","Location de moto à Hanoi","CLUSTER","Thông tin thời vụ","P1","Chỉ khẳng định dịch vụ/giá/thủ tục đã xác minh.","https://keywordtool.io/","https://fr.rentbikehanoi.com/location-moto-hanoi/motorbike-rental-hanoi-rainy-season/","location-moto-hanoi/motorbike-rental-hanoi-rainy-season/index.html","","Rédiger en français natif à partir de l'intention du plan vietnamien « Thuê xe máy mùa mưa ở Hà Nội: chọn lốp, phanh và áo mưa ». Utiliser les mots-clés de recherche comme signaux, sans traduction littérale ni bourrage. Répondre à une intention distincte du hub parent, garder les affirmations prudentes et suivre la politique de source.","/location-moto-hanoi/;/prix-location/;/types-motos/","VERIFIED_BUSINESS_PLUS_CAUTIOUS_GUIDANCE","false","1500","2600","PLANNED","PLANNED","0","","","",""
"FR-047","47","Thuê xe máy mùa hè ở Hà Nội: chuẩn bị gì cho nắng nóng","motorbike rental hanoi summer","motorbike rental hanoi summer","location-hanoi","/location-moto-hanoi/","Location de moto à Hanoi","CLUSTER","Thông tin thời vụ","P2","Chỉ khẳng định dịch vụ/giá/thủ tục đã xác minh.","https://keywordtool.io/","https://fr.rentbikehanoi.com/location-moto-hanoi/motorbike-rental-hanoi-summer/","location-moto-hanoi/motorbike-rental-hanoi-summer/index.html","","Rédiger en français natif à partir de l'intention du plan vietnamien « Thuê xe máy mùa hè ở Hà Nội: chuẩn bị gì cho nắng nóng ». Utiliser les mots-clés de recherche comme signaux, sans traduction littérale ni bourrage. Répondre à une intention distincte du hub parent, garder les affirmations prudentes et suivre la politique de source.","/location-moto-hanoi/;/prix-location/;/types-motos/","VERIFIED_BUSINESS_PLUS_CAUTIOUS_GUIDANCE","false","1500","2600","PLANNED","PLANNED","0","","","",""
"FR-048","48","Thuê xe máy mùa đông ở Hà Nội: quần áo và cách chạy an toàn","motorbike rental hanoi winter","motorbike rental hanoi winter","location-hanoi","/location-moto-hanoi/","Location de moto à Hanoi","CLUSTER","Thông tin thời vụ","P2","Chỉ khẳng định dịch vụ/giá/thủ tục đã xác minh.","https://keywordtool.io/","https://fr.rentbikehanoi.com/location-moto-hanoi/motorbike-rental-hanoi-winter/","location-moto-hanoi/motorbike-rental-hanoi-winter/index.html","","Rédiger en français natif à partir de l'intention du plan vietnamien « Thuê xe máy mùa đông ở Hà Nội: quần áo và cách chạy an toàn ». Utiliser les mots-clés de recherche comme signaux, sans traduction littérale ni bourrage. Répondre à une intention distincte du hub parent, garder les affirmations prudentes et suivre la politique de source.","/location-moto-hanoi/;/prix-location/;/types-motos/","VERIFIED_BUSINESS_PLUS_CAUTIOUS_GUIDANCE","false","1500","2600","PLANNED","PLANNED","0","","","",""
"FR-049","49","Thuê xe ở Hà Nội trước khi đi Hà Giang: nên chọn xe nào","hanoi motorbike rental for ha giang","hanoi motorbike rental for ha giang; hanoi to ha giang motorbike","location-hanoi","/location-moto-hanoi/","Location de moto à Hanoi","CLUSTER","Giao dịch + hành trình","P0","Chỉ khẳng định dịch vụ/giá/thủ tục đã xác minh.","https://keywordtool.io/","https://fr.rentbikehanoi.com/location-moto-hanoi/hanoi-motorbike-rental-for-ha-giang/","location-moto-hanoi/hanoi-motorbike-rental-for-ha-giang/index.html","","Rédiger en français natif à partir de l'intention du plan vietnamien « Thuê xe ở Hà Nội trước khi đi Hà Giang: nên chọn xe nào ». Utiliser les mots-clés de recherche comme signaux, sans traduction littérale ni bourrage. Répondre à une intention distincte du hub parent, garder les affirmations prudentes et suivre la politique de source.","/location-moto-hanoi/;/prix-location/;/types-motos/","VERIFIED_BUSINESS_PLUS_CAUTIOUS_GUIDANCE","false","1700","2800","PLANNED","PLANNED","0","","","",""
"FR-050","50","Thuê xe ở Hà Nội trước khi đi Sapa: xe ga hay xe số","hanoi motorbike rental for sapa","hanoi motorbike rental for sapa; hanoi to sapa motorbike","location-hanoi","/location-moto-hanoi/","Location de moto à Hanoi","CLUSTER","Giao dịch + hành trình","P0","Chỉ khẳng định dịch vụ/giá/thủ tục đã xác minh.","https://keywordtool.io/","https://fr.rentbikehanoi.com/location-moto-hanoi/hanoi-motorbike-rental-for-sapa/","location-moto-hanoi/hanoi-motorbike-rental-for-sapa/index.html","","Rédiger en français natif à partir de l'intention du plan vietnamien « Thuê xe ở Hà Nội trước khi đi Sapa: xe ga hay xe số ». Utiliser les mots-clés de recherche comme signaux, sans traduction littérale ni bourrage. Répondre à une intention distincte du hub parent, garder les affirmations prudentes et suivre la politique de source.","/location-moto-hanoi/;/prix-location/;/types-motos/","VERIFIED_BUSINESS_PLUS_CAUTIOUS_GUIDANCE","false","1700","2800","PLANNED","PLANNED","0","","","",""
"FR-051","51","Thuê xe ở Hà Nội trước khi đi Ninh Bình: loại xe nào dễ chạy","hanoi to ninh binh motorbike rental","hanoi to ninh binh motorbike rental","location-hanoi","/location-moto-hanoi/","Location de moto à Hanoi","CLUSTER","Giao dịch + hành trình","P0","Chỉ khẳng định dịch vụ/giá/thủ tục đã xác minh.","https://keywordtool.io/","https://fr.rentbikehanoi.com/location-moto-hanoi/hanoi-to-ninh-binh-motorbike-rental/","location-moto-hanoi/hanoi-to-ninh-binh-motorbike-rental/index.html","","Rédiger en français natif à partir de l'intention du plan vietnamien « Thuê xe ở Hà Nội trước khi đi Ninh Bình: loại xe nào dễ chạy ». Utiliser les mots-clés de recherche comme signaux, sans traduction littérale ni bourrage. Répondre à une intention distincte du hub parent, garder les affirmations prudentes et suivre la politique de source.","/location-moto-hanoi/;/prix-location/;/types-motos/","VERIFIED_BUSINESS_PLUS_CAUTIOUS_GUIDANCE","false","1700","2800","PLANNED","PLANNED","0","","","",""
"FR-052","52","Thuê xe ở Hà Nội trước khi đi Hạ Long: chọn đường và chọn xe","motorbike hanoi to halong bay","motorbike hanoi to halong bay; hanoi motorbike rental halong","location-hanoi","/location-moto-hanoi/","Location de moto à Hanoi","CLUSTER","Giao dịch + hành trình","P1","Chỉ khẳng định dịch vụ/giá/thủ tục đã xác minh.","https://keywordtool.io/","https://fr.rentbikehanoi.com/location-moto-hanoi/motorbike-hanoi-to-halong-bay/","location-moto-hanoi/motorbike-hanoi-to-halong-bay/index.html","","Rédiger en français natif à partir de l'intention du plan vietnamien « Thuê xe ở Hà Nội trước khi đi Hạ Long: chọn đường và chọn xe ». Utiliser les mots-clés de recherche comme signaux, sans traduction littérale ni bourrage. Répondre à une intention distincte du hub parent, garder les affirmations prudentes et suivre la politique de source.","/location-moto-hanoi/;/prix-location/;/types-motos/","VERIFIED_BUSINESS_PLUS_CAUTIOUS_GUIDANCE","false","1500","2600","PLANNED","PLANNED","0","","","",""
"FR-053","53","Thuê xe máy hay mua xe máy cũ khi ở Hà Nội vài tháng?","rent vs buy motorbike hanoi","rent vs buy motorbike hanoi; used motorbike hanoi","location-hanoi","/location-moto-hanoi/","Location de moto à Hanoi","CLUSTER","So sánh","P1","Chỉ khẳng định dịch vụ/giá/thủ tục đã xác minh.","https://keywordtool.io/","https://fr.rentbikehanoi.com/location-moto-hanoi/rent-vs-buy-motorbike-hanoi/","location-moto-hanoi/rent-vs-buy-motorbike-hanoi/index.html","","Rédiger en français natif à partir de l'intention du plan vietnamien « Thuê xe máy hay mua xe máy cũ khi ở Hà Nội vài tháng? ». Utiliser les mots-clés de recherche comme signaux, sans traduction littérale ni bourrage. Répondre à une intention distincte du hub parent, garder les affirmations prudentes et suivre la politique de source.","/location-moto-hanoi/;/prix-location/;/types-motos/","VERIFIED_BUSINESS_PLUS_CAUTIOUS_GUIDANCE","false","1500","2600","PLANNED","PLANNED","0","","","",""
"FR-054","54","Thuê xe một chiều hay trả xe tại Hà Nội: ưu nhược điểm","one way motorbike rental hanoi","one way motorbike rental hanoi; return motorbike rental","location-hanoi","/location-moto-hanoi/","Location de moto à Hanoi","CLUSTER","So sánh","P1","Chỉ khẳng định dịch vụ/giá/thủ tục đã xác minh.","https://keywordtool.io/","https://fr.rentbikehanoi.com/location-moto-hanoi/one-way-motorbike-rental-hanoi/","location-moto-hanoi/one-way-motorbike-rental-hanoi/index.html","","Rédiger en français natif à partir de l'intention du plan vietnamien « Thuê xe một chiều hay trả xe tại Hà Nội: ưu nhược điểm ». Utiliser les mots-clés de recherche comme signaux, sans traduction littérale ni bourrage. Répondre à une intention distincte du hub parent, garder les affirmations prudentes et suivre la politique de source.","/location-moto-hanoi/;/prix-location/;/types-motos/","VERIFIED_BUSINESS_PLUS_CAUTIOUS_GUIDANCE","false","1500","2600","PLANNED","PLANNED","0","","","",""
"FR-055","55","Tự thuê xe hay mua tour xe máy từ Hà Nội?","motorbike rental hanoi vs motorbike tour hanoi","motorbike rental hanoi vs motorbike tour hanoi","location-hanoi","/location-moto-hanoi/","Location de moto à Hanoi","CLUSTER","So sánh","P1","Chỉ khẳng định dịch vụ/giá/thủ tục đã xác minh.","https://keywordtool.io/","https://fr.rentbikehanoi.com/location-moto-hanoi/motorbike-rental-hanoi-vs-motorbike-tour-hanoi/","location-moto-hanoi/motorbike-rental-hanoi-vs-motorbike-tour-hanoi/index.html","","Rédiger en français natif à partir de l'intention du plan vietnamien « Tự thuê xe hay mua tour xe máy từ Hà Nội? ». Utiliser les mots-clés de recherche comme signaux, sans traduction littérale ni bourrage. Répondre à une intention distincte du hub parent, garder les affirmations prudentes et suivre la politique de source.","/location-moto-hanoi/;/prix-location/;/types-motos/","VERIFIED_BUSINESS_PLUS_CAUTIOUS_GUIDANCE","false","1500","2600","PLANNED","PLANNED","0","","","",""
"FR-056","56","Thuê xe máy hay dùng Grab ở Hà Nội?","motorbike rental hanoi vs grab","motorbike rental hanoi vs grab; scooter rental vs taxi hanoi","location-hanoi","/location-moto-hanoi/","Location de moto à Hanoi","CLUSTER","So sánh","P1","Chỉ khẳng định dịch vụ/giá/thủ tục đã xác minh.","https://keywordtool.io/","https://fr.rentbikehanoi.com/location-moto-hanoi/motorbike-rental-hanoi-vs-grab/","location-moto-hanoi/motorbike-rental-hanoi-vs-grab/index.html","","Rédiger en français natif à partir de l'intention du plan vietnamien « Thuê xe máy hay dùng Grab ở Hà Nội? ». Utiliser les mots-clés de recherche comme signaux, sans traduction littérale ni bourrage. Répondre à une intention distincte du hub parent, garder les affirmations prudentes et suivre la politique de source.","/location-moto-hanoi/;/prix-location/;/types-motos/","VERIFIED_BUSINESS_PLUS_CAUTIOUS_GUIDANCE","false","1500","2600","PLANNED","PLANNED","0","","","",""
"FR-057","57","Thuê xe máy hay đi xe buýt ở Hà Nội?","motorbike rental vs public transport hanoi","motorbike rental vs public transport hanoi","location-hanoi","/location-moto-hanoi/","Location de moto à Hanoi","CLUSTER","So sánh","P2","Chỉ khẳng định dịch vụ/giá/thủ tục đã xác minh.","https://keywordtool.io/","https://fr.rentbikehanoi.com/location-moto-hanoi/motorbike-rental-vs-public-transport-hanoi/","location-moto-hanoi/motorbike-rental-vs-public-transport-hanoi/index.html","","Rédiger en français natif à partir de l'intention du plan vietnamien « Thuê xe máy hay đi xe buýt ở Hà Nội? ». Utiliser les mots-clés de recherche comme signaux, sans traduction littérale ni bourrage. Répondre à une intention distincte du hub parent, garder les affirmations prudentes et suivre la politique de source.","/location-moto-hanoi/;/prix-location/;/types-motos/","VERIFIED_BUSINESS_PLUS_CAUTIOUS_GUIDANCE","false","1500","2600","PLANNED","PLANNED","0","","","",""
"FR-058","58","Một gói thuê xe máy nên bao gồm những gì?","what is included motorbike rental hanoi","what is included motorbike rental hanoi; helmet rental hanoi","location-hanoi","/location-moto-hanoi/","Location de moto à Hanoi","CLUSTER","Thông tin","P0","Chỉ khẳng định dịch vụ/giá/thủ tục đã xác minh.","https://keywordtool.io/","https://fr.rentbikehanoi.com/location-moto-hanoi/what-is-included-motorbike-rental-hanoi/","location-moto-hanoi/what-is-included-motorbike-rental-hanoi/index.html","","Rédiger en français natif à partir de l'intention du plan vietnamien « Một gói thuê xe máy nên bao gồm những gì? ». Utiliser les mots-clés de recherche comme signaux, sans traduction littérale ni bourrage. Répondre à une intention distincte du hub parent, garder les affirmations prudentes et suivre la politique de source.","/location-moto-hanoi/;/prix-location/;/types-motos/","VERIFIED_BUSINESS_PLUS_CAUTIOUS_GUIDANCE","false","1700","2800","PLANNED","PLANNED","0","","","",""
"FR-059","59","Checklist kiểm tra xe trước khi thuê: phanh, lốp, đèn, còi và xích","motorbike rental inspection checklist","motorbike rental inspection checklist; scooter pre ride check","location-hanoi","/location-moto-hanoi/","Location de moto à Hanoi","CLUSTER","Thông tin","P0","Chỉ khẳng định dịch vụ/giá/thủ tục đã xác minh.","https://keywordtool.io/","https://fr.rentbikehanoi.com/location-moto-hanoi/motorbike-rental-inspection-checklist/","location-moto-hanoi/motorbike-rental-inspection-checklist/index.html","","Rédiger en français natif à partir de l'intention du plan vietnamien « Checklist kiểm tra xe trước khi thuê: phanh, lốp, đèn, còi và xích ». Utiliser les mots-clés de recherche comme signaux, sans traduction littérale ni bourrage. Répondre à une intention distincte du hub parent, garder les affirmations prudentes et suivre la politique de source.","/location-moto-hanoi/;/prix-location/;/types-motos/","VERIFIED_BUSINESS_PLUS_CAUTIOUS_GUIDANCE","false","1700","2800","PLANNED","PLANNED","0","","","",""
"FR-060","60","Câu hỏi thường gặp về thuê xe máy tại Hà Nội","hanoi motorbike rental faq","hanoi motorbike rental faq; scooter rental hanoi questions","location-hanoi","/location-moto-hanoi/","Location de moto à Hanoi","CLUSTER","Thông tin","P0","Chỉ khẳng định dịch vụ/giá/thủ tục đã xác minh.","https://keywordtool.io/","","","","Rédiger en français natif à partir de l'intention du plan vietnamien « Câu hỏi thường gặp về thuê xe máy tại Hà Nội ». Utiliser les mots-clés de recherche comme signaux, sans traduction littérale ni bourrage. Répondre à une intention distincte du hub parent, garder les affirmations prudentes et suivre la politique de source.","/location-moto-hanoi/;/prix-location/;/types-motos/","VERIFIED_BUSINESS_PLUS_CAUTIOUS_GUIDANCE","false","1700","2800","FOUNDATION_MERGE","MERGED_FOUNDATION","0","","","","/faq/"
"FR-061","61","Honda Vision khi thuê xe ở Hà Nội: phù hợp với ai?","honda vision rental hanoi","honda vision rental hanoi; honda vision hire hanoi; rent honda vision hanoi","honda","/honda/","Motos Honda","CLUSTER","Điều tra thương mại","P0","Không khẳng định xe có sẵn nếu chưa xác minh tồn kho; có thể viết dạng hướng dẫn/so sánh.","https://www.honda.com.vn/xe-may/san-pham","https://fr.rentbikehanoi.com/honda/honda-vision-rental-hanoi/","honda/honda-vision-rental-hanoi/index.html","","Rédiger en français natif à partir de l'intention du plan vietnamien « Honda Vision khi thuê xe ở Hà Nội: phù hợp với ai? ». Utiliser les mots-clés de recherche comme signaux, sans traduction littérale ni bourrage. Répondre à une intention distincte du hub parent, garder les affirmations prudentes et suivre la politique de source.","/honda/;/types-motos/;/prix-location/","NO_INVENTED_STOCK_OR_SPECS","false","1700","2800","PLANNED","PLANNED","0","","","",""
"FR-062","62","Giá thuê Honda Vision: nên so sánh theo ngày, tuần hay tháng?","honda vision rental price hanoi","honda vision rental price hanoi; honda vision rental cost; price hire honda vision","honda","/honda/","Motos Honda","CLUSTER","Điều tra thương mại","P0","Không khẳng định xe có sẵn nếu chưa xác minh tồn kho; có thể viết dạng hướng dẫn/so sánh.","https://www.honda.com.vn/xe-may/san-pham","https://fr.rentbikehanoi.com/honda/honda-vision-rental-price-hanoi/","honda/honda-vision-rental-price-hanoi/index.html","","Rédiger en français natif à partir de l'intention du plan vietnamien « Giá thuê Honda Vision: nên so sánh theo ngày, tuần hay tháng? ». Utiliser les mots-clés de recherche comme signaux, sans traduction littérale ni bourrage. Répondre à une intention distincte du hub parent, garder les affirmations prudentes et suivre la politique de source.","/honda/;/types-motos/;/prix-location/","NO_INVENTED_STOCK_OR_SPECS","false","1700","2800","PLANNED","PLANNED","0","","","",""
"FR-063","63","Honda Vision đi trong phố Hà Nội: ưu điểm, nhược điểm và mức dễ lái","honda vision hanoi city","honda vision hanoi city; honda vision for hanoi traffic","honda","/honda/","Motos Honda","CLUSTER","Thông tin","P0","Không khẳng định xe có sẵn nếu chưa xác minh tồn kho; có thể viết dạng hướng dẫn/so sánh.","https://www.honda.com.vn/xe-may/san-pham","https://fr.rentbikehanoi.com/honda/honda-vision-hanoi-city/","honda/honda-vision-hanoi-city/index.html","","Rédiger en français natif à partir de l'intention du plan vietnamien « Honda Vision đi trong phố Hà Nội: ưu điểm, nhược điểm và mức dễ lái ». Utiliser les mots-clés de recherche comme signaux, sans traduction littérale ni bourrage. Répondre à une intention distincte du hub parent, garder les affirmations prudentes et suivre la politique de source.","/honda/;/types-motos/;/prix-location/","NO_INVENTED_STOCK_OR_SPECS","false","1700","2800","PLANNED","PLANNED","0","","","",""
"FR-064","64","Honda Vision có phù hợp để đi đường dài và phượt từ Hà Nội không?","honda vision long trip vietnam","honda vision long trip vietnam; honda vision touring; honda vision road trip","honda","/honda/","Motos Honda","CLUSTER","Thông tin","P0","Không khẳng định xe có sẵn nếu chưa xác minh tồn kho; có thể viết dạng hướng dẫn/so sánh.","https://www.honda.com.vn/xe-may/san-pham","https://fr.rentbikehanoi.com/honda/honda-vision-long-trip-vietnam/","honda/honda-vision-long-trip-vietnam/index.html","","Rédiger en français natif à partir de l'intention du plan vietnamien « Honda Vision có phù hợp để đi đường dài và phượt từ Hà Nội không? ». Utiliser les mots-clés de recherche comme signaux, sans traduction littérale ni bourrage. Répondre à une intention distincte du hub parent, garder les affirmations prudentes et suivre la politique de source.","/honda/;/types-motos/;/prix-location/","NO_INVENTED_STOCK_OR_SPECS","false","1700","2800","PLANNED","PLANNED","0","","","",""
"FR-065","65","Honda Vision hay Yamaha Janus: mẫu nào hợp khách thuê xe hơn?","honda vision vs yamaha janus rental","honda vision vs yamaha janus rental; honda vision vs yamaha janus hanoi","honda","/honda/","Motos Honda","CLUSTER","So sánh","P0","Không khẳng định xe có sẵn nếu chưa xác minh tồn kho; có thể viết dạng hướng dẫn/so sánh.","https://www.honda.com.vn/xe-may/san-pham","https://fr.rentbikehanoi.com/honda/honda-vision-vs-yamaha-janus-rental/","honda/honda-vision-vs-yamaha-janus-rental/index.html","","Rédiger en français natif à partir de l'intention du plan vietnamien « Honda Vision hay Yamaha Janus: mẫu nào hợp khách thuê xe hơn? ». Utiliser les mots-clés de recherche comme signaux, sans traduction littérale ni bourrage. Répondre à une intention distincte du hub parent, garder les affirmations prudentes et suivre la politique de source.","/honda/;/types-motos/;/prix-location/","NO_INVENTED_STOCK_OR_SPECS","false","1700","2800","PLANNED","PLANNED","0","","","",""
"FR-066","66","Honda Air Blade 125 khi thuê xe ở Hà Nội: phù hợp với ai?","honda air blade 125 rental hanoi","honda air blade 125 rental hanoi; honda air blade 125 hire hanoi; rent honda air blade 125 hanoi","honda","/honda/","Motos Honda","CLUSTER","Điều tra thương mại","P0","Không khẳng định xe có sẵn nếu chưa xác minh tồn kho; có thể viết dạng hướng dẫn/so sánh.","https://www.honda.com.vn/xe-may/san-pham","https://fr.rentbikehanoi.com/honda/honda-air-blade-125-rental-hanoi/","honda/honda-air-blade-125-rental-hanoi/index.html","","Rédiger en français natif à partir de l'intention du plan vietnamien « Honda Air Blade 125 khi thuê xe ở Hà Nội: phù hợp với ai? ». Utiliser les mots-clés de recherche comme signaux, sans traduction littérale ni bourrage. Répondre à une intention distincte du hub parent, garder les affirmations prudentes et suivre la politique de source.","/honda/;/types-motos/;/prix-location/","NO_INVENTED_STOCK_OR_SPECS","false","1700","2800","PLANNED","PLANNED","0","","","",""
"FR-067","67","Giá thuê Honda Air Blade 125: nên so sánh theo ngày, tuần hay tháng?","honda air blade 125 rental price hanoi","honda air blade 125 rental price hanoi; honda air blade 125 rental cost; price hire honda air blade 125","honda","/honda/","Motos Honda","CLUSTER","Điều tra thương mại","P0","Không khẳng định xe có sẵn nếu chưa xác minh tồn kho; có thể viết dạng hướng dẫn/so sánh.","https://www.honda.com.vn/xe-may/san-pham","https://fr.rentbikehanoi.com/honda/honda-air-blade-125-rental-price-hanoi/","honda/honda-air-blade-125-rental-price-hanoi/index.html","","Rédiger en français natif à partir de l'intention du plan vietnamien « Giá thuê Honda Air Blade 125: nên so sánh theo ngày, tuần hay tháng? ». Utiliser les mots-clés de recherche comme signaux, sans traduction littérale ni bourrage. Répondre à une intention distincte du hub parent, garder les affirmations prudentes et suivre la politique de source.","/honda/;/types-motos/;/prix-location/","NO_INVENTED_STOCK_OR_SPECS","false","1700","2800","PLANNED","PLANNED","0","","","",""
"FR-068","68","Honda Air Blade 125 đi trong phố Hà Nội: ưu điểm, nhược điểm và mức dễ lái","honda air blade 125 hanoi city","honda air blade 125 hanoi city; honda air blade 125 for hanoi traffic","honda","/honda/","Motos Honda","CLUSTER","Thông tin","P0","Không khẳng định xe có sẵn nếu chưa xác minh tồn kho; có thể viết dạng hướng dẫn/so sánh.","https://www.honda.com.vn/xe-may/san-pham","https://fr.rentbikehanoi.com/honda/honda-air-blade-125-hanoi-city/","honda/honda-air-blade-125-hanoi-city/index.html","","Rédiger en français natif à partir de l'intention du plan vietnamien « Honda Air Blade 125 đi trong phố Hà Nội: ưu điểm, nhược điểm và mức dễ lái ». Utiliser les mots-clés de recherche comme signaux, sans traduction littérale ni bourrage. Répondre à une intention distincte du hub parent, garder les affirmations prudentes et suivre la politique de source.","/honda/;/types-motos/;/prix-location/","NO_INVENTED_STOCK_OR_SPECS","false","1700","2800","PLANNED","PLANNED","0","","","",""
"FR-069","69","Honda Air Blade 125 có phù hợp để đi đường dài và phượt từ Hà Nội không?","honda air blade 125 long trip vietnam","honda air blade 125 long trip vietnam; honda air blade 125 touring; honda air blade 125 road trip","honda","/honda/","Motos Honda","CLUSTER","Thông tin","P0","Không khẳng định xe có sẵn nếu chưa xác minh tồn kho; có thể viết dạng hướng dẫn/so sánh.","https://www.honda.com.vn/xe-may/san-pham","https://fr.rentbikehanoi.com/honda/honda-air-blade-125-long-trip-vietnam/","honda/honda-air-blade-125-long-trip-vietnam/index.html","","Rédiger en français natif à partir de l'intention du plan vietnamien « Honda Air Blade 125 có phù hợp để đi đường dài và phượt từ Hà Nội không? ». Utiliser les mots-clés de recherche comme signaux, sans traduction littérale ni bourrage. Répondre à une intention distincte du hub parent, garder les affirmations prudentes et suivre la politique de source.","/honda/;/types-motos/;/prix-location/","NO_INVENTED_STOCK_OR_SPECS","false","1700","2800","PLANNED","PLANNED","0","","","",""
"FR-070","70","Honda Air Blade 125 hay Yamaha NVX: mẫu nào hợp khách thuê xe hơn?","honda air blade 125 vs yamaha nvx rental","honda air blade 125 vs yamaha nvx rental; honda air blade 125 vs yamaha nvx hanoi","honda","/honda/","Motos Honda","CLUSTER","So sánh","P0","Không khẳng định xe có sẵn nếu chưa xác minh tồn kho; có thể viết dạng hướng dẫn/so sánh.","https://www.honda.com.vn/xe-may/san-pham","https://fr.rentbikehanoi.com/honda/honda-air-blade-125-vs-yamaha-nvx-rental/","honda/honda-air-blade-125-vs-yamaha-nvx-rental/index.html","","Rédiger en français natif à partir de l'intention du plan vietnamien « Honda Air Blade 125 hay Yamaha NVX: mẫu nào hợp khách thuê xe hơn? ». Utiliser les mots-clés de recherche comme signaux, sans traduction littérale ni bourrage. Répondre à une intention distincte du hub parent, garder les affirmations prudentes et suivre la politique de source.","/honda/;/types-motos/;/prix-location/","NO_INVENTED_STOCK_OR_SPECS","false","1700","2800","PLANNED","PLANNED","0","","","",""
"FR-071","71","Honda Air Blade 160 khi thuê xe ở Hà Nội: phù hợp với ai?","honda air blade 160 rental hanoi","honda air blade 160 rental hanoi; honda air blade 160 hire hanoi; rent honda air blade 160 hanoi","honda","/honda/","Motos Honda","CLUSTER","Điều tra thương mại","P0","Không khẳng định xe có sẵn nếu chưa xác minh tồn kho; có thể viết dạng hướng dẫn/so sánh.","https://www.honda.com.vn/xe-may/san-pham","https://fr.rentbikehanoi.com/honda/honda-air-blade-160-rental-hanoi/","honda/honda-air-blade-160-rental-hanoi/index.html","","Rédiger en français natif à partir de l'intention du plan vietnamien « Honda Air Blade 160 khi thuê xe ở Hà Nội: phù hợp với ai? ». Utiliser les mots-clés de recherche comme signaux, sans traduction littérale ni bourrage. Répondre à une intention distincte du hub parent, garder les affirmations prudentes et suivre la politique de source.","/honda/;/types-motos/;/prix-location/","NO_INVENTED_STOCK_OR_SPECS","false","1700","2800","PLANNED","PLANNED","0","","","",""
"FR-072","72","Giá thuê Honda Air Blade 160: nên so sánh theo ngày, tuần hay tháng?","honda air blade 160 rental price hanoi","honda air blade 160 rental price hanoi; honda air blade 160 rental cost; price hire honda air blade 160","honda","/honda/","Motos Honda","CLUSTER","Điều tra thương mại","P0","Không khẳng định xe có sẵn nếu chưa xác minh tồn kho; có thể viết dạng hướng dẫn/so sánh.","https://www.honda.com.vn/xe-may/san-pham","https://fr.rentbikehanoi.com/honda/honda-air-blade-160-rental-price-hanoi/","honda/honda-air-blade-160-rental-price-hanoi/index.html","","Rédiger en français natif à partir de l'intention du plan vietnamien « Giá thuê Honda Air Blade 160: nên so sánh theo ngày, tuần hay tháng? ». Utiliser les mots-clés de recherche comme signaux, sans traduction littérale ni bourrage. Répondre à une intention distincte du hub parent, garder les affirmations prudentes et suivre la politique de source.","/honda/;/types-motos/;/prix-location/","NO_INVENTED_STOCK_OR_SPECS","false","1700","2800","PLANNED","PLANNED","0","","","",""
"FR-073","73","Honda Air Blade 160 đi trong phố Hà Nội: ưu điểm, nhược điểm và mức dễ lái","honda air blade 160 hanoi city","honda air blade 160 hanoi city; honda air blade 160 for hanoi traffic","honda","/honda/","Motos Honda","CLUSTER","Thông tin","P0","Không khẳng định xe có sẵn nếu chưa xác minh tồn kho; có thể viết dạng hướng dẫn/so sánh.","https://www.honda.com.vn/xe-may/san-pham","https://fr.rentbikehanoi.com/honda/honda-air-blade-160-hanoi-city/","honda/honda-air-blade-160-hanoi-city/index.html","","Rédiger en français natif à partir de l'intention du plan vietnamien « Honda Air Blade 160 đi trong phố Hà Nội: ưu điểm, nhược điểm và mức dễ lái ». Utiliser les mots-clés de recherche comme signaux, sans traduction littérale ni bourrage. Répondre à une intention distincte du hub parent, garder les affirmations prudentes et suivre la politique de source.","/honda/;/types-motos/;/prix-location/","NO_INVENTED_STOCK_OR_SPECS","false","1700","2800","PLANNED","PLANNED","0","","","",""
"FR-074","74","Honda Air Blade 160 có phù hợp để đi đường dài và phượt từ Hà Nội không?","honda air blade 160 long trip vietnam","honda air blade 160 long trip vietnam; honda air blade 160 touring; honda air blade 160 road trip","honda","/honda/","Motos Honda","CLUSTER","Thông tin","P0","Không khẳng định xe có sẵn nếu chưa xác minh tồn kho; có thể viết dạng hướng dẫn/so sánh.","https://www.honda.com.vn/xe-may/san-pham","https://fr.rentbikehanoi.com/honda/honda-air-blade-160-long-trip-vietnam/","honda/honda-air-blade-160-long-trip-vietnam/index.html","","Rédiger en français natif à partir de l'intention du plan vietnamien « Honda Air Blade 160 có phù hợp để đi đường dài và phượt từ Hà Nội không? ». Utiliser les mots-clés de recherche comme signaux, sans traduction littérale ni bourrage. Répondre à une intention distincte du hub parent, garder les affirmations prudentes et suivre la politique de source.","/honda/;/types-motos/;/prix-location/","NO_INVENTED_STOCK_OR_SPECS","false","1700","2800","PLANNED","PLANNED","0","","","",""
"FR-075","75","Honda Air Blade 160 hay Yamaha NVX 155: mẫu nào hợp khách thuê xe hơn?","honda air blade 160 vs yamaha nvx 155 rental","honda air blade 160 vs yamaha nvx 155 rental; honda air blade 160 vs yamaha nvx 155 hanoi","honda","/honda/","Motos Honda","CLUSTER","So sánh","P0","Không khẳng định xe có sẵn nếu chưa xác minh tồn kho; có thể viết dạng hướng dẫn/so sánh.","https://www.honda.com.vn/xe-may/san-pham","https://fr.rentbikehanoi.com/honda/honda-air-blade-160-vs-yamaha-nvx-155-rental/","honda/honda-air-blade-160-vs-yamaha-nvx-155-rental/index.html","","Rédiger en français natif à partir de l'intention du plan vietnamien « Honda Air Blade 160 hay Yamaha NVX 155: mẫu nào hợp khách thuê xe hơn? ». Utiliser les mots-clés de recherche comme signaux, sans traduction littérale ni bourrage. Répondre à une intention distincte du hub parent, garder les affirmations prudentes et suivre la politique de source.","/honda/;/types-motos/;/prix-location/","NO_INVENTED_STOCK_OR_SPECS","false","1700","2800","PLANNED","PLANNED","0","","","",""
"FR-076","76","Honda LEAD ABS khi thuê xe ở Hà Nội: phù hợp với ai?","honda lead abs rental hanoi","honda lead abs rental hanoi; honda lead abs hire hanoi; rent honda lead abs hanoi","honda","/honda/","Motos Honda","CLUSTER","Điều tra thương mại","P1","Không khẳng định xe có sẵn nếu chưa xác minh tồn kho; có thể viết dạng hướng dẫn/so sánh.","https://www.honda.com.vn/xe-may/san-pham","https://fr.rentbikehanoi.com/honda/honda-lead-abs-rental-hanoi/","honda/honda-lead-abs-rental-hanoi/index.html","","Rédiger en français natif à partir de l'intention du plan vietnamien « Honda LEAD ABS khi thuê xe ở Hà Nội: phù hợp với ai? ». Utiliser les mots-clés de recherche comme signaux, sans traduction littérale ni bourrage. Répondre à une intention distincte du hub parent, garder les affirmations prudentes et suivre la politique de source.","/honda/;/types-motos/;/prix-location/","NO_INVENTED_STOCK_OR_SPECS","false","1500","2600","PLANNED","PLANNED","0","","","",""
"FR-077","77","Giá thuê Honda LEAD ABS: nên so sánh theo ngày, tuần hay tháng?","honda lead abs rental price hanoi","honda lead abs rental price hanoi; honda lead abs rental cost; price hire honda lead abs","honda","/honda/","Motos Honda","CLUSTER","Điều tra thương mại","P1","Không khẳng định xe có sẵn nếu chưa xác minh tồn kho; có thể viết dạng hướng dẫn/so sánh.","https://www.honda.com.vn/xe-may/san-pham","https://fr.rentbikehanoi.com/honda/honda-lead-abs-rental-price-hanoi/","honda/honda-lead-abs-rental-price-hanoi/index.html","","Rédiger en français natif à partir de l'intention du plan vietnamien « Giá thuê Honda LEAD ABS: nên so sánh theo ngày, tuần hay tháng? ». Utiliser les mots-clés de recherche comme signaux, sans traduction littérale ni bourrage. Répondre à une intention distincte du hub parent, garder les affirmations prudentes et suivre la politique de source.","/honda/;/types-motos/;/prix-location/","NO_INVENTED_STOCK_OR_SPECS","false","1500","2600","PLANNED","PLANNED","0","","","",""
"FR-078","78","Honda LEAD ABS đi trong phố Hà Nội: ưu điểm, nhược điểm và mức dễ lái","honda lead abs hanoi city","honda lead abs hanoi city; honda lead abs for hanoi traffic","honda","/honda/","Motos Honda","CLUSTER","Thông tin","P1","Không khẳng định xe có sẵn nếu chưa xác minh tồn kho; có thể viết dạng hướng dẫn/so sánh.","https://www.honda.com.vn/xe-may/san-pham","https://fr.rentbikehanoi.com/honda/honda-lead-abs-hanoi-city/","honda/honda-lead-abs-hanoi-city/index.html","","Rédiger en français natif à partir de l'intention du plan vietnamien « Honda LEAD ABS đi trong phố Hà Nội: ưu điểm, nhược điểm và mức dễ lái ». Utiliser les mots-clés de recherche comme signaux, sans traduction littérale ni bourrage. Répondre à une intention distincte du hub parent, garder les affirmations prudentes et suivre la politique de source.","/honda/;/types-motos/;/prix-location/","NO_INVENTED_STOCK_OR_SPECS","false","1500","2600","PLANNED","PLANNED","0","","","",""
"FR-079","79","Honda LEAD ABS có phù hợp để đi đường dài và phượt từ Hà Nội không?","honda lead abs long trip vietnam","honda lead abs long trip vietnam; honda lead abs touring; honda lead abs road trip","honda","/honda/","Motos Honda","CLUSTER","Thông tin","P1","Không khẳng định xe có sẵn nếu chưa xác minh tồn kho; có thể viết dạng hướng dẫn/so sánh.","https://www.honda.com.vn/xe-may/san-pham","https://fr.rentbikehanoi.com/honda/honda-lead-abs-long-trip-vietnam/","honda/honda-lead-abs-long-trip-vietnam/index.html","","Rédiger en français natif à partir de l'intention du plan vietnamien « Honda LEAD ABS có phù hợp để đi đường dài và phượt từ Hà Nội không? ». Utiliser les mots-clés de recherche comme signaux, sans traduction littérale ni bourrage. Répondre à une intention distincte du hub parent, garder les affirmations prudentes et suivre la politique de source.","/honda/;/types-motos/;/prix-location/","NO_INVENTED_STOCK_OR_SPECS","false","1500","2600","PLANNED","PLANNED","0","","","",""
"FR-080","80","Honda LEAD ABS hay Yamaha Grande: mẫu nào hợp khách thuê xe hơn?","honda lead abs vs yamaha grande rental","honda lead abs vs yamaha grande rental; honda lead abs vs yamaha grande hanoi","honda","/honda/","Motos Honda","CLUSTER","So sánh","P1","Không khẳng định xe có sẵn nếu chưa xác minh tồn kho; có thể viết dạng hướng dẫn/so sánh.","https://www.honda.com.vn/xe-may/san-pham","https://fr.rentbikehanoi.com/honda/honda-lead-abs-vs-yamaha-grande-rental/","honda/honda-lead-abs-vs-yamaha-grande-rental/index.html","","Rédiger en français natif à partir de l'intention du plan vietnamien « Honda LEAD ABS hay Yamaha Grande: mẫu nào hợp khách thuê xe hơn? ». Utiliser les mots-clés de recherche comme signaux, sans traduction littérale ni bourrage. Répondre à une intention distincte du hub parent, garder les affirmations prudentes et suivre la politique de source.","/honda/;/types-motos/;/prix-location/","NO_INVENTED_STOCK_OR_SPECS","false","1500","2600","PLANNED","PLANNED","0","","","",""
"FR-081","81","Honda SH Mode 125 khi thuê xe ở Hà Nội: phù hợp với ai?","honda sh mode 125 rental hanoi","honda sh mode 125 rental hanoi; honda sh mode 125 hire hanoi; rent honda sh mode 125 hanoi","honda","/honda/","Motos Honda","CLUSTER","Điều tra thương mại","P1","Không khẳng định xe có sẵn nếu chưa xác minh tồn kho; có thể viết dạng hướng dẫn/so sánh.","https://www.honda.com.vn/xe-may/san-pham","https://fr.rentbikehanoi.com/honda/honda-sh-mode-125-rental-hanoi/","honda/honda-sh-mode-125-rental-hanoi/index.html","","Rédiger en français natif à partir de l'intention du plan vietnamien « Honda SH Mode 125 khi thuê xe ở Hà Nội: phù hợp với ai? ». Utiliser les mots-clés de recherche comme signaux, sans traduction littérale ni bourrage. Répondre à une intention distincte du hub parent, garder les affirmations prudentes et suivre la politique de source.","/honda/;/types-motos/;/prix-location/","NO_INVENTED_STOCK_OR_SPECS","false","1500","2600","PLANNED","PLANNED","0","","","",""
"FR-082","82","Giá thuê Honda SH Mode 125: nên so sánh theo ngày, tuần hay tháng?","honda sh mode 125 rental price hanoi","honda sh mode 125 rental price hanoi; honda sh mode 125 rental cost; price hire honda sh mode 125","honda","/honda/","Motos Honda","CLUSTER","Điều tra thương mại","P1","Không khẳng định xe có sẵn nếu chưa xác minh tồn kho; có thể viết dạng hướng dẫn/so sánh.","https://www.honda.com.vn/xe-may/san-pham","https://fr.rentbikehanoi.com/honda/honda-sh-mode-125-rental-price-hanoi/","honda/honda-sh-mode-125-rental-price-hanoi/index.html","","Rédiger en français natif à partir de l'intention du plan vietnamien « Giá thuê Honda SH Mode 125: nên so sánh theo ngày, tuần hay tháng? ». Utiliser les mots-clés de recherche comme signaux, sans traduction littérale ni bourrage. Répondre à une intention distincte du hub parent, garder les affirmations prudentes et suivre la politique de source.","/honda/;/types-motos/;/prix-location/","NO_INVENTED_STOCK_OR_SPECS","false","1500","2600","PLANNED","PLANNED","0","","","",""
"FR-083","83","Honda SH Mode 125 đi trong phố Hà Nội: ưu điểm, nhược điểm và mức dễ lái","honda sh mode 125 hanoi city","honda sh mode 125 hanoi city; honda sh mode 125 for hanoi traffic","honda","/honda/","Motos Honda","CLUSTER","Thông tin","P1","Không khẳng định xe có sẵn nếu chưa xác minh tồn kho; có thể viết dạng hướng dẫn/so sánh.","https://www.honda.com.vn/xe-may/san-pham","https://fr.rentbikehanoi.com/honda/honda-sh-mode-125-hanoi-city/","honda/honda-sh-mode-125-hanoi-city/index.html","","Rédiger en français natif à partir de l'intention du plan vietnamien « Honda SH Mode 125 đi trong phố Hà Nội: ưu điểm, nhược điểm và mức dễ lái ». Utiliser les mots-clés de recherche comme signaux, sans traduction littérale ni bourrage. Répondre à une intention distincte du hub parent, garder les affirmations prudentes et suivre la politique de source.","/honda/;/types-motos/;/prix-location/","NO_INVENTED_STOCK_OR_SPECS","false","1500","2600","PLANNED","PLANNED","0","","","",""
"FR-084","84","Honda SH Mode 125 có phù hợp để đi đường dài và phượt từ Hà Nội không?","honda sh mode 125 long trip vietnam","honda sh mode 125 long trip vietnam; honda sh mode 125 touring; honda sh mode 125 road trip","honda","/honda/","Motos Honda","CLUSTER","Thông tin","P1","Không khẳng định xe có sẵn nếu chưa xác minh tồn kho; có thể viết dạng hướng dẫn/so sánh.","https://www.honda.com.vn/xe-may/san-pham","https://fr.rentbikehanoi.com/honda/honda-sh-mode-125-long-trip-vietnam/","honda/honda-sh-mode-125-long-trip-vietnam/index.html","","Rédiger en français natif à partir de l'intention du plan vietnamien « Honda SH Mode 125 có phù hợp để đi đường dài và phượt từ Hà Nội không? ». Utiliser les mots-clés de recherche comme signaux, sans traduction littérale ni bourrage. Répondre à une intention distincte du hub parent, garder les affirmations prudentes et suivre la politique de source.","/honda/;/types-motos/;/prix-location/","NO_INVENTED_STOCK_OR_SPECS","false","1500","2600","PLANNED","PLANNED","0","","","",""
"FR-085","85","Honda SH Mode 125 hay Yamaha Grande: mẫu nào hợp khách thuê xe hơn?","honda sh mode 125 vs yamaha grande rental","honda sh mode 125 vs yamaha grande rental; honda sh mode 125 vs yamaha grande hanoi","honda","/honda/","Motos Honda","CLUSTER","So sánh","P1","Không khẳng định xe có sẵn nếu chưa xác minh tồn kho; có thể viết dạng hướng dẫn/so sánh.","https://www.honda.com.vn/xe-may/san-pham","https://fr.rentbikehanoi.com/honda/honda-sh-mode-125-vs-yamaha-grande-rental/","honda/honda-sh-mode-125-vs-yamaha-grande-rental/index.html","","Rédiger en français natif à partir de l'intention du plan vietnamien « Honda SH Mode 125 hay Yamaha Grande: mẫu nào hợp khách thuê xe hơn? ». Utiliser les mots-clés de recherche comme signaux, sans traduction littérale ni bourrage. Répondre à une intention distincte du hub parent, garder les affirmations prudentes et suivre la politique de source.","/honda/;/types-motos/;/prix-location/","NO_INVENTED_STOCK_OR_SPECS","false","1500","2600","PLANNED","PLANNED","0","","","",""
"FR-086","86","Honda Vario 125 khi thuê xe ở Hà Nội: phù hợp với ai?","honda vario 125 rental hanoi","honda vario 125 rental hanoi; honda vario 125 hire hanoi; rent honda vario 125 hanoi","honda","/honda/","Motos Honda","CLUSTER","Điều tra thương mại","P1","Không khẳng định xe có sẵn nếu chưa xác minh tồn kho; có thể viết dạng hướng dẫn/so sánh.","https://www.honda.com.vn/xe-may/san-pham","https://fr.rentbikehanoi.com/honda/honda-vario-125-rental-hanoi/","honda/honda-vario-125-rental-hanoi/index.html","","Rédiger en français natif à partir de l'intention du plan vietnamien « Honda Vario 125 khi thuê xe ở Hà Nội: phù hợp với ai? ». Utiliser les mots-clés de recherche comme signaux, sans traduction littérale ni bourrage. Répondre à une intention distincte du hub parent, garder les affirmations prudentes et suivre la politique de source.","/honda/;/types-motos/;/prix-location/","NO_INVENTED_STOCK_OR_SPECS","false","1500","2600","PLANNED","PLANNED","0","","","",""
"FR-087","87","Giá thuê Honda Vario 125: nên so sánh theo ngày, tuần hay tháng?","honda vario 125 rental price hanoi","honda vario 125 rental price hanoi; honda vario 125 rental cost; price hire honda vario 125","honda","/honda/","Motos Honda","CLUSTER","Điều tra thương mại","P1","Không khẳng định xe có sẵn nếu chưa xác minh tồn kho; có thể viết dạng hướng dẫn/so sánh.","https://www.honda.com.vn/xe-may/san-pham","https://fr.rentbikehanoi.com/honda/honda-vario-125-rental-price-hanoi/","honda/honda-vario-125-rental-price-hanoi/index.html","","Rédiger en français natif à partir de l'intention du plan vietnamien « Giá thuê Honda Vario 125: nên so sánh theo ngày, tuần hay tháng? ». Utiliser les mots-clés de recherche comme signaux, sans traduction littérale ni bourrage. Répondre à une intention distincte du hub parent, garder les affirmations prudentes et suivre la politique de source.","/honda/;/types-motos/;/prix-location/","NO_INVENTED_STOCK_OR_SPECS","false","1500","2600","PLANNED","PLANNED","0","","","",""
"FR-088","88","Honda Vario 125 đi trong phố Hà Nội: ưu điểm, nhược điểm và mức dễ lái","honda vario 125 hanoi city","honda vario 125 hanoi city; honda vario 125 for hanoi traffic","honda","/honda/","Motos Honda","CLUSTER","Thông tin","P1","Không khẳng định xe có sẵn nếu chưa xác minh tồn kho; có thể viết dạng hướng dẫn/so sánh.","https://www.honda.com.vn/xe-may/san-pham","https://fr.rentbikehanoi.com/honda/honda-vario-125-hanoi-city/","honda/honda-vario-125-hanoi-city/index.html","","Rédiger en français natif à partir de l'intention du plan vietnamien « Honda Vario 125 đi trong phố Hà Nội: ưu điểm, nhược điểm và mức dễ lái ». Utiliser les mots-clés de recherche comme signaux, sans traduction littérale ni bourrage. Répondre à une intention distincte du hub parent, garder les affirmations prudentes et suivre la politique de source.","/honda/;/types-motos/;/prix-location/","NO_INVENTED_STOCK_OR_SPECS","false","1500","2600","PLANNED","PLANNED","0","","","",""
"FR-089","89","Honda Vario 125 có phù hợp để đi đường dài và phượt từ Hà Nội không?","honda vario 125 long trip vietnam","honda vario 125 long trip vietnam; honda vario 125 touring; honda vario 125 road trip","honda","/honda/","Motos Honda","CLUSTER","Thông tin","P1","Không khẳng định xe có sẵn nếu chưa xác minh tồn kho; có thể viết dạng hướng dẫn/so sánh.","https://www.honda.com.vn/xe-may/san-pham","https://fr.rentbikehanoi.com/honda/honda-vario-125-long-trip-vietnam/","honda/honda-vario-125-long-trip-vietnam/index.html","","Rédiger en français natif à partir de l'intention du plan vietnamien « Honda Vario 125 có phù hợp để đi đường dài và phượt từ Hà Nội không? ». Utiliser les mots-clés de recherche comme signaux, sans traduction littérale ni bourrage. Répondre à une intention distincte du hub parent, garder les affirmations prudentes et suivre la politique de source.","/honda/;/types-motos/;/prix-location/","NO_INVENTED_STOCK_OR_SPECS","false","1500","2600","PLANNED","PLANNED","0","","","",""
"FR-090","90","Honda Vario 125 hay Yamaha FreeGo: mẫu nào hợp khách thuê xe hơn?","honda vario 125 vs yamaha freego rental","honda vario 125 vs yamaha freego rental; honda vario 125 vs yamaha freego hanoi","honda","/honda/","Motos Honda","CLUSTER","So sánh","P1","Không khẳng định xe có sẵn nếu chưa xác minh tồn kho; có thể viết dạng hướng dẫn/so sánh.","https://www.honda.com.vn/xe-may/san-pham","https://fr.rentbikehanoi.com/honda/honda-vario-125-vs-yamaha-freego-rental/","honda/honda-vario-125-vs-yamaha-freego-rental/index.html","","Rédiger en français natif à partir de l'intention du plan vietnamien « Honda Vario 125 hay Yamaha FreeGo: mẫu nào hợp khách thuê xe hơn? ». Utiliser les mots-clés de recherche comme signaux, sans traduction littérale ni bourrage. Répondre à une intention distincte du hub parent, garder les affirmations prudentes et suivre la politique de source.","/honda/;/types-motos/;/prix-location/","NO_INVENTED_STOCK_OR_SPECS","false","1500","2600","PLANNED","PLANNED","0","","","",""
"FR-091","91","Honda Vario 160 khi thuê xe ở Hà Nội: phù hợp với ai?","honda vario 160 rental hanoi","honda vario 160 rental hanoi; honda vario 160 hire hanoi; rent honda vario 160 hanoi","honda","/honda/","Motos Honda","CLUSTER","Điều tra thương mại","P1","Không khẳng định xe có sẵn nếu chưa xác minh tồn kho; có thể viết dạng hướng dẫn/so sánh.","https://www.honda.com.vn/xe-may/san-pham","https://fr.rentbikehanoi.com/honda/honda-vario-160-rental-hanoi/","honda/honda-vario-160-rental-hanoi/index.html","","Rédiger en français natif à partir de l'intention du plan vietnamien « Honda Vario 160 khi thuê xe ở Hà Nội: phù hợp với ai? ». Utiliser les mots-clés de recherche comme signaux, sans traduction littérale ni bourrage. Répondre à une intention distincte du hub parent, garder les affirmations prudentes et suivre la politique de source.","/honda/;/types-motos/;/prix-location/","NO_INVENTED_STOCK_OR_SPECS","false","1500","2600","PLANNED","PLANNED","0","","","",""
"FR-092","92","Giá thuê Honda Vario 160: nên so sánh theo ngày, tuần hay tháng?","honda vario 160 rental price hanoi","honda vario 160 rental price hanoi; honda vario 160 rental cost; price hire honda vario 160","honda","/honda/","Motos Honda","CLUSTER","Điều tra thương mại","P1","Không khẳng định xe có sẵn nếu chưa xác minh tồn kho; có thể viết dạng hướng dẫn/so sánh.","https://www.honda.com.vn/xe-may/san-pham","https://fr.rentbikehanoi.com/honda/honda-vario-160-rental-price-hanoi/","honda/honda-vario-160-rental-price-hanoi/index.html","","Rédiger en français natif à partir de l'intention du plan vietnamien « Giá thuê Honda Vario 160: nên so sánh theo ngày, tuần hay tháng? ». Utiliser les mots-clés de recherche comme signaux, sans traduction littérale ni bourrage. Répondre à une intention distincte du hub parent, garder les affirmations prudentes et suivre la politique de source.","/honda/;/types-motos/;/prix-location/","NO_INVENTED_STOCK_OR_SPECS","false","1500","2600","PLANNED","PLANNED","0","","","",""
"FR-093","93","Honda Vario 160 đi trong phố Hà Nội: ưu điểm, nhược điểm và mức dễ lái","honda vario 160 hanoi city","honda vario 160 hanoi city; honda vario 160 for hanoi traffic","honda","/honda/","Motos Honda","CLUSTER","Thông tin","P1","Không khẳng định xe có sẵn nếu chưa xác minh tồn kho; có thể viết dạng hướng dẫn/so sánh.","https://www.honda.com.vn/xe-may/san-pham","https://fr.rentbikehanoi.com/honda/honda-vario-160-hanoi-city/","honda/honda-vario-160-hanoi-city/index.html","","Rédiger en français natif à partir de l'intention du plan vietnamien « Honda Vario 160 đi trong phố Hà Nội: ưu điểm, nhược điểm và mức dễ lái ». Utiliser les mots-clés de recherche comme signaux, sans traduction littérale ni bourrage. Répondre à une intention distincte du hub parent, garder les affirmations prudentes et suivre la politique de source.","/honda/;/types-motos/;/prix-location/","NO_INVENTED_STOCK_OR_SPECS","false","1500","2600","PLANNED","PLANNED","0","","","",""
"FR-094","94","Honda Vario 160 có phù hợp để đi đường dài và phượt từ Hà Nội không?","honda vario 160 long trip vietnam","honda vario 160 long trip vietnam; honda vario 160 touring; honda vario 160 road trip","honda","/honda/","Motos Honda","CLUSTER","Thông tin","P1","Không khẳng định xe có sẵn nếu chưa xác minh tồn kho; có thể viết dạng hướng dẫn/so sánh.","https://www.honda.com.vn/xe-may/san-pham","https://fr.rentbikehanoi.com/honda/honda-vario-160-long-trip-vietnam/","honda/honda-vario-160-long-trip-vietnam/index.html","","Rédiger en français natif à partir de l'intention du plan vietnamien « Honda Vario 160 có phù hợp để đi đường dài và phượt từ Hà Nội không? ». Utiliser les mots-clés de recherche comme signaux, sans traduction littérale ni bourrage. Répondre à une intention distincte du hub parent, garder les affirmations prudentes et suivre la politique de source.","/honda/;/types-motos/;/prix-location/","NO_INVENTED_STOCK_OR_SPECS","false","1500","2600","PLANNED","PLANNED","0","","","",""
"FR-095","95","Honda Vario 160 hay Yamaha NVX: mẫu nào hợp khách thuê xe hơn?","honda vario 160 vs yamaha nvx rental","honda vario 160 vs yamaha nvx rental; honda vario 160 vs yamaha nvx hanoi","honda","/honda/","Motos Honda","CLUSTER","So sánh","P1","Không khẳng định xe có sẵn nếu chưa xác minh tồn kho; có thể viết dạng hướng dẫn/so sánh.","https://www.honda.com.vn/xe-may/san-pham","https://fr.rentbikehanoi.com/honda/honda-vario-160-vs-yamaha-nvx-rental/","honda/honda-vario-160-vs-yamaha-nvx-rental/index.html","","Rédiger en français natif à partir de l'intention du plan vietnamien « Honda Vario 160 hay Yamaha NVX: mẫu nào hợp khách thuê xe hơn? ». Utiliser les mots-clés de recherche comme signaux, sans traduction littérale ni bourrage. Répondre à une intention distincte du hub parent, garder les affirmations prudentes et suivre la politique de source.","/honda/;/types-motos/;/prix-location/","NO_INVENTED_STOCK_OR_SPECS","false","1500","2600","PLANNED","PLANNED","0","","","",""
"FR-096","96","Honda SH125i khi thuê xe ở Hà Nội: phù hợp với ai?","honda sh125i rental hanoi","honda sh125i rental hanoi; honda sh125i hire hanoi; rent honda sh125i hanoi","honda","/honda/","Motos Honda","CLUSTER","Điều tra thương mại","P2","Không khẳng định xe có sẵn nếu chưa xác minh tồn kho; có thể viết dạng hướng dẫn/so sánh.","https://www.honda.com.vn/xe-may/san-pham","https://fr.rentbikehanoi.com/honda/honda-sh125i-rental-hanoi/","honda/honda-sh125i-rental-hanoi/index.html","","Rédiger en français natif à partir de l'intention du plan vietnamien « Honda SH125i khi thuê xe ở Hà Nội: phù hợp với ai? ». Utiliser les mots-clés de recherche comme signaux, sans traduction littérale ni bourrage. Répondre à une intention distincte du hub parent, garder les affirmations prudentes et suivre la politique de source.","/honda/;/types-motos/;/prix-location/","NO_INVENTED_STOCK_OR_SPECS","false","1500","2600","PLANNED","PLANNED","0","","","",""
"FR-097","97","Giá thuê Honda SH125i: nên so sánh theo ngày, tuần hay tháng?","honda sh125i rental price hanoi","honda sh125i rental price hanoi; honda sh125i rental cost; price hire honda sh125i","honda","/honda/","Motos Honda","CLUSTER","Điều tra thương mại","P2","Không khẳng định xe có sẵn nếu chưa xác minh tồn kho; có thể viết dạng hướng dẫn/so sánh.","https://www.honda.com.vn/xe-may/san-pham","https://fr.rentbikehanoi.com/honda/honda-sh125i-rental-price-hanoi/","honda/honda-sh125i-rental-price-hanoi/index.html","","Rédiger en français natif à partir de l'intention du plan vietnamien « Giá thuê Honda SH125i: nên so sánh theo ngày, tuần hay tháng? ». Utiliser les mots-clés de recherche comme signaux, sans traduction littérale ni bourrage. Répondre à une intention distincte du hub parent, garder les affirmations prudentes et suivre la politique de source.","/honda/;/types-motos/;/prix-location/","NO_INVENTED_STOCK_OR_SPECS","false","1500","2600","PLANNED","PLANNED","0","","","",""
"FR-098","98","Honda SH125i đi trong phố Hà Nội: ưu điểm, nhược điểm và mức dễ lái","honda sh125i hanoi city","honda sh125i hanoi city; honda sh125i for hanoi traffic","honda","/honda/","Motos Honda","CLUSTER","Thông tin","P2","Không khẳng định xe có sẵn nếu chưa xác minh tồn kho; có thể viết dạng hướng dẫn/so sánh.","https://www.honda.com.vn/xe-may/san-pham","https://fr.rentbikehanoi.com/honda/honda-sh125i-hanoi-city/","honda/honda-sh125i-hanoi-city/index.html","","Rédiger en français natif à partir de l'intention du plan vietnamien « Honda SH125i đi trong phố Hà Nội: ưu điểm, nhược điểm và mức dễ lái ». Utiliser les mots-clés de recherche comme signaux, sans traduction littérale ni bourrage. Répondre à une intention distincte du hub parent, garder les affirmations prudentes et suivre la politique de source.","/honda/;/types-motos/;/prix-location/","NO_INVENTED_STOCK_OR_SPECS","false","1500","2600","PLANNED","PLANNED","0","","","",""
"FR-099","99","Honda SH125i có phù hợp để đi đường dài và phượt từ Hà Nội không?","honda sh125i long trip vietnam","honda sh125i long trip vietnam; honda sh125i touring; honda sh125i road trip","honda","/honda/","Motos Honda","CLUSTER","Thông tin","P2","Không khẳng định xe có sẵn nếu chưa xác minh tồn kho; có thể viết dạng hướng dẫn/so sánh.","https://www.honda.com.vn/xe-may/san-pham","https://fr.rentbikehanoi.com/honda/honda-sh125i-long-trip-vietnam/","honda/honda-sh125i-long-trip-vietnam/index.html","","Rédiger en français natif à partir de l'intention du plan vietnamien « Honda SH125i có phù hợp để đi đường dài và phượt từ Hà Nội không? ». Utiliser les mots-clés de recherche comme signaux, sans traduction littérale ni bourrage. Répondre à une intention distincte du hub parent, garder les affirmations prudentes et suivre la politique de source.","/honda/;/types-motos/;/prix-location/","NO_INVENTED_STOCK_OR_SPECS","false","1500","2600","PLANNED","PLANNED","0","","","",""
"FR-100","100","Honda SH125i hay Yamaha NMAX: mẫu nào hợp khách thuê xe hơn?","honda sh125i vs yamaha nmax rental","honda sh125i vs yamaha nmax rental; honda sh125i vs yamaha nmax hanoi","honda","/honda/","Motos Honda","CLUSTER","So sánh","P2","Không khẳng định xe có sẵn nếu chưa xác minh tồn kho; có thể viết dạng hướng dẫn/so sánh.","https://www.honda.com.vn/xe-may/san-pham","https://fr.rentbikehanoi.com/honda/honda-sh125i-vs-yamaha-nmax-rental/","honda/honda-sh125i-vs-yamaha-nmax-rental/index.html","","Rédiger en français natif à partir de l'intention du plan vietnamien « Honda SH125i hay Yamaha NMAX: mẫu nào hợp khách thuê xe hơn? ». Utiliser les mots-clés de recherche comme signaux, sans traduction littérale ni bourrage. Répondre à une intention distincte du hub parent, garder les affirmations prudentes et suivre la politique de source.","/honda/;/types-motos/;/prix-location/","NO_INVENTED_STOCK_OR_SPECS","false","1500","2600","PLANNED","PLANNED","0","","","",""
"FR-101","101","Honda Wave Alpha 110 khi thuê xe ở Hà Nội: phù hợp với ai?","honda wave alpha 110 rental hanoi","honda wave alpha 110 rental hanoi; honda wave alpha 110 hire hanoi; rent honda wave alpha 110 hanoi","honda","/honda/","Motos Honda","CLUSTER","Điều tra thương mại","P0","Không khẳng định xe có sẵn nếu chưa xác minh tồn kho; có thể viết dạng hướng dẫn/so sánh.","https://www.honda.com.vn/xe-may/san-pham","https://fr.rentbikehanoi.com/honda/honda-wave-alpha-110-rental-hanoi/","honda/honda-wave-alpha-110-rental-hanoi/index.html","","Rédiger en français natif à partir de l'intention du plan vietnamien « Honda Wave Alpha 110 khi thuê xe ở Hà Nội: phù hợp với ai? ». Utiliser les mots-clés de recherche comme signaux, sans traduction littérale ni bourrage. Répondre à une intention distincte du hub parent, garder les affirmations prudentes et suivre la politique de source.","/honda/;/types-motos/;/prix-location/","NO_INVENTED_STOCK_OR_SPECS","false","1700","2800","PLANNED","PLANNED","0","","","",""
"FR-102","102","Giá thuê Honda Wave Alpha 110: nên so sánh theo ngày, tuần hay tháng?","honda wave alpha 110 rental price hanoi","honda wave alpha 110 rental price hanoi; honda wave alpha 110 rental cost; price hire honda wave alpha 110","honda","/honda/","Motos Honda","CLUSTER","Điều tra thương mại","P0","Không khẳng định xe có sẵn nếu chưa xác minh tồn kho; có thể viết dạng hướng dẫn/so sánh.","https://www.honda.com.vn/xe-may/san-pham","https://fr.rentbikehanoi.com/honda/honda-wave-alpha-110-rental-price-hanoi/","honda/honda-wave-alpha-110-rental-price-hanoi/index.html","","Rédiger en français natif à partir de l'intention du plan vietnamien « Giá thuê Honda Wave Alpha 110: nên so sánh theo ngày, tuần hay tháng? ». Utiliser les mots-clés de recherche comme signaux, sans traduction littérale ni bourrage. Répondre à une intention distincte du hub parent, garder les affirmations prudentes et suivre la politique de source.","/honda/;/types-motos/;/prix-location/","NO_INVENTED_STOCK_OR_SPECS","false","1700","2800","PLANNED","PLANNED","0","","","",""
"FR-103","103","Honda Wave Alpha 110 đi trong phố Hà Nội: ưu điểm, nhược điểm và mức dễ lái","honda wave alpha 110 hanoi city","honda wave alpha 110 hanoi city; honda wave alpha 110 for hanoi traffic","honda","/honda/","Motos Honda","CLUSTER","Thông tin","P0","Không khẳng định xe có sẵn nếu chưa xác minh tồn kho; có thể viết dạng hướng dẫn/so sánh.","https://www.honda.com.vn/xe-may/san-pham","https://fr.rentbikehanoi.com/honda/honda-wave-alpha-110-hanoi-city/","honda/honda-wave-alpha-110-hanoi-city/index.html","","Rédiger en français natif à partir de l'intention du plan vietnamien « Honda Wave Alpha 110 đi trong phố Hà Nội: ưu điểm, nhược điểm và mức dễ lái ». Utiliser les mots-clés de recherche comme signaux, sans traduction littérale ni bourrage. Répondre à une intention distincte du hub parent, garder les affirmations prudentes et suivre la politique de source.","/honda/;/types-motos/;/prix-location/","NO_INVENTED_STOCK_OR_SPECS","false","1700","2800","PLANNED","PLANNED","0","","","",""
"FR-104","104","Honda Wave Alpha 110 có phù hợp để đi đường dài và phượt từ Hà Nội không?","honda wave alpha 110 long trip vietnam","honda wave alpha 110 long trip vietnam; honda wave alpha 110 touring; honda wave alpha 110 road trip","honda","/honda/","Motos Honda","CLUSTER","Thông tin","P0","Không khẳng định xe có sẵn nếu chưa xác minh tồn kho; có thể viết dạng hướng dẫn/so sánh.","https://www.honda.com.vn/xe-may/san-pham","https://fr.rentbikehanoi.com/honda/honda-wave-alpha-110-long-trip-vietnam/","honda/honda-wave-alpha-110-long-trip-vietnam/index.html","","Rédiger en français natif à partir de l'intention du plan vietnamien « Honda Wave Alpha 110 có phù hợp để đi đường dài và phượt từ Hà Nội không? ». Utiliser les mots-clés de recherche comme signaux, sans traduction littérale ni bourrage. Répondre à une intention distincte du hub parent, garder les affirmations prudentes et suivre la politique de source.","/honda/;/types-motos/;/prix-location/","NO_INVENTED_STOCK_OR_SPECS","false","1700","2800","PLANNED","PLANNED","0","","","",""
"FR-105","105","Honda Wave Alpha 110 hay Yamaha Sirius: mẫu nào hợp khách thuê xe hơn?","honda wave alpha 110 vs yamaha sirius rental","honda wave alpha 110 vs yamaha sirius rental; honda wave alpha 110 vs yamaha sirius hanoi","honda","/honda/","Motos Honda","CLUSTER","So sánh","P0","Không khẳng định xe có sẵn nếu chưa xác minh tồn kho; có thể viết dạng hướng dẫn/so sánh.","https://www.honda.com.vn/xe-may/san-pham","https://fr.rentbikehanoi.com/honda/honda-wave-alpha-110-vs-yamaha-sirius-rental/","honda/honda-wave-alpha-110-vs-yamaha-sirius-rental/index.html","","Rédiger en français natif à partir de l'intention du plan vietnamien « Honda Wave Alpha 110 hay Yamaha Sirius: mẫu nào hợp khách thuê xe hơn? ». Utiliser les mots-clés de recherche comme signaux, sans traduction littérale ni bourrage. Répondre à une intention distincte du hub parent, garder les affirmations prudentes et suivre la politique de source.","/honda/;/types-motos/;/prix-location/","NO_INVENTED_STOCK_OR_SPECS","false","1700","2800","PLANNED","PLANNED","0","","","",""
"FR-106","106","Honda Wave RSX khi thuê xe ở Hà Nội: phù hợp với ai?","honda wave rsx rental hanoi","honda wave rsx rental hanoi; honda wave rsx hire hanoi; rent honda wave rsx hanoi","honda","/honda/","Motos Honda","CLUSTER","Điều tra thương mại","P2","Không khẳng định xe có sẵn nếu chưa xác minh tồn kho; có thể viết dạng hướng dẫn/so sánh.","https://www.honda.com.vn/xe-may/san-pham","https://fr.rentbikehanoi.com/honda/honda-wave-rsx-rental-hanoi/","honda/honda-wave-rsx-rental-hanoi/index.html","","Rédiger en français natif à partir de l'intention du plan vietnamien « Honda Wave RSX khi thuê xe ở Hà Nội: phù hợp với ai? ». Utiliser les mots-clés de recherche comme signaux, sans traduction littérale ni bourrage. Répondre à une intention distincte du hub parent, garder les affirmations prudentes et suivre la politique de source.","/honda/;/types-motos/;/prix-location/","NO_INVENTED_STOCK_OR_SPECS","false","1500","2600","PLANNED","PLANNED","0","","","",""
"FR-107","107","Giá thuê Honda Wave RSX: nên so sánh theo ngày, tuần hay tháng?","honda wave rsx rental price hanoi","honda wave rsx rental price hanoi; honda wave rsx rental cost; price hire honda wave rsx","honda","/honda/","Motos Honda","CLUSTER","Điều tra thương mại","P2","Không khẳng định xe có sẵn nếu chưa xác minh tồn kho; có thể viết dạng hướng dẫn/so sánh.","https://www.honda.com.vn/xe-may/san-pham","https://fr.rentbikehanoi.com/honda/honda-wave-rsx-rental-price-hanoi/","honda/honda-wave-rsx-rental-price-hanoi/index.html","","Rédiger en français natif à partir de l'intention du plan vietnamien « Giá thuê Honda Wave RSX: nên so sánh theo ngày, tuần hay tháng? ». Utiliser les mots-clés de recherche comme signaux, sans traduction littérale ni bourrage. Répondre à une intention distincte du hub parent, garder les affirmations prudentes et suivre la politique de source.","/honda/;/types-motos/;/prix-location/","NO_INVENTED_STOCK_OR_SPECS","false","1500","2600","PLANNED","PLANNED","0","","","",""
"FR-108","108","Honda Wave RSX đi trong phố Hà Nội: ưu điểm, nhược điểm và mức dễ lái","honda wave rsx hanoi city","honda wave rsx hanoi city; honda wave rsx for hanoi traffic","honda","/honda/","Motos Honda","CLUSTER","Thông tin","P2","Không khẳng định xe có sẵn nếu chưa xác minh tồn kho; có thể viết dạng hướng dẫn/so sánh.","https://www.honda.com.vn/xe-may/san-pham","https://fr.rentbikehanoi.com/honda/honda-wave-rsx-hanoi-city/","honda/honda-wave-rsx-hanoi-city/index.html","","Rédiger en français natif à partir de l'intention du plan vietnamien « Honda Wave RSX đi trong phố Hà Nội: ưu điểm, nhược điểm và mức dễ lái ». Utiliser les mots-clés de recherche comme signaux, sans traduction littérale ni bourrage. Répondre à une intention distincte du hub parent, garder les affirmations prudentes et suivre la politique de source.","/honda/;/types-motos/;/prix-location/","NO_INVENTED_STOCK_OR_SPECS","false","1500","2600","PLANNED","PLANNED","0","","","",""
"FR-109","109","Honda Wave RSX có phù hợp để đi đường dài và phượt từ Hà Nội không?","honda wave rsx long trip vietnam","honda wave rsx long trip vietnam; honda wave rsx touring; honda wave rsx road trip","honda","/honda/","Motos Honda","CLUSTER","Thông tin","P2","Không khẳng định xe có sẵn nếu chưa xác minh tồn kho; có thể viết dạng hướng dẫn/so sánh.","https://www.honda.com.vn/xe-may/san-pham","https://fr.rentbikehanoi.com/honda/honda-wave-rsx-long-trip-vietnam/","honda/honda-wave-rsx-long-trip-vietnam/index.html","","Rédiger en français natif à partir de l'intention du plan vietnamien « Honda Wave RSX có phù hợp để đi đường dài và phượt từ Hà Nội không? ». Utiliser les mots-clés de recherche comme signaux, sans traduction littérale ni bourrage. Répondre à une intention distincte du hub parent, garder les affirmations prudentes et suivre la politique de source.","/honda/;/types-motos/;/prix-location/","NO_INVENTED_STOCK_OR_SPECS","false","1500","2600","PLANNED","PLANNED","0","","","",""
"FR-110","110","Honda Wave RSX hay Yamaha Sirius FI: mẫu nào hợp khách thuê xe hơn?","honda wave rsx vs yamaha sirius fi rental","honda wave rsx vs yamaha sirius fi rental; honda wave rsx vs yamaha sirius fi hanoi","honda","/honda/","Motos Honda","CLUSTER","So sánh","P2","Không khẳng định xe có sẵn nếu chưa xác minh tồn kho; có thể viết dạng hướng dẫn/so sánh.","https://www.honda.com.vn/xe-may/san-pham","https://fr.rentbikehanoi.com/honda/honda-wave-rsx-vs-yamaha-sirius-fi-rental/","honda/honda-wave-rsx-vs-yamaha-sirius-fi-rental/index.html","","Rédiger en français natif à partir de l'intention du plan vietnamien « Honda Wave RSX hay Yamaha Sirius FI: mẫu nào hợp khách thuê xe hơn? ». Utiliser les mots-clés de recherche comme signaux, sans traduction littérale ni bourrage. Répondre à une intention distincte du hub parent, garder les affirmations prudentes et suivre la politique de source.","/honda/;/types-motos/;/prix-location/","NO_INVENTED_STOCK_OR_SPECS","false","1500","2600","PLANNED","PLANNED","0","","","",""
"FR-111","111","Honda Future 125 FI khi thuê xe ở Hà Nội: phù hợp với ai?","honda future 125 fi rental hanoi","honda future 125 fi rental hanoi; honda future 125 fi hire hanoi; rent honda future 125 fi hanoi","honda","/honda/","Motos Honda","CLUSTER","Điều tra thương mại","P1","Không khẳng định xe có sẵn nếu chưa xác minh tồn kho; có thể viết dạng hướng dẫn/so sánh.","https://www.honda.com.vn/xe-may/san-pham","https://fr.rentbikehanoi.com/honda/honda-future-125-fi-rental-hanoi/","honda/honda-future-125-fi-rental-hanoi/index.html","","Rédiger en français natif à partir de l'intention du plan vietnamien « Honda Future 125 FI khi thuê xe ở Hà Nội: phù hợp với ai? ». Utiliser les mots-clés de recherche comme signaux, sans traduction littérale ni bourrage. Répondre à une intention distincte du hub parent, garder les affirmations prudentes et suivre la politique de source.","/honda/;/types-motos/;/prix-location/","NO_INVENTED_STOCK_OR_SPECS","false","1500","2600","PLANNED","PLANNED","0","","","",""
"FR-112","112","Giá thuê Honda Future 125 FI: nên so sánh theo ngày, tuần hay tháng?","honda future 125 fi rental price hanoi","honda future 125 fi rental price hanoi; honda future 125 fi rental cost; price hire honda future 125 fi","honda","/honda/","Motos Honda","CLUSTER","Điều tra thương mại","P1","Không khẳng định xe có sẵn nếu chưa xác minh tồn kho; có thể viết dạng hướng dẫn/so sánh.","https://www.honda.com.vn/xe-may/san-pham","https://fr.rentbikehanoi.com/honda/honda-future-125-fi-rental-price-hanoi/","honda/honda-future-125-fi-rental-price-hanoi/index.html","","Rédiger en français natif à partir de l'intention du plan vietnamien « Giá thuê Honda Future 125 FI: nên so sánh theo ngày, tuần hay tháng? ». Utiliser les mots-clés de recherche comme signaux, sans traduction littérale ni bourrage. Répondre à une intention distincte du hub parent, garder les affirmations prudentes et suivre la politique de source.","/honda/;/types-motos/;/prix-location/","NO_INVENTED_STOCK_OR_SPECS","false","1500","2600","PLANNED","PLANNED","0","","","",""
"FR-113","113","Honda Future 125 FI đi trong phố Hà Nội: ưu điểm, nhược điểm và mức dễ lái","honda future 125 fi hanoi city","honda future 125 fi hanoi city; honda future 125 fi for hanoi traffic","honda","/honda/","Motos Honda","CLUSTER","Thông tin","P1","Không khẳng định xe có sẵn nếu chưa xác minh tồn kho; có thể viết dạng hướng dẫn/so sánh.","https://www.honda.com.vn/xe-may/san-pham","https://fr.rentbikehanoi.com/honda/honda-future-125-fi-hanoi-city/","honda/honda-future-125-fi-hanoi-city/index.html","","Rédiger en français natif à partir de l'intention du plan vietnamien « Honda Future 125 FI đi trong phố Hà Nội: ưu điểm, nhược điểm và mức dễ lái ». Utiliser les mots-clés de recherche comme signaux, sans traduction littérale ni bourrage. Répondre à une intention distincte du hub parent, garder les affirmations prudentes et suivre la politique de source.","/honda/;/types-motos/;/prix-location/","NO_INVENTED_STOCK_OR_SPECS","false","1500","2600","PLANNED","PLANNED","0","","","",""
"FR-114","114","Honda Future 125 FI có phù hợp để đi đường dài và phượt từ Hà Nội không?","honda future 125 fi long trip vietnam","honda future 125 fi long trip vietnam; honda future 125 fi touring; honda future 125 fi road trip","honda","/honda/","Motos Honda","CLUSTER","Thông tin","P1","Không khẳng định xe có sẵn nếu chưa xác minh tồn kho; có thể viết dạng hướng dẫn/so sánh.","https://www.honda.com.vn/xe-may/san-pham","https://fr.rentbikehanoi.com/honda/honda-future-125-fi-long-trip-vietnam/","honda/honda-future-125-fi-long-trip-vietnam/index.html","","Rédiger en français natif à partir de l'intention du plan vietnamien « Honda Future 125 FI có phù hợp để đi đường dài và phượt từ Hà Nội không? ». Utiliser les mots-clés de recherche comme signaux, sans traduction littérale ni bourrage. Répondre à une intention distincte du hub parent, garder les affirmations prudentes et suivre la politique de source.","/honda/;/types-motos/;/prix-location/","NO_INVENTED_STOCK_OR_SPECS","false","1500","2600","PLANNED","PLANNED","0","","","",""
"FR-115","115","Honda Future 125 FI hay Yamaha Jupiter Finn: mẫu nào hợp khách thuê xe hơn?","honda future 125 fi vs yamaha jupiter finn rental","honda future 125 fi vs yamaha jupiter finn rental; honda future 125 fi vs yamaha jupiter finn hanoi","honda","/honda/","Motos Honda","CLUSTER","So sánh","P1","Không khẳng định xe có sẵn nếu chưa xác minh tồn kho; có thể viết dạng hướng dẫn/so sánh.","https://www.honda.com.vn/xe-may/san-pham","https://fr.rentbikehanoi.com/honda/honda-future-125-fi-vs-yamaha-jupiter-finn-rental/","honda/honda-future-125-fi-vs-yamaha-jupiter-finn-rental/index.html","","Rédiger en français natif à partir de l'intention du plan vietnamien « Honda Future 125 FI hay Yamaha Jupiter Finn: mẫu nào hợp khách thuê xe hơn? ». Utiliser les mots-clés de recherche comme signaux, sans traduction littérale ni bourrage. Répondre à une intention distincte du hub parent, garder les affirmations prudentes et suivre la politique de source.","/honda/;/types-motos/;/prix-location/","NO_INVENTED_STOCK_OR_SPECS","false","1500","2600","PLANNED","PLANNED","0","","","",""
"FR-116","116","Honda Super Cub C125 khi thuê xe ở Hà Nội: phù hợp với ai?","honda super cub c125 rental hanoi","honda super cub c125 rental hanoi; honda super cub c125 hire hanoi; rent honda super cub c125 hanoi","honda","/honda/","Motos Honda","CLUSTER","Điều tra thương mại","P2","Không khẳng định xe có sẵn nếu chưa xác minh tồn kho; có thể viết dạng hướng dẫn/so sánh.","https://www.honda.com.vn/xe-may/san-pham","https://fr.rentbikehanoi.com/honda/honda-super-cub-c125-rental-hanoi/","honda/honda-super-cub-c125-rental-hanoi/index.html","","Rédiger en français natif à partir de l'intention du plan vietnamien « Honda Super Cub C125 khi thuê xe ở Hà Nội: phù hợp với ai? ». Utiliser les mots-clés de recherche comme signaux, sans traduction littérale ni bourrage. Répondre à une intention distincte du hub parent, garder les affirmations prudentes et suivre la politique de source.","/honda/;/types-motos/;/prix-location/","NO_INVENTED_STOCK_OR_SPECS","false","1500","2600","PLANNED","PLANNED","0","","","",""
"FR-117","117","Giá thuê Honda Super Cub C125: nên so sánh theo ngày, tuần hay tháng?","honda super cub c125 rental price hanoi","honda super cub c125 rental price hanoi; honda super cub c125 rental cost; price hire honda super cub c125","honda","/honda/","Motos Honda","CLUSTER","Điều tra thương mại","P2","Không khẳng định xe có sẵn nếu chưa xác minh tồn kho; có thể viết dạng hướng dẫn/so sánh.","https://www.honda.com.vn/xe-may/san-pham","https://fr.rentbikehanoi.com/honda/honda-super-cub-c125-rental-price-hanoi/","honda/honda-super-cub-c125-rental-price-hanoi/index.html","","Rédiger en français natif à partir de l'intention du plan vietnamien « Giá thuê Honda Super Cub C125: nên so sánh theo ngày, tuần hay tháng? ». Utiliser les mots-clés de recherche comme signaux, sans traduction littérale ni bourrage. Répondre à une intention distincte du hub parent, garder les affirmations prudentes et suivre la politique de source.","/honda/;/types-motos/;/prix-location/","NO_INVENTED_STOCK_OR_SPECS","false","1500","2600","PLANNED","PLANNED","0","","","",""
"FR-118","118","Honda Super Cub C125 đi trong phố Hà Nội: ưu điểm, nhược điểm và mức dễ lái","honda super cub c125 hanoi city","honda super cub c125 hanoi city; honda super cub c125 for hanoi traffic","honda","/honda/","Motos Honda","CLUSTER","Thông tin","P2","Không khẳng định xe có sẵn nếu chưa xác minh tồn kho; có thể viết dạng hướng dẫn/so sánh.","https://www.honda.com.vn/xe-may/san-pham","https://fr.rentbikehanoi.com/honda/honda-super-cub-c125-hanoi-city/","honda/honda-super-cub-c125-hanoi-city/index.html","","Rédiger en français natif à partir de l'intention du plan vietnamien « Honda Super Cub C125 đi trong phố Hà Nội: ưu điểm, nhược điểm và mức dễ lái ». Utiliser les mots-clés de recherche comme signaux, sans traduction littérale ni bourrage. Répondre à une intention distincte du hub parent, garder les affirmations prudentes et suivre la politique de source.","/honda/;/types-motos/;/prix-location/","NO_INVENTED_STOCK_OR_SPECS","false","1500","2600","PLANNED","PLANNED","0","","","",""
"FR-119","119","Honda Super Cub C125 có phù hợp để đi đường dài và phượt từ Hà Nội không?","honda super cub c125 long trip vietnam","honda super cub c125 long trip vietnam; honda super cub c125 touring; honda super cub c125 road trip","honda","/honda/","Motos Honda","CLUSTER","Thông tin","P2","Không khẳng định xe có sẵn nếu chưa xác minh tồn kho; có thể viết dạng hướng dẫn/so sánh.","https://www.honda.com.vn/xe-may/san-pham","https://fr.rentbikehanoi.com/honda/honda-super-cub-c125-long-trip-vietnam/","honda/honda-super-cub-c125-long-trip-vietnam/index.html","","Rédiger en français natif à partir de l'intention du plan vietnamien « Honda Super Cub C125 có phù hợp để đi đường dài và phượt từ Hà Nội không? ». Utiliser les mots-clés de recherche comme signaux, sans traduction littérale ni bourrage. Répondre à une intention distincte du hub parent, garder les affirmations prudentes et suivre la politique de source.","/honda/;/types-motos/;/prix-location/","NO_INVENTED_STOCK_OR_SPECS","false","1500","2600","PLANNED","PLANNED","0","","","",""
"FR-120","120","Honda Super Cub C125 hay Yamaha PG-1: mẫu nào hợp khách thuê xe hơn?","honda super cub c125 vs yamaha pg-1 rental","honda super cub c125 vs yamaha pg-1 rental; honda super cub c125 vs yamaha pg-1 hanoi","honda","/honda/","Motos Honda","CLUSTER","So sánh","P2","Không khẳng định xe có sẵn nếu chưa xác minh tồn kho; có thể viết dạng hướng dẫn/so sánh.","https://www.honda.com.vn/xe-may/san-pham","https://fr.rentbikehanoi.com/honda/honda-super-cub-c125-vs-yamaha-pg-1-rental/","honda/honda-super-cub-c125-vs-yamaha-pg-1-rental/index.html","","Rédiger en français natif à partir de l'intention du plan vietnamien « Honda Super Cub C125 hay Yamaha PG-1: mẫu nào hợp khách thuê xe hơn? ». Utiliser les mots-clés de recherche comme signaux, sans traduction littérale ni bourrage. Répondre à une intention distincte du hub parent, garder les affirmations prudentes et suivre la politique de source.","/honda/;/types-motos/;/prix-location/","NO_INVENTED_STOCK_OR_SPECS","false","1500","2600","PLANNED","PLANNED","0","","","",""
"FR-121","121","Honda CT125 khi thuê xe ở Hà Nội: phù hợp với ai?","honda ct125 rental hanoi","honda ct125 rental hanoi; honda ct125 hire hanoi; rent honda ct125 hanoi","honda","/honda/","Motos Honda","CLUSTER","Điều tra thương mại","P1","Không khẳng định xe có sẵn nếu chưa xác minh tồn kho; có thể viết dạng hướng dẫn/so sánh.","https://www.honda.com.vn/xe-may/san-pham","https://fr.rentbikehanoi.com/honda/honda-ct125-rental-hanoi/","honda/honda-ct125-rental-hanoi/index.html","","Rédiger en français natif à partir de l'intention du plan vietnamien « Honda CT125 khi thuê xe ở Hà Nội: phù hợp với ai? ». Utiliser les mots-clés de recherche comme signaux, sans traduction littérale ni bourrage. Répondre à une intention distincte du hub parent, garder les affirmations prudentes et suivre la politique de source.","/honda/;/types-motos/;/prix-location/","NO_INVENTED_STOCK_OR_SPECS","false","1500","2600","PLANNED","PLANNED","0","","","",""
"FR-122","122","Giá thuê Honda CT125: nên so sánh theo ngày, tuần hay tháng?","honda ct125 rental price hanoi","honda ct125 rental price hanoi; honda ct125 rental cost; price hire honda ct125","honda","/honda/","Motos Honda","CLUSTER","Điều tra thương mại","P1","Không khẳng định xe có sẵn nếu chưa xác minh tồn kho; có thể viết dạng hướng dẫn/so sánh.","https://www.honda.com.vn/xe-may/san-pham","https://fr.rentbikehanoi.com/honda/honda-ct125-rental-price-hanoi/","honda/honda-ct125-rental-price-hanoi/index.html","","Rédiger en français natif à partir de l'intention du plan vietnamien « Giá thuê Honda CT125: nên so sánh theo ngày, tuần hay tháng? ». Utiliser les mots-clés de recherche comme signaux, sans traduction littérale ni bourrage. Répondre à une intention distincte du hub parent, garder les affirmations prudentes et suivre la politique de source.","/honda/;/types-motos/;/prix-location/","NO_INVENTED_STOCK_OR_SPECS","false","1500","2600","PLANNED","PLANNED","0","","","",""
"FR-123","123","Honda CT125 đi trong phố Hà Nội: ưu điểm, nhược điểm và mức dễ lái","honda ct125 hanoi city","honda ct125 hanoi city; honda ct125 for hanoi traffic","honda","/honda/","Motos Honda","CLUSTER","Thông tin","P1","Không khẳng định xe có sẵn nếu chưa xác minh tồn kho; có thể viết dạng hướng dẫn/so sánh.","https://www.honda.com.vn/xe-may/san-pham","https://fr.rentbikehanoi.com/honda/honda-ct125-hanoi-city/","honda/honda-ct125-hanoi-city/index.html","","Rédiger en français natif à partir de l'intention du plan vietnamien « Honda CT125 đi trong phố Hà Nội: ưu điểm, nhược điểm và mức dễ lái ». Utiliser les mots-clés de recherche comme signaux, sans traduction littérale ni bourrage. Répondre à une intention distincte du hub parent, garder les affirmations prudentes et suivre la politique de source.","/honda/;/types-motos/;/prix-location/","NO_INVENTED_STOCK_OR_SPECS","false","1500","2600","PLANNED","PLANNED","0","","","",""
"FR-124","124","Honda CT125 có phù hợp để đi đường dài và phượt từ Hà Nội không?","honda ct125 long trip vietnam","honda ct125 long trip vietnam; honda ct125 touring; honda ct125 road trip","honda","/honda/","Motos Honda","CLUSTER","Thông tin","P1","Không khẳng định xe có sẵn nếu chưa xác minh tồn kho; có thể viết dạng hướng dẫn/so sánh.","https://www.honda.com.vn/xe-may/san-pham","https://fr.rentbikehanoi.com/honda/honda-ct125-long-trip-vietnam/","honda/honda-ct125-long-trip-vietnam/index.html","","Rédiger en français natif à partir de l'intention du plan vietnamien « Honda CT125 có phù hợp để đi đường dài và phượt từ Hà Nội không? ». Utiliser les mots-clés de recherche comme signaux, sans traduction littérale ni bourrage. Répondre à une intention distincte du hub parent, garder les affirmations prudentes et suivre la politique de source.","/honda/;/types-motos/;/prix-location/","NO_INVENTED_STOCK_OR_SPECS","false","1500","2600","PLANNED","PLANNED","0","","","",""
"FR-125","125","Honda CT125 hay Yamaha WR155R: mẫu nào hợp khách thuê xe hơn?","honda ct125 vs yamaha wr155r rental","honda ct125 vs yamaha wr155r rental; honda ct125 vs yamaha wr155r hanoi","honda","/honda/","Motos Honda","CLUSTER","So sánh","P1","Không khẳng định xe có sẵn nếu chưa xác minh tồn kho; có thể viết dạng hướng dẫn/so sánh.","https://www.honda.com.vn/xe-may/san-pham","https://fr.rentbikehanoi.com/honda/honda-ct125-vs-yamaha-wr155r-rental/","honda/honda-ct125-vs-yamaha-wr155r-rental/index.html","","Rédiger en français natif à partir de l'intention du plan vietnamien « Honda CT125 hay Yamaha WR155R: mẫu nào hợp khách thuê xe hơn? ». Utiliser les mots-clés de recherche comme signaux, sans traduction littérale ni bourrage. Répondre à une intention distincte du hub parent, garder les affirmations prudentes et suivre la politique de source.","/honda/;/types-motos/;/prix-location/","NO_INVENTED_STOCK_OR_SPECS","false","1500","2600","PLANNED","PLANNED","0","","","",""
"FR-126","126","Honda Winner X khi thuê xe ở Hà Nội: phù hợp với ai?","honda winner x rental hanoi","honda winner x rental hanoi; honda winner x hire hanoi; rent honda winner x hanoi","honda","/honda/","Motos Honda","CLUSTER","Điều tra thương mại","P1","Không khẳng định xe có sẵn nếu chưa xác minh tồn kho; có thể viết dạng hướng dẫn/so sánh.","https://www.honda.com.vn/xe-may/san-pham","https://fr.rentbikehanoi.com/honda/honda-winner-x-rental-hanoi/","honda/honda-winner-x-rental-hanoi/index.html","","Rédiger en français natif à partir de l'intention du plan vietnamien « Honda Winner X khi thuê xe ở Hà Nội: phù hợp với ai? ». Utiliser les mots-clés de recherche comme signaux, sans traduction littérale ni bourrage. Répondre à une intention distincte du hub parent, garder les affirmations prudentes et suivre la politique de source.","/honda/;/types-motos/;/prix-location/","NO_INVENTED_STOCK_OR_SPECS","false","1500","2600","PLANNED","PLANNED","0","","","",""
"FR-127","127","Giá thuê Honda Winner X: nên so sánh theo ngày, tuần hay tháng?","honda winner x rental price hanoi","honda winner x rental price hanoi; honda winner x rental cost; price hire honda winner x","honda","/honda/","Motos Honda","CLUSTER","Điều tra thương mại","P1","Không khẳng định xe có sẵn nếu chưa xác minh tồn kho; có thể viết dạng hướng dẫn/so sánh.","https://www.honda.com.vn/xe-may/san-pham","https://fr.rentbikehanoi.com/honda/honda-winner-x-rental-price-hanoi/","honda/honda-winner-x-rental-price-hanoi/index.html","","Rédiger en français natif à partir de l'intention du plan vietnamien « Giá thuê Honda Winner X: nên so sánh theo ngày, tuần hay tháng? ». Utiliser les mots-clés de recherche comme signaux, sans traduction littérale ni bourrage. Répondre à une intention distincte du hub parent, garder les affirmations prudentes et suivre la politique de source.","/honda/;/types-motos/;/prix-location/","NO_INVENTED_STOCK_OR_SPECS","false","1500","2600","PLANNED","PLANNED","0","","","",""
"FR-128","128","Honda Winner X đi trong phố Hà Nội: ưu điểm, nhược điểm và mức dễ lái","honda winner x hanoi city","honda winner x hanoi city; honda winner x for hanoi traffic","honda","/honda/","Motos Honda","CLUSTER","Thông tin","P1","Không khẳng định xe có sẵn nếu chưa xác minh tồn kho; có thể viết dạng hướng dẫn/so sánh.","https://www.honda.com.vn/xe-may/san-pham","https://fr.rentbikehanoi.com/honda/honda-winner-x-hanoi-city/","honda/honda-winner-x-hanoi-city/index.html","","Rédiger en français natif à partir de l'intention du plan vietnamien « Honda Winner X đi trong phố Hà Nội: ưu điểm, nhược điểm và mức dễ lái ». Utiliser les mots-clés de recherche comme signaux, sans traduction littérale ni bourrage. Répondre à une intention distincte du hub parent, garder les affirmations prudentes et suivre la politique de source.","/honda/;/types-motos/;/prix-location/","NO_INVENTED_STOCK_OR_SPECS","false","1500","2600","PLANNED","PLANNED","0","","","",""
"FR-129","129","Honda Winner X có phù hợp để đi đường dài và phượt từ Hà Nội không?","honda winner x long trip vietnam","honda winner x long trip vietnam; honda winner x touring; honda winner x road trip","honda","/honda/","Motos Honda","CLUSTER","Thông tin","P1","Không khẳng định xe có sẵn nếu chưa xác minh tồn kho; có thể viết dạng hướng dẫn/so sánh.","https://www.honda.com.vn/xe-may/san-pham","https://fr.rentbikehanoi.com/honda/honda-winner-x-long-trip-vietnam/","honda/honda-winner-x-long-trip-vietnam/index.html","","Rédiger en français natif à partir de l'intention du plan vietnamien « Honda Winner X có phù hợp để đi đường dài và phượt từ Hà Nội không? ». Utiliser les mots-clés de recherche comme signaux, sans traduction littérale ni bourrage. Répondre à une intention distincte du hub parent, garder les affirmations prudentes et suivre la politique de source.","/honda/;/types-motos/;/prix-location/","NO_INVENTED_STOCK_OR_SPECS","false","1500","2600","PLANNED","PLANNED","0","","","",""
"FR-130","130","Honda Winner X hay Yamaha Exciter 155: mẫu nào hợp khách thuê xe hơn?","honda winner x vs yamaha exciter 155 rental","honda winner x vs yamaha exciter 155 rental; honda winner x vs yamaha exciter 155 hanoi","honda","/honda/","Motos Honda","CLUSTER","So sánh","P1","Không khẳng định xe có sẵn nếu chưa xác minh tồn kho; có thể viết dạng hướng dẫn/so sánh.","https://www.honda.com.vn/xe-may/san-pham","https://fr.rentbikehanoi.com/honda/honda-winner-x-vs-yamaha-exciter-155-rental/","honda/honda-winner-x-vs-yamaha-exciter-155-rental/index.html","","Rédiger en français natif à partir de l'intention du plan vietnamien « Honda Winner X hay Yamaha Exciter 155: mẫu nào hợp khách thuê xe hơn? ». Utiliser les mots-clés de recherche comme signaux, sans traduction littérale ni bourrage. Répondre à une intention distincte du hub parent, garder les affirmations prudentes et suivre la politique de source.","/honda/;/types-motos/;/prix-location/","NO_INVENTED_STOCK_OR_SPECS","false","1500","2600","PLANNED","PLANNED","0","","","",""
"FR-131","131","Honda ICON e: khi thuê xe ở Hà Nội: phù hợp với ai?","honda icon e: rental hanoi","honda icon e: rental hanoi; honda icon e: hire hanoi; rent honda icon e: hanoi","honda","/honda/","Motos Honda","CLUSTER","Điều tra thương mại","P1","Không khẳng định xe có sẵn nếu chưa xác minh tồn kho; có thể viết dạng hướng dẫn/so sánh.","https://www.honda.com.vn/xe-may/san-pham","https://fr.rentbikehanoi.com/honda/honda-icon-e-rental-hanoi/","honda/honda-icon-e-rental-hanoi/index.html","","Rédiger en français natif à partir de l'intention du plan vietnamien « Honda ICON e: khi thuê xe ở Hà Nội: phù hợp với ai? ». Utiliser les mots-clés de recherche comme signaux, sans traduction littérale ni bourrage. Répondre à une intention distincte du hub parent, garder les affirmations prudentes et suivre la politique de source.","/honda/;/types-motos/;/prix-location/","NO_INVENTED_STOCK_OR_SPECS","false","1500","2600","PLANNED","PLANNED","0","","","",""
"FR-132","132","Giá thuê Honda ICON e:: nên so sánh theo ngày, tuần hay tháng?","honda icon e: rental price hanoi","honda icon e: rental price hanoi; honda icon e: rental cost; price hire honda icon e:","honda","/honda/","Motos Honda","CLUSTER","Điều tra thương mại","P1","Không khẳng định xe có sẵn nếu chưa xác minh tồn kho; có thể viết dạng hướng dẫn/so sánh.","https://www.honda.com.vn/xe-may/san-pham","https://fr.rentbikehanoi.com/honda/honda-icon-e-rental-price-hanoi/","honda/honda-icon-e-rental-price-hanoi/index.html","","Rédiger en français natif à partir de l'intention du plan vietnamien « Giá thuê Honda ICON e:: nên so sánh theo ngày, tuần hay tháng? ». Utiliser les mots-clés de recherche comme signaux, sans traduction littérale ni bourrage. Répondre à une intention distincte du hub parent, garder les affirmations prudentes et suivre la politique de source.","/honda/;/types-motos/;/prix-location/","NO_INVENTED_STOCK_OR_SPECS","false","1500","2600","PLANNED","PLANNED","0","","","",""
"FR-133","133","Honda ICON e: đi trong phố Hà Nội: ưu điểm, nhược điểm và mức dễ lái","honda icon e: hanoi city","honda icon e: hanoi city; honda icon e: for hanoi traffic","honda","/honda/","Motos Honda","CLUSTER","Thông tin","P1","Không khẳng định xe có sẵn nếu chưa xác minh tồn kho; có thể viết dạng hướng dẫn/so sánh.","https://www.honda.com.vn/xe-may/san-pham","https://fr.rentbikehanoi.com/honda/honda-icon-e-hanoi-city/","honda/honda-icon-e-hanoi-city/index.html","","Rédiger en français natif à partir de l'intention du plan vietnamien « Honda ICON e: đi trong phố Hà Nội: ưu điểm, nhược điểm và mức dễ lái ». Utiliser les mots-clés de recherche comme signaux, sans traduction littérale ni bourrage. Répondre à une intention distincte du hub parent, garder les affirmations prudentes et suivre la politique de source.","/honda/;/types-motos/;/prix-location/","NO_INVENTED_STOCK_OR_SPECS","false","1500","2600","PLANNED","PLANNED","0","","","",""
"FR-134","134","Honda ICON e: có phù hợp để đi đường dài và phượt từ Hà Nội không?","honda icon e: long trip vietnam","honda icon e: long trip vietnam; honda icon e: touring; honda icon e: road trip","honda","/honda/","Motos Honda","CLUSTER","Thông tin","P1","Không khẳng định xe có sẵn nếu chưa xác minh tồn kho; có thể viết dạng hướng dẫn/so sánh.","https://www.honda.com.vn/xe-may/san-pham","https://fr.rentbikehanoi.com/honda/honda-icon-e-long-trip-vietnam/","honda/honda-icon-e-long-trip-vietnam/index.html","","Rédiger en français natif à partir de l'intention du plan vietnamien « Honda ICON e: có phù hợp để đi đường dài và phượt từ Hà Nội không? ». Utiliser les mots-clés de recherche comme signaux, sans traduction littérale ni bourrage. Répondre à une intention distincte du hub parent, garder les affirmations prudentes et suivre la politique de source.","/honda/;/types-motos/;/prix-location/","NO_INVENTED_STOCK_OR_SPECS","false","1500","2600","PLANNED","PLANNED","0","","","",""
"FR-135","135","Honda ICON e: hay Yamaha NEO'S: mẫu nào hợp khách thuê xe hơn?","honda icon e: vs yamaha neo's rental","honda icon e: vs yamaha neo's rental; honda icon e: vs yamaha neo's hanoi","honda","/honda/","Motos Honda","CLUSTER","So sánh","P1","Không khẳng định xe có sẵn nếu chưa xác minh tồn kho; có thể viết dạng hướng dẫn/so sánh.","https://www.honda.com.vn/xe-may/san-pham","https://fr.rentbikehanoi.com/honda/honda-icon-e-vs-yamaha-neo-s-rental/","honda/honda-icon-e-vs-yamaha-neo-s-rental/index.html","","Rédiger en français natif à partir de l'intention du plan vietnamien « Honda ICON e: hay Yamaha NEO'S: mẫu nào hợp khách thuê xe hơn? ». Utiliser les mots-clés de recherche comme signaux, sans traduction littérale ni bourrage. Répondre à une intention distincte du hub parent, garder les affirmations prudentes et suivre la politique de source.","/honda/;/types-motos/;/prix-location/","NO_INVENTED_STOCK_OR_SPECS","false","1500","2600","PLANNED","PLANNED","0","","","",""
"FR-136","136","Honda CUV e: khi thuê xe ở Hà Nội: phù hợp với ai?","honda cuv e: rental hanoi","honda cuv e: rental hanoi; honda cuv e: hire hanoi; rent honda cuv e: hanoi","honda","/honda/","Motos Honda","CLUSTER","Điều tra thương mại","P1","Không khẳng định xe có sẵn nếu chưa xác minh tồn kho; có thể viết dạng hướng dẫn/so sánh.","https://www.honda.com.vn/xe-may/san-pham","https://fr.rentbikehanoi.com/honda/honda-cuv-e-rental-hanoi/","honda/honda-cuv-e-rental-hanoi/index.html","","Rédiger en français natif à partir de l'intention du plan vietnamien « Honda CUV e: khi thuê xe ở Hà Nội: phù hợp với ai? ». Utiliser les mots-clés de recherche comme signaux, sans traduction littérale ni bourrage. Répondre à une intention distincte du hub parent, garder les affirmations prudentes et suivre la politique de source.","/honda/;/types-motos/;/prix-location/","NO_INVENTED_STOCK_OR_SPECS","false","1500","2600","PLANNED","PLANNED","0","","","",""
"FR-137","137","Giá thuê Honda CUV e:: nên so sánh theo ngày, tuần hay tháng?","honda cuv e: rental price hanoi","honda cuv e: rental price hanoi; honda cuv e: rental cost; price hire honda cuv e:","honda","/honda/","Motos Honda","CLUSTER","Điều tra thương mại","P1","Không khẳng định xe có sẵn nếu chưa xác minh tồn kho; có thể viết dạng hướng dẫn/so sánh.","https://www.honda.com.vn/xe-may/san-pham","https://fr.rentbikehanoi.com/honda/honda-cuv-e-rental-price-hanoi/","honda/honda-cuv-e-rental-price-hanoi/index.html","","Rédiger en français natif à partir de l'intention du plan vietnamien « Giá thuê Honda CUV e:: nên so sánh theo ngày, tuần hay tháng? ». Utiliser les mots-clés de recherche comme signaux, sans traduction littérale ni bourrage. Répondre à une intention distincte du hub parent, garder les affirmations prudentes et suivre la politique de source.","/honda/;/types-motos/;/prix-location/","NO_INVENTED_STOCK_OR_SPECS","false","1500","2600","PLANNED","PLANNED","0","","","",""
"FR-138","138","Honda CUV e: đi trong phố Hà Nội: ưu điểm, nhược điểm và mức dễ lái","honda cuv e: hanoi city","honda cuv e: hanoi city; honda cuv e: for hanoi traffic","honda","/honda/","Motos Honda","CLUSTER","Thông tin","P1","Không khẳng định xe có sẵn nếu chưa xác minh tồn kho; có thể viết dạng hướng dẫn/so sánh.","https://www.honda.com.vn/xe-may/san-pham","https://fr.rentbikehanoi.com/honda/honda-cuv-e-hanoi-city/","honda/honda-cuv-e-hanoi-city/index.html","","Rédiger en français natif à partir de l'intention du plan vietnamien « Honda CUV e: đi trong phố Hà Nội: ưu điểm, nhược điểm và mức dễ lái ». Utiliser les mots-clés de recherche comme signaux, sans traduction littérale ni bourrage. Répondre à une intention distincte du hub parent, garder les affirmations prudentes et suivre la politique de source.","/honda/;/types-motos/;/prix-location/","NO_INVENTED_STOCK_OR_SPECS","false","1500","2600","PLANNED","PLANNED","0","","","",""
"FR-139","139","Honda CUV e: có phù hợp để đi đường dài và phượt từ Hà Nội không?","honda cuv e: long trip vietnam","honda cuv e: long trip vietnam; honda cuv e: touring; honda cuv e: road trip","honda","/honda/","Motos Honda","CLUSTER","Thông tin","P1","Không khẳng định xe có sẵn nếu chưa xác minh tồn kho; có thể viết dạng hướng dẫn/so sánh.","https://www.honda.com.vn/xe-may/san-pham","https://fr.rentbikehanoi.com/honda/honda-cuv-e-long-trip-vietnam/","honda/honda-cuv-e-long-trip-vietnam/index.html","","Rédiger en français natif à partir de l'intention du plan vietnamien « Honda CUV e: có phù hợp để đi đường dài và phượt từ Hà Nội không? ». Utiliser les mots-clés de recherche comme signaux, sans traduction littérale ni bourrage. Répondre à une intention distincte du hub parent, garder les affirmations prudentes et suivre la politique de source.","/honda/;/types-motos/;/prix-location/","NO_INVENTED_STOCK_OR_SPECS","false","1500","2600","PLANNED","PLANNED","0","","","",""
"FR-140","140","Honda CUV e: hay Yamaha NEO'S: mẫu nào hợp khách thuê xe hơn?","honda cuv e: vs yamaha neo's rental","honda cuv e: vs yamaha neo's rental; honda cuv e: vs yamaha neo's hanoi","honda","/honda/","Motos Honda","CLUSTER","So sánh","P1","Không khẳng định xe có sẵn nếu chưa xác minh tồn kho; có thể viết dạng hướng dẫn/so sánh.","https://www.honda.com.vn/xe-may/san-pham","https://fr.rentbikehanoi.com/honda/honda-cuv-e-vs-yamaha-neo-s-rental/","honda/honda-cuv-e-vs-yamaha-neo-s-rental/index.html","","Rédiger en français natif à partir de l'intention du plan vietnamien « Honda CUV e: hay Yamaha NEO'S: mẫu nào hợp khách thuê xe hơn? ». Utiliser les mots-clés de recherche comme signaux, sans traduction littérale ni bourrage. Répondre à une intention distincte du hub parent, garder les affirmations prudentes et suivre la politique de source.","/honda/;/types-motos/;/prix-location/","NO_INVENTED_STOCK_OR_SPECS","false","1500","2600","PLANNED","PLANNED","0","","","",""
"FR-141","141","Yamaha NVX khi thuê xe ở Hà Nội: phù hợp với ai?","yamaha nvx rental hanoi","yamaha nvx rental hanoi; yamaha nvx hire hanoi; rent yamaha nvx hanoi","yamaha","/yamaha/","Motos Yamaha","CLUSTER","Điều tra thương mại","P0","Không khẳng định xe có sẵn nếu chưa xác minh tồn kho; có thể viết dạng hướng dẫn/so sánh.","https://yamaha-motor.com.vn/","https://fr.rentbikehanoi.com/yamaha/yamaha-nvx-rental-hanoi/","yamaha/yamaha-nvx-rental-hanoi/index.html","","Rédiger en français natif à partir de l'intention du plan vietnamien « Yamaha NVX khi thuê xe ở Hà Nội: phù hợp với ai? ». Utiliser les mots-clés de recherche comme signaux, sans traduction littérale ni bourrage. Répondre à une intention distincte du hub parent, garder les affirmations prudentes et suivre la politique de source.","/yamaha/;/types-motos/;/prix-location/","NO_INVENTED_STOCK_OR_SPECS","false","1700","2800","PLANNED","PLANNED","0","","","",""
"FR-142","142","Giá thuê Yamaha NVX: cách so sánh chi phí theo thời gian thuê","yamaha nvx rental price hanoi","yamaha nvx rental price hanoi; yamaha nvx rental cost; hire price yamaha nvx","yamaha","/yamaha/","Motos Yamaha","CLUSTER","Điều tra thương mại","P0","Không khẳng định xe có sẵn nếu chưa xác minh tồn kho; có thể viết dạng hướng dẫn/so sánh.","https://yamaha-motor.com.vn/","https://fr.rentbikehanoi.com/yamaha/yamaha-nvx-rental-price-hanoi/","yamaha/yamaha-nvx-rental-price-hanoi/index.html","","Rédiger en français natif à partir de l'intention du plan vietnamien « Giá thuê Yamaha NVX: cách so sánh chi phí theo thời gian thuê ». Utiliser les mots-clés de recherche comme signaux, sans traduction littérale ni bourrage. Répondre à une intention distincte du hub parent, garder les affirmations prudentes et suivre la politique de source.","/yamaha/;/types-motos/;/prix-location/","NO_INVENTED_STOCK_OR_SPECS","false","1700","2800","PLANNED","PLANNED","0","","","",""
"FR-143","143","Yamaha NVX đi phố Hà Nội: cảm giác lái và tính thực dụng","yamaha nvx hanoi city","yamaha nvx hanoi city; yamaha nvx city riding","yamaha","/yamaha/","Motos Yamaha","CLUSTER","Thông tin","P0","Không khẳng định xe có sẵn nếu chưa xác minh tồn kho; có thể viết dạng hướng dẫn/so sánh.","https://yamaha-motor.com.vn/","https://fr.rentbikehanoi.com/yamaha/yamaha-nvx-hanoi-city/","yamaha/yamaha-nvx-hanoi-city/index.html","","Rédiger en français natif à partir de l'intention du plan vietnamien « Yamaha NVX đi phố Hà Nội: cảm giác lái và tính thực dụng ». Utiliser les mots-clés de recherche comme signaux, sans traduction littérale ni bourrage. Répondre à une intention distincte du hub parent, garder les affirmations prudentes et suivre la politique de source.","/yamaha/;/types-motos/;/prix-location/","NO_INVENTED_STOCK_OR_SPECS","false","1700","2800","PLANNED","PLANNED","0","","","",""
"FR-144","144","Yamaha NVX có phù hợp đi phượt và đường núi ở Việt Nam không?","yamaha nvx vietnam road trip","yamaha nvx vietnam road trip; yamaha nvx mountain ride; touring yamaha nvx","yamaha","/yamaha/","Motos Yamaha","CLUSTER","Thông tin","P0","Không khẳng định xe có sẵn nếu chưa xác minh tồn kho; có thể viết dạng hướng dẫn/so sánh.","https://yamaha-motor.com.vn/","https://fr.rentbikehanoi.com/yamaha/yamaha-nvx-vietnam-road-trip/","yamaha/yamaha-nvx-vietnam-road-trip/index.html","","Rédiger en français natif à partir de l'intention du plan vietnamien « Yamaha NVX có phù hợp đi phượt và đường núi ở Việt Nam không? ». Utiliser les mots-clés de recherche comme signaux, sans traduction littérale ni bourrage. Répondre à une intention distincte du hub parent, garder les affirmations prudentes et suivre la politique de source.","/yamaha/;/types-motos/;/prix-location/","NO_INVENTED_STOCK_OR_SPECS","false","1700","2800","PLANNED","PLANNED","0","","","",""
"FR-145","145","Yamaha NVX hay Honda Air Blade 160: nên chọn mẫu nào khi thuê xe?","yamaha nvx vs honda air blade 160 rental","yamaha nvx vs honda air blade 160 rental; yamaha nvx vs honda air blade 160 vietnam","yamaha","/yamaha/","Motos Yamaha","CLUSTER","So sánh","P0","Không khẳng định xe có sẵn nếu chưa xác minh tồn kho; có thể viết dạng hướng dẫn/so sánh.","https://yamaha-motor.com.vn/","https://fr.rentbikehanoi.com/yamaha/yamaha-nvx-vs-honda-air-blade-160-rental/","yamaha/yamaha-nvx-vs-honda-air-blade-160-rental/index.html","","Rédiger en français natif à partir de l'intention du plan vietnamien « Yamaha NVX hay Honda Air Blade 160: nên chọn mẫu nào khi thuê xe? ». Utiliser les mots-clés de recherche comme signaux, sans traduction littérale ni bourrage. Répondre à une intention distincte du hub parent, garder les affirmations prudentes et suivre la politique de source.","/yamaha/;/types-motos/;/prix-location/","NO_INVENTED_STOCK_OR_SPECS","false","1700","2800","PLANNED","PLANNED","0","","","",""
"FR-146","146","Yamaha WR155R khi thuê xe ở Hà Nội: phù hợp với ai?","yamaha wr155r rental hanoi","yamaha wr155r rental hanoi; yamaha wr155r hire hanoi; rent yamaha wr155r hanoi","yamaha","/yamaha/","Motos Yamaha","CLUSTER","Điều tra thương mại","P0","Không khẳng định xe có sẵn nếu chưa xác minh tồn kho; có thể viết dạng hướng dẫn/so sánh.","https://yamaha-motor.com.vn/","https://fr.rentbikehanoi.com/yamaha/yamaha-wr155r-rental-hanoi/","yamaha/yamaha-wr155r-rental-hanoi/index.html","","Rédiger en français natif à partir de l'intention du plan vietnamien « Yamaha WR155R khi thuê xe ở Hà Nội: phù hợp với ai? ». Utiliser les mots-clés de recherche comme signaux, sans traduction littérale ni bourrage. Répondre à une intention distincte du hub parent, garder les affirmations prudentes et suivre la politique de source.","/yamaha/;/types-motos/;/prix-location/","NO_INVENTED_STOCK_OR_SPECS","false","1700","2800","PLANNED","PLANNED","0","","","",""
"FR-147","147","Giá thuê Yamaha WR155R: cách so sánh chi phí theo thời gian thuê","yamaha wr155r rental price hanoi","yamaha wr155r rental price hanoi; yamaha wr155r rental cost; hire price yamaha wr155r","yamaha","/yamaha/","Motos Yamaha","CLUSTER","Điều tra thương mại","P0","Không khẳng định xe có sẵn nếu chưa xác minh tồn kho; có thể viết dạng hướng dẫn/so sánh.","https://yamaha-motor.com.vn/","https://fr.rentbikehanoi.com/yamaha/yamaha-wr155r-rental-price-hanoi/","yamaha/yamaha-wr155r-rental-price-hanoi/index.html","","Rédiger en français natif à partir de l'intention du plan vietnamien « Giá thuê Yamaha WR155R: cách so sánh chi phí theo thời gian thuê ». Utiliser les mots-clés de recherche comme signaux, sans traduction littérale ni bourrage. Répondre à une intention distincte du hub parent, garder les affirmations prudentes et suivre la politique de source.","/yamaha/;/types-motos/;/prix-location/","NO_INVENTED_STOCK_OR_SPECS","false","1700","2800","PLANNED","PLANNED","0","","","",""
"FR-148","148","Yamaha WR155R đi phố Hà Nội: cảm giác lái và tính thực dụng","yamaha wr155r hanoi city","yamaha wr155r hanoi city; yamaha wr155r city riding","yamaha","/yamaha/","Motos Yamaha","CLUSTER","Thông tin","P0","Không khẳng định xe có sẵn nếu chưa xác minh tồn kho; có thể viết dạng hướng dẫn/so sánh.","https://yamaha-motor.com.vn/","https://fr.rentbikehanoi.com/yamaha/yamaha-wr155r-hanoi-city/","yamaha/yamaha-wr155r-hanoi-city/index.html","","Rédiger en français natif à partir de l'intention du plan vietnamien « Yamaha WR155R đi phố Hà Nội: cảm giác lái và tính thực dụng ». Utiliser les mots-clés de recherche comme signaux, sans traduction littérale ni bourrage. Répondre à une intention distincte du hub parent, garder les affirmations prudentes et suivre la politique de source.","/yamaha/;/types-motos/;/prix-location/","NO_INVENTED_STOCK_OR_SPECS","false","1700","2800","PLANNED","PLANNED","0","","","",""
"FR-149","149","Yamaha WR155R có phù hợp đi phượt và đường núi ở Việt Nam không?","yamaha wr155r vietnam road trip","yamaha wr155r vietnam road trip; yamaha wr155r mountain ride; touring yamaha wr155r","yamaha","/yamaha/","Motos Yamaha","CLUSTER","Thông tin","P0","Không khẳng định xe có sẵn nếu chưa xác minh tồn kho; có thể viết dạng hướng dẫn/so sánh.","https://yamaha-motor.com.vn/","https://fr.rentbikehanoi.com/yamaha/yamaha-wr155r-vietnam-road-trip/","yamaha/yamaha-wr155r-vietnam-road-trip/index.html","","Rédiger en français natif à partir de l'intention du plan vietnamien « Yamaha WR155R có phù hợp đi phượt và đường núi ở Việt Nam không? ». Utiliser les mots-clés de recherche comme signaux, sans traduction littérale ni bourrage. Répondre à une intention distincte du hub parent, garder les affirmations prudentes et suivre la politique de source.","/yamaha/;/types-motos/;/prix-location/","NO_INVENTED_STOCK_OR_SPECS","false","1700","2800","PLANNED","PLANNED","0","","","",""
"FR-150","150","Yamaha WR155R hay Honda CT125: nên chọn mẫu nào khi thuê xe?","yamaha wr155r vs honda ct125 rental","yamaha wr155r vs honda ct125 rental; yamaha wr155r vs honda ct125 vietnam","yamaha","/yamaha/","Motos Yamaha","CLUSTER","So sánh","P0","Không khẳng định xe có sẵn nếu chưa xác minh tồn kho; có thể viết dạng hướng dẫn/so sánh.","https://yamaha-motor.com.vn/","https://fr.rentbikehanoi.com/yamaha/yamaha-wr155r-vs-honda-ct125-rental/","yamaha/yamaha-wr155r-vs-honda-ct125-rental/index.html","","Rédiger en français natif à partir de l'intention du plan vietnamien « Yamaha WR155R hay Honda CT125: nên chọn mẫu nào khi thuê xe? ». Utiliser les mots-clés de recherche comme signaux, sans traduction littérale ni bourrage. Répondre à une intention distincte du hub parent, garder les affirmations prudentes et suivre la politique de source.","/yamaha/;/types-motos/;/prix-location/","NO_INVENTED_STOCK_OR_SPECS","false","1700","2800","PLANNED","PLANNED","0","","","",""
"FR-151","151","Yamaha NMAX khi thuê xe ở Hà Nội: phù hợp với ai?","yamaha nmax rental hanoi","yamaha nmax rental hanoi; yamaha nmax hire hanoi; rent yamaha nmax hanoi","yamaha","/yamaha/","Motos Yamaha","CLUSTER","Điều tra thương mại","P1","Không khẳng định xe có sẵn nếu chưa xác minh tồn kho; có thể viết dạng hướng dẫn/so sánh.","https://yamaha-motor.com.vn/","https://fr.rentbikehanoi.com/yamaha/yamaha-nmax-rental-hanoi/","yamaha/yamaha-nmax-rental-hanoi/index.html","","Rédiger en français natif à partir de l'intention du plan vietnamien « Yamaha NMAX khi thuê xe ở Hà Nội: phù hợp với ai? ». Utiliser les mots-clés de recherche comme signaux, sans traduction littérale ni bourrage. Répondre à une intention distincte du hub parent, garder les affirmations prudentes et suivre la politique de source.","/yamaha/;/types-motos/;/prix-location/","NO_INVENTED_STOCK_OR_SPECS","false","1500","2600","PLANNED","PLANNED","0","","","",""
"FR-152","152","Giá thuê Yamaha NMAX: cách so sánh chi phí theo thời gian thuê","yamaha nmax rental price hanoi","yamaha nmax rental price hanoi; yamaha nmax rental cost; hire price yamaha nmax","yamaha","/yamaha/","Motos Yamaha","CLUSTER","Điều tra thương mại","P1","Không khẳng định xe có sẵn nếu chưa xác minh tồn kho; có thể viết dạng hướng dẫn/so sánh.","https://yamaha-motor.com.vn/","https://fr.rentbikehanoi.com/yamaha/yamaha-nmax-rental-price-hanoi/","yamaha/yamaha-nmax-rental-price-hanoi/index.html","","Rédiger en français natif à partir de l'intention du plan vietnamien « Giá thuê Yamaha NMAX: cách so sánh chi phí theo thời gian thuê ». Utiliser les mots-clés de recherche comme signaux, sans traduction littérale ni bourrage. Répondre à une intention distincte du hub parent, garder les affirmations prudentes et suivre la politique de source.","/yamaha/;/types-motos/;/prix-location/","NO_INVENTED_STOCK_OR_SPECS","false","1500","2600","PLANNED","PLANNED","0","","","",""
"FR-153","153","Yamaha NMAX đi phố Hà Nội: cảm giác lái và tính thực dụng","yamaha nmax hanoi city","yamaha nmax hanoi city; yamaha nmax city riding","yamaha","/yamaha/","Motos Yamaha","CLUSTER","Thông tin","P1","Không khẳng định xe có sẵn nếu chưa xác minh tồn kho; có thể viết dạng hướng dẫn/so sánh.","https://yamaha-motor.com.vn/","https://fr.rentbikehanoi.com/yamaha/yamaha-nmax-hanoi-city/","yamaha/yamaha-nmax-hanoi-city/index.html","","Rédiger en français natif à partir de l'intention du plan vietnamien « Yamaha NMAX đi phố Hà Nội: cảm giác lái và tính thực dụng ». Utiliser les mots-clés de recherche comme signaux, sans traduction littérale ni bourrage. Répondre à une intention distincte du hub parent, garder les affirmations prudentes et suivre la politique de source.","/yamaha/;/types-motos/;/prix-location/","NO_INVENTED_STOCK_OR_SPECS","false","1500","2600","PLANNED","PLANNED","0","","","",""
"FR-154","154","Yamaha NMAX có phù hợp đi phượt và đường núi ở Việt Nam không?","yamaha nmax vietnam road trip","yamaha nmax vietnam road trip; yamaha nmax mountain ride; touring yamaha nmax","yamaha","/yamaha/","Motos Yamaha","CLUSTER","Thông tin","P1","Không khẳng định xe có sẵn nếu chưa xác minh tồn kho; có thể viết dạng hướng dẫn/so sánh.","https://yamaha-motor.com.vn/","https://fr.rentbikehanoi.com/yamaha/yamaha-nmax-vietnam-road-trip/","yamaha/yamaha-nmax-vietnam-road-trip/index.html","","Rédiger en français natif à partir de l'intention du plan vietnamien « Yamaha NMAX có phù hợp đi phượt và đường núi ở Việt Nam không? ». Utiliser les mots-clés de recherche comme signaux, sans traduction littérale ni bourrage. Répondre à une intention distincte du hub parent, garder les affirmations prudentes et suivre la politique de source.","/yamaha/;/types-motos/;/prix-location/","NO_INVENTED_STOCK_OR_SPECS","false","1500","2600","PLANNED","PLANNED","0","","","",""
"FR-155","155","Yamaha NMAX hay Honda SH125i: nên chọn mẫu nào khi thuê xe?","yamaha nmax vs honda sh125i rental","yamaha nmax vs honda sh125i rental; yamaha nmax vs honda sh125i vietnam","yamaha","/yamaha/","Motos Yamaha","CLUSTER","So sánh","P1","Không khẳng định xe có sẵn nếu chưa xác minh tồn kho; có thể viết dạng hướng dẫn/so sánh.","https://yamaha-motor.com.vn/","https://fr.rentbikehanoi.com/yamaha/yamaha-nmax-vs-honda-sh125i-rental/","yamaha/yamaha-nmax-vs-honda-sh125i-rental/index.html","","Rédiger en français natif à partir de l'intention du plan vietnamien « Yamaha NMAX hay Honda SH125i: nên chọn mẫu nào khi thuê xe? ». Utiliser les mots-clés de recherche comme signaux, sans traduction littérale ni bourrage. Répondre à une intention distincte du hub parent, garder les affirmations prudentes et suivre la politique de source.","/yamaha/;/types-motos/;/prix-location/","NO_INVENTED_STOCK_OR_SPECS","false","1500","2600","PLANNED","PLANNED","0","","","",""
"FR-156","156","Yamaha XMAX khi thuê xe ở Hà Nội: phù hợp với ai?","yamaha xmax rental hanoi","yamaha xmax rental hanoi; yamaha xmax hire hanoi; rent yamaha xmax hanoi","yamaha","/yamaha/","Motos Yamaha","CLUSTER","Điều tra thương mại","P2","Không khẳng định xe có sẵn nếu chưa xác minh tồn kho; có thể viết dạng hướng dẫn/so sánh.","https://yamaha-motor.com.vn/","https://fr.rentbikehanoi.com/yamaha/yamaha-xmax-rental-hanoi/","yamaha/yamaha-xmax-rental-hanoi/index.html","","Rédiger en français natif à partir de l'intention du plan vietnamien « Yamaha XMAX khi thuê xe ở Hà Nội: phù hợp với ai? ». Utiliser les mots-clés de recherche comme signaux, sans traduction littérale ni bourrage. Répondre à une intention distincte du hub parent, garder les affirmations prudentes et suivre la politique de source.","/yamaha/;/types-motos/;/prix-location/","NO_INVENTED_STOCK_OR_SPECS","false","1500","2600","PLANNED","PLANNED","0","","","",""
"FR-157","157","Giá thuê Yamaha XMAX: cách so sánh chi phí theo thời gian thuê","yamaha xmax rental price hanoi","yamaha xmax rental price hanoi; yamaha xmax rental cost; hire price yamaha xmax","yamaha","/yamaha/","Motos Yamaha","CLUSTER","Điều tra thương mại","P2","Không khẳng định xe có sẵn nếu chưa xác minh tồn kho; có thể viết dạng hướng dẫn/so sánh.","https://yamaha-motor.com.vn/","https://fr.rentbikehanoi.com/yamaha/yamaha-xmax-rental-price-hanoi/","yamaha/yamaha-xmax-rental-price-hanoi/index.html","","Rédiger en français natif à partir de l'intention du plan vietnamien « Giá thuê Yamaha XMAX: cách so sánh chi phí theo thời gian thuê ». Utiliser les mots-clés de recherche comme signaux, sans traduction littérale ni bourrage. Répondre à une intention distincte du hub parent, garder les affirmations prudentes et suivre la politique de source.","/yamaha/;/types-motos/;/prix-location/","NO_INVENTED_STOCK_OR_SPECS","false","1500","2600","PLANNED","PLANNED","0","","","",""
"FR-158","158","Yamaha XMAX đi phố Hà Nội: cảm giác lái và tính thực dụng","yamaha xmax hanoi city","yamaha xmax hanoi city; yamaha xmax city riding","yamaha","/yamaha/","Motos Yamaha","CLUSTER","Thông tin","P2","Không khẳng định xe có sẵn nếu chưa xác minh tồn kho; có thể viết dạng hướng dẫn/so sánh.","https://yamaha-motor.com.vn/","https://fr.rentbikehanoi.com/yamaha/yamaha-xmax-hanoi-city/","yamaha/yamaha-xmax-hanoi-city/index.html","","Rédiger en français natif à partir de l'intention du plan vietnamien « Yamaha XMAX đi phố Hà Nội: cảm giác lái và tính thực dụng ». Utiliser les mots-clés de recherche comme signaux, sans traduction littérale ni bourrage. Répondre à une intention distincte du hub parent, garder les affirmations prudentes et suivre la politique de source.","/yamaha/;/types-motos/;/prix-location/","NO_INVENTED_STOCK_OR_SPECS","false","1500","2600","PLANNED","PLANNED","0","","","",""
"FR-159","159","Yamaha XMAX có phù hợp đi phượt và đường núi ở Việt Nam không?","yamaha xmax vietnam road trip","yamaha xmax vietnam road trip; yamaha xmax mountain ride; touring yamaha xmax","yamaha","/yamaha/","Motos Yamaha","CLUSTER","Thông tin","P2","Không khẳng định xe có sẵn nếu chưa xác minh tồn kho; có thể viết dạng hướng dẫn/so sánh.","https://yamaha-motor.com.vn/","https://fr.rentbikehanoi.com/yamaha/yamaha-xmax-vietnam-road-trip/","yamaha/yamaha-xmax-vietnam-road-trip/index.html","","Rédiger en français natif à partir de l'intention du plan vietnamien « Yamaha XMAX có phù hợp đi phượt và đường núi ở Việt Nam không? ». Utiliser les mots-clés de recherche comme signaux, sans traduction littérale ni bourrage. Répondre à une intention distincte du hub parent, garder les affirmations prudentes et suivre la politique de source.","/yamaha/;/types-motos/;/prix-location/","NO_INVENTED_STOCK_OR_SPECS","false","1500","2600","PLANNED","PLANNED","0","","","",""
"FR-160","160","Yamaha XMAX hay Honda ADV350: nên chọn mẫu nào khi thuê xe?","yamaha xmax vs honda adv350 rental","yamaha xmax vs honda adv350 rental; yamaha xmax vs honda adv350 vietnam","yamaha","/yamaha/","Motos Yamaha","CLUSTER","So sánh","P2","Không khẳng định xe có sẵn nếu chưa xác minh tồn kho; có thể viết dạng hướng dẫn/so sánh.","https://yamaha-motor.com.vn/","https://fr.rentbikehanoi.com/yamaha/yamaha-xmax-vs-honda-adv350-rental/","yamaha/yamaha-xmax-vs-honda-adv350-rental/index.html","","Rédiger en français natif à partir de l'intention du plan vietnamien « Yamaha XMAX hay Honda ADV350: nên chọn mẫu nào khi thuê xe? ». Utiliser les mots-clés de recherche comme signaux, sans traduction littérale ni bourrage. Répondre à une intention distincte du hub parent, garder les affirmations prudentes et suivre la politique de source.","/yamaha/;/types-motos/;/prix-location/","NO_INVENTED_STOCK_OR_SPECS","false","1500","2600","PLANNED","PLANNED","0","","","",""
"FR-161","161","Yamaha Janus 125 khi thuê xe ở Hà Nội: phù hợp với ai?","yamaha janus 125 rental hanoi","yamaha janus 125 rental hanoi; yamaha janus 125 hire hanoi; rent yamaha janus 125 hanoi","yamaha","/yamaha/","Motos Yamaha","CLUSTER","Điều tra thương mại","P1","Không khẳng định xe có sẵn nếu chưa xác minh tồn kho; có thể viết dạng hướng dẫn/so sánh.","https://yamaha-motor.com.vn/","https://fr.rentbikehanoi.com/yamaha/yamaha-janus-125-rental-hanoi/","yamaha/yamaha-janus-125-rental-hanoi/index.html","","Rédiger en français natif à partir de l'intention du plan vietnamien « Yamaha Janus 125 khi thuê xe ở Hà Nội: phù hợp với ai? ». Utiliser les mots-clés de recherche comme signaux, sans traduction littérale ni bourrage. Répondre à une intention distincte du hub parent, garder les affirmations prudentes et suivre la politique de source.","/yamaha/;/types-motos/;/prix-location/","NO_INVENTED_STOCK_OR_SPECS","false","1500","2600","PLANNED","PLANNED","0","","","",""
"FR-162","162","Giá thuê Yamaha Janus 125: cách so sánh chi phí theo thời gian thuê","yamaha janus 125 rental price hanoi","yamaha janus 125 rental price hanoi; yamaha janus 125 rental cost; hire price yamaha janus 125","yamaha","/yamaha/","Motos Yamaha","CLUSTER","Điều tra thương mại","P1","Không khẳng định xe có sẵn nếu chưa xác minh tồn kho; có thể viết dạng hướng dẫn/so sánh.","https://yamaha-motor.com.vn/","https://fr.rentbikehanoi.com/yamaha/yamaha-janus-125-rental-price-hanoi/","yamaha/yamaha-janus-125-rental-price-hanoi/index.html","","Rédiger en français natif à partir de l'intention du plan vietnamien « Giá thuê Yamaha Janus 125: cách so sánh chi phí theo thời gian thuê ». Utiliser les mots-clés de recherche comme signaux, sans traduction littérale ni bourrage. Répondre à une intention distincte du hub parent, garder les affirmations prudentes et suivre la politique de source.","/yamaha/;/types-motos/;/prix-location/","NO_INVENTED_STOCK_OR_SPECS","false","1500","2600","PLANNED","PLANNED","0","","","",""
"FR-163","163","Yamaha Janus 125 đi phố Hà Nội: cảm giác lái và tính thực dụng","yamaha janus 125 hanoi city","yamaha janus 125 hanoi city; yamaha janus 125 city riding","yamaha","/yamaha/","Motos Yamaha","CLUSTER","Thông tin","P1","Không khẳng định xe có sẵn nếu chưa xác minh tồn kho; có thể viết dạng hướng dẫn/so sánh.","https://yamaha-motor.com.vn/","https://fr.rentbikehanoi.com/yamaha/yamaha-janus-125-hanoi-city/","yamaha/yamaha-janus-125-hanoi-city/index.html","","Rédiger en français natif à partir de l'intention du plan vietnamien « Yamaha Janus 125 đi phố Hà Nội: cảm giác lái và tính thực dụng ». Utiliser les mots-clés de recherche comme signaux, sans traduction littérale ni bourrage. Répondre à une intention distincte du hub parent, garder les affirmations prudentes et suivre la politique de source.","/yamaha/;/types-motos/;/prix-location/","NO_INVENTED_STOCK_OR_SPECS","false","1500","2600","PLANNED","PLANNED","0","","","",""
"FR-164","164","Yamaha Janus 125 có phù hợp đi phượt và đường núi ở Việt Nam không?","yamaha janus 125 vietnam road trip","yamaha janus 125 vietnam road trip; yamaha janus 125 mountain ride; touring yamaha janus 125","yamaha","/yamaha/","Motos Yamaha","CLUSTER","Thông tin","P1","Không khẳng định xe có sẵn nếu chưa xác minh tồn kho; có thể viết dạng hướng dẫn/so sánh.","https://yamaha-motor.com.vn/","https://fr.rentbikehanoi.com/yamaha/yamaha-janus-125-vietnam-road-trip/","yamaha/yamaha-janus-125-vietnam-road-trip/index.html","","Rédiger en français natif à partir de l'intention du plan vietnamien « Yamaha Janus 125 có phù hợp đi phượt và đường núi ở Việt Nam không? ». Utiliser les mots-clés de recherche comme signaux, sans traduction littérale ni bourrage. Répondre à une intention distincte du hub parent, garder les affirmations prudentes et suivre la politique de source.","/yamaha/;/types-motos/;/prix-location/","NO_INVENTED_STOCK_OR_SPECS","false","1500","2600","PLANNED","PLANNED","0","","","",""
"FR-165","165","Yamaha Janus 125 hay Honda Vision: nên chọn mẫu nào khi thuê xe?","yamaha janus 125 vs honda vision rental","yamaha janus 125 vs honda vision rental; yamaha janus 125 vs honda vision vietnam","yamaha","/yamaha/","Motos Yamaha","CLUSTER","So sánh","P1","Không khẳng định xe có sẵn nếu chưa xác minh tồn kho; có thể viết dạng hướng dẫn/so sánh.","https://yamaha-motor.com.vn/","https://fr.rentbikehanoi.com/yamaha/yamaha-janus-125-vs-honda-vision-rental/","yamaha/yamaha-janus-125-vs-honda-vision-rental/index.html","","Rédiger en français natif à partir de l'intention du plan vietnamien « Yamaha Janus 125 hay Honda Vision: nên chọn mẫu nào khi thuê xe? ». Utiliser les mots-clés de recherche comme signaux, sans traduction littérale ni bourrage. Répondre à une intention distincte du hub parent, garder les affirmations prudentes et suivre la politique de source.","/yamaha/;/types-motos/;/prix-location/","NO_INVENTED_STOCK_OR_SPECS","false","1500","2600","PLANNED","PLANNED","0","","","",""
"FR-166","166","Yamaha Grande khi thuê xe ở Hà Nội: phù hợp với ai?","yamaha grande rental hanoi","yamaha grande rental hanoi; yamaha grande hire hanoi; rent yamaha grande hanoi","yamaha","/yamaha/","Motos Yamaha","CLUSTER","Điều tra thương mại","P1","Không khẳng định xe có sẵn nếu chưa xác minh tồn kho; có thể viết dạng hướng dẫn/so sánh.","https://yamaha-motor.com.vn/","https://fr.rentbikehanoi.com/yamaha/yamaha-grande-rental-hanoi/","yamaha/yamaha-grande-rental-hanoi/index.html","","Rédiger en français natif à partir de l'intention du plan vietnamien « Yamaha Grande khi thuê xe ở Hà Nội: phù hợp với ai? ». Utiliser les mots-clés de recherche comme signaux, sans traduction littérale ni bourrage. Répondre à une intention distincte du hub parent, garder les affirmations prudentes et suivre la politique de source.","/yamaha/;/types-motos/;/prix-location/","NO_INVENTED_STOCK_OR_SPECS","false","1500","2600","PLANNED","PLANNED","0","","","",""
"FR-167","167","Giá thuê Yamaha Grande: cách so sánh chi phí theo thời gian thuê","yamaha grande rental price hanoi","yamaha grande rental price hanoi; yamaha grande rental cost; hire price yamaha grande","yamaha","/yamaha/","Motos Yamaha","CLUSTER","Điều tra thương mại","P1","Không khẳng định xe có sẵn nếu chưa xác minh tồn kho; có thể viết dạng hướng dẫn/so sánh.","https://yamaha-motor.com.vn/","https://fr.rentbikehanoi.com/yamaha/yamaha-grande-rental-price-hanoi/","yamaha/yamaha-grande-rental-price-hanoi/index.html","","Rédiger en français natif à partir de l'intention du plan vietnamien « Giá thuê Yamaha Grande: cách so sánh chi phí theo thời gian thuê ». Utiliser les mots-clés de recherche comme signaux, sans traduction littérale ni bourrage. Répondre à une intention distincte du hub parent, garder les affirmations prudentes et suivre la politique de source.","/yamaha/;/types-motos/;/prix-location/","NO_INVENTED_STOCK_OR_SPECS","false","1500","2600","PLANNED","PLANNED","0","","","",""
"FR-168","168","Yamaha Grande đi phố Hà Nội: cảm giác lái và tính thực dụng","yamaha grande hanoi city","yamaha grande hanoi city; yamaha grande city riding","yamaha","/yamaha/","Motos Yamaha","CLUSTER","Thông tin","P1","Không khẳng định xe có sẵn nếu chưa xác minh tồn kho; có thể viết dạng hướng dẫn/so sánh.","https://yamaha-motor.com.vn/","https://fr.rentbikehanoi.com/yamaha/yamaha-grande-hanoi-city/","yamaha/yamaha-grande-hanoi-city/index.html","","Rédiger en français natif à partir de l'intention du plan vietnamien « Yamaha Grande đi phố Hà Nội: cảm giác lái và tính thực dụng ». Utiliser les mots-clés de recherche comme signaux, sans traduction littérale ni bourrage. Répondre à une intention distincte du hub parent, garder les affirmations prudentes et suivre la politique de source.","/yamaha/;/types-motos/;/prix-location/","NO_INVENTED_STOCK_OR_SPECS","false","1500","2600","PLANNED","PLANNED","0","","","",""
"FR-169","169","Yamaha Grande có phù hợp đi phượt và đường núi ở Việt Nam không?","yamaha grande vietnam road trip","yamaha grande vietnam road trip; yamaha grande mountain ride; touring yamaha grande","yamaha","/yamaha/","Motos Yamaha","CLUSTER","Thông tin","P1","Không khẳng định xe có sẵn nếu chưa xác minh tồn kho; có thể viết dạng hướng dẫn/so sánh.","https://yamaha-motor.com.vn/","https://fr.rentbikehanoi.com/yamaha/yamaha-grande-vietnam-road-trip/","yamaha/yamaha-grande-vietnam-road-trip/index.html","","Rédiger en français natif à partir de l'intention du plan vietnamien « Yamaha Grande có phù hợp đi phượt và đường núi ở Việt Nam không? ». Utiliser les mots-clés de recherche comme signaux, sans traduction littérale ni bourrage. Répondre à une intention distincte du hub parent, garder les affirmations prudentes et suivre la politique de source.","/yamaha/;/types-motos/;/prix-location/","NO_INVENTED_STOCK_OR_SPECS","false","1500","2600","PLANNED","PLANNED","0","","","",""
"FR-170","170","Yamaha Grande hay Honda LEAD ABS: nên chọn mẫu nào khi thuê xe?","yamaha grande vs honda lead abs rental","yamaha grande vs honda lead abs rental; yamaha grande vs honda lead abs vietnam","yamaha","/yamaha/","Motos Yamaha","CLUSTER","So sánh","P1","Không khẳng định xe có sẵn nếu chưa xác minh tồn kho; có thể viết dạng hướng dẫn/so sánh.","https://yamaha-motor.com.vn/","https://fr.rentbikehanoi.com/yamaha/yamaha-grande-vs-honda-lead-abs-rental/","yamaha/yamaha-grande-vs-honda-lead-abs-rental/index.html","","Rédiger en français natif à partir de l'intention du plan vietnamien « Yamaha Grande hay Honda LEAD ABS: nên chọn mẫu nào khi thuê xe? ». Utiliser les mots-clés de recherche comme signaux, sans traduction littérale ni bourrage. Répondre à une intention distincte du hub parent, garder les affirmations prudentes et suivre la politique de source.","/yamaha/;/types-motos/;/prix-location/","NO_INVENTED_STOCK_OR_SPECS","false","1500","2600","PLANNED","PLANNED","0","","","",""
"FR-171","171","Yamaha FreeGo khi thuê xe ở Hà Nội: phù hợp với ai?","yamaha freego rental hanoi","yamaha freego rental hanoi; yamaha freego hire hanoi; rent yamaha freego hanoi","yamaha","/yamaha/","Motos Yamaha","CLUSTER","Điều tra thương mại","P1","Không khẳng định xe có sẵn nếu chưa xác minh tồn kho; có thể viết dạng hướng dẫn/so sánh.","https://yamaha-motor.com.vn/","https://fr.rentbikehanoi.com/yamaha/yamaha-freego-rental-hanoi/","yamaha/yamaha-freego-rental-hanoi/index.html","","Rédiger en français natif à partir de l'intention du plan vietnamien « Yamaha FreeGo khi thuê xe ở Hà Nội: phù hợp với ai? ». Utiliser les mots-clés de recherche comme signaux, sans traduction littérale ni bourrage. Répondre à une intention distincte du hub parent, garder les affirmations prudentes et suivre la politique de source.","/yamaha/;/types-motos/;/prix-location/","NO_INVENTED_STOCK_OR_SPECS","false","1500","2600","PLANNED","PLANNED","0","","","",""
"FR-172","172","Giá thuê Yamaha FreeGo: cách so sánh chi phí theo thời gian thuê","yamaha freego rental price hanoi","yamaha freego rental price hanoi; yamaha freego rental cost; hire price yamaha freego","yamaha","/yamaha/","Motos Yamaha","CLUSTER","Điều tra thương mại","P1","Không khẳng định xe có sẵn nếu chưa xác minh tồn kho; có thể viết dạng hướng dẫn/so sánh.","https://yamaha-motor.com.vn/","https://fr.rentbikehanoi.com/yamaha/yamaha-freego-rental-price-hanoi/","yamaha/yamaha-freego-rental-price-hanoi/index.html","","Rédiger en français natif à partir de l'intention du plan vietnamien « Giá thuê Yamaha FreeGo: cách so sánh chi phí theo thời gian thuê ». Utiliser les mots-clés de recherche comme signaux, sans traduction littérale ni bourrage. Répondre à une intention distincte du hub parent, garder les affirmations prudentes et suivre la politique de source.","/yamaha/;/types-motos/;/prix-location/","NO_INVENTED_STOCK_OR_SPECS","false","1500","2600","PLANNED","PLANNED","0","","","",""
"FR-173","173","Yamaha FreeGo đi phố Hà Nội: cảm giác lái và tính thực dụng","yamaha freego hanoi city","yamaha freego hanoi city; yamaha freego city riding","yamaha","/yamaha/","Motos Yamaha","CLUSTER","Thông tin","P1","Không khẳng định xe có sẵn nếu chưa xác minh tồn kho; có thể viết dạng hướng dẫn/so sánh.","https://yamaha-motor.com.vn/","https://fr.rentbikehanoi.com/yamaha/yamaha-freego-hanoi-city/","yamaha/yamaha-freego-hanoi-city/index.html","","Rédiger en français natif à partir de l'intention du plan vietnamien « Yamaha FreeGo đi phố Hà Nội: cảm giác lái và tính thực dụng ». Utiliser les mots-clés de recherche comme signaux, sans traduction littérale ni bourrage. Répondre à une intention distincte du hub parent, garder les affirmations prudentes et suivre la politique de source.","/yamaha/;/types-motos/;/prix-location/","NO_INVENTED_STOCK_OR_SPECS","false","1500","2600","PLANNED","PLANNED","0","","","",""
"FR-174","174","Yamaha FreeGo có phù hợp đi phượt và đường núi ở Việt Nam không?","yamaha freego vietnam road trip","yamaha freego vietnam road trip; yamaha freego mountain ride; touring yamaha freego","yamaha","/yamaha/","Motos Yamaha","CLUSTER","Thông tin","P1","Không khẳng định xe có sẵn nếu chưa xác minh tồn kho; có thể viết dạng hướng dẫn/so sánh.","https://yamaha-motor.com.vn/","https://fr.rentbikehanoi.com/yamaha/yamaha-freego-vietnam-road-trip/","yamaha/yamaha-freego-vietnam-road-trip/index.html","","Rédiger en français natif à partir de l'intention du plan vietnamien « Yamaha FreeGo có phù hợp đi phượt và đường núi ở Việt Nam không? ». Utiliser les mots-clés de recherche comme signaux, sans traduction littérale ni bourrage. Répondre à une intention distincte du hub parent, garder les affirmations prudentes et suivre la politique de source.","/yamaha/;/types-motos/;/prix-location/","NO_INVENTED_STOCK_OR_SPECS","false","1500","2600","PLANNED","PLANNED","0","","","",""
"FR-175","175","Yamaha FreeGo hay Honda Vario 125: nên chọn mẫu nào khi thuê xe?","yamaha freego vs honda vario 125 rental","yamaha freego vs honda vario 125 rental; yamaha freego vs honda vario 125 vietnam","yamaha","/yamaha/","Motos Yamaha","CLUSTER","So sánh","P1","Không khẳng định xe có sẵn nếu chưa xác minh tồn kho; có thể viết dạng hướng dẫn/so sánh.","https://yamaha-motor.com.vn/","https://fr.rentbikehanoi.com/yamaha/yamaha-freego-vs-honda-vario-125-rental/","yamaha/yamaha-freego-vs-honda-vario-125-rental/index.html","","Rédiger en français natif à partir de l'intention du plan vietnamien « Yamaha FreeGo hay Honda Vario 125: nên chọn mẫu nào khi thuê xe? ». Utiliser les mots-clés de recherche comme signaux, sans traduction littérale ni bourrage. Répondre à une intention distincte du hub parent, garder les affirmations prudentes et suivre la politique de source.","/yamaha/;/types-motos/;/prix-location/","NO_INVENTED_STOCK_OR_SPECS","false","1500","2600","PLANNED","PLANNED","0","","","",""
"FR-176","176","Yamaha Latte khi thuê xe ở Hà Nội: phù hợp với ai?","yamaha latte rental hanoi","yamaha latte rental hanoi; yamaha latte hire hanoi; rent yamaha latte hanoi","yamaha","/yamaha/","Motos Yamaha","CLUSTER","Điều tra thương mại","P2","Không khẳng định xe có sẵn nếu chưa xác minh tồn kho; có thể viết dạng hướng dẫn/so sánh.","https://yamaha-motor.com.vn/","https://fr.rentbikehanoi.com/yamaha/yamaha-latte-rental-hanoi/","yamaha/yamaha-latte-rental-hanoi/index.html","","Rédiger en français natif à partir de l'intention du plan vietnamien « Yamaha Latte khi thuê xe ở Hà Nội: phù hợp với ai? ». Utiliser les mots-clés de recherche comme signaux, sans traduction littérale ni bourrage. Répondre à une intention distincte du hub parent, garder les affirmations prudentes et suivre la politique de source.","/yamaha/;/types-motos/;/prix-location/","NO_INVENTED_STOCK_OR_SPECS","false","1500","2600","PLANNED","PLANNED","0","","","",""
"FR-177","177","Giá thuê Yamaha Latte: cách so sánh chi phí theo thời gian thuê","yamaha latte rental price hanoi","yamaha latte rental price hanoi; yamaha latte rental cost; hire price yamaha latte","yamaha","/yamaha/","Motos Yamaha","CLUSTER","Điều tra thương mại","P2","Không khẳng định xe có sẵn nếu chưa xác minh tồn kho; có thể viết dạng hướng dẫn/so sánh.","https://yamaha-motor.com.vn/","https://fr.rentbikehanoi.com/yamaha/yamaha-latte-rental-price-hanoi/","yamaha/yamaha-latte-rental-price-hanoi/index.html","","Rédiger en français natif à partir de l'intention du plan vietnamien « Giá thuê Yamaha Latte: cách so sánh chi phí theo thời gian thuê ». Utiliser les mots-clés de recherche comme signaux, sans traduction littérale ni bourrage. Répondre à une intention distincte du hub parent, garder les affirmations prudentes et suivre la politique de source.","/yamaha/;/types-motos/;/prix-location/","NO_INVENTED_STOCK_OR_SPECS","false","1500","2600","PLANNED","PLANNED","0","","","",""
"FR-178","178","Yamaha Latte đi phố Hà Nội: cảm giác lái và tính thực dụng","yamaha latte hanoi city","yamaha latte hanoi city; yamaha latte city riding","yamaha","/yamaha/","Motos Yamaha","CLUSTER","Thông tin","P2","Không khẳng định xe có sẵn nếu chưa xác minh tồn kho; có thể viết dạng hướng dẫn/so sánh.","https://yamaha-motor.com.vn/","https://fr.rentbikehanoi.com/yamaha/yamaha-latte-hanoi-city/","yamaha/yamaha-latte-hanoi-city/index.html","","Rédiger en français natif à partir de l'intention du plan vietnamien « Yamaha Latte đi phố Hà Nội: cảm giác lái và tính thực dụng ». Utiliser les mots-clés de recherche comme signaux, sans traduction littérale ni bourrage. Répondre à une intention distincte du hub parent, garder les affirmations prudentes et suivre la politique de source.","/yamaha/;/types-motos/;/prix-location/","NO_INVENTED_STOCK_OR_SPECS","false","1500","2600","PLANNED","PLANNED","0","","","",""
"FR-179","179","Yamaha Latte có phù hợp đi phượt và đường núi ở Việt Nam không?","yamaha latte vietnam road trip","yamaha latte vietnam road trip; yamaha latte mountain ride; touring yamaha latte","yamaha","/yamaha/","Motos Yamaha","CLUSTER","Thông tin","P2","Không khẳng định xe có sẵn nếu chưa xác minh tồn kho; có thể viết dạng hướng dẫn/so sánh.","https://yamaha-motor.com.vn/","https://fr.rentbikehanoi.com/yamaha/yamaha-latte-vietnam-road-trip/","yamaha/yamaha-latte-vietnam-road-trip/index.html","","Rédiger en français natif à partir de l'intention du plan vietnamien « Yamaha Latte có phù hợp đi phượt và đường núi ở Việt Nam không? ». Utiliser les mots-clés de recherche comme signaux, sans traduction littérale ni bourrage. Répondre à une intention distincte du hub parent, garder les affirmations prudentes et suivre la politique de source.","/yamaha/;/types-motos/;/prix-location/","NO_INVENTED_STOCK_OR_SPECS","false","1500","2600","PLANNED","PLANNED","0","","","",""
"FR-180","180","Yamaha Latte hay Honda Vision: nên chọn mẫu nào khi thuê xe?","yamaha latte vs honda vision rental","yamaha latte vs honda vision rental; yamaha latte vs honda vision vietnam","yamaha","/yamaha/","Motos Yamaha","CLUSTER","So sánh","P2","Không khẳng định xe có sẵn nếu chưa xác minh tồn kho; có thể viết dạng hướng dẫn/so sánh.","https://yamaha-motor.com.vn/","https://fr.rentbikehanoi.com/yamaha/yamaha-latte-vs-honda-vision-rental/","yamaha/yamaha-latte-vs-honda-vision-rental/index.html","","Rédiger en français natif à partir de l'intention du plan vietnamien « Yamaha Latte hay Honda Vision: nên chọn mẫu nào khi thuê xe? ». Utiliser les mots-clés de recherche comme signaux, sans traduction littérale ni bourrage. Répondre à une intention distincte du hub parent, garder les affirmations prudentes et suivre la politique de source.","/yamaha/;/types-motos/;/prix-location/","NO_INVENTED_STOCK_OR_SPECS","false","1500","2600","PLANNED","PLANNED","0","","","",""
"FR-181","181","Yamaha GEAR 125 Hybrid khi thuê xe ở Hà Nội: phù hợp với ai?","yamaha gear 125 hybrid rental hanoi","yamaha gear 125 hybrid rental hanoi; yamaha gear 125 hybrid hire hanoi; rent yamaha gear 125 hybrid hanoi","yamaha","/yamaha/","Motos Yamaha","CLUSTER","Điều tra thương mại","P2","Không khẳng định xe có sẵn nếu chưa xác minh tồn kho; có thể viết dạng hướng dẫn/so sánh.","https://yamaha-motor.com.vn/","https://fr.rentbikehanoi.com/yamaha/yamaha-gear-125-hybrid-rental-hanoi/","yamaha/yamaha-gear-125-hybrid-rental-hanoi/index.html","","Rédiger en français natif à partir de l'intention du plan vietnamien « Yamaha GEAR 125 Hybrid khi thuê xe ở Hà Nội: phù hợp với ai? ». Utiliser les mots-clés de recherche comme signaux, sans traduction littérale ni bourrage. Répondre à une intention distincte du hub parent, garder les affirmations prudentes et suivre la politique de source.","/yamaha/;/types-motos/;/prix-location/","NO_INVENTED_STOCK_OR_SPECS","false","1500","2600","PLANNED","PLANNED","0","","","",""
"FR-182","182","Giá thuê Yamaha GEAR 125 Hybrid: cách so sánh chi phí theo thời gian thuê","yamaha gear 125 hybrid rental price hanoi","yamaha gear 125 hybrid rental price hanoi; yamaha gear 125 hybrid rental cost; hire price yamaha gear 125 hybrid","yamaha","/yamaha/","Motos Yamaha","CLUSTER","Điều tra thương mại","P2","Không khẳng định xe có sẵn nếu chưa xác minh tồn kho; có thể viết dạng hướng dẫn/so sánh.","https://yamaha-motor.com.vn/","https://fr.rentbikehanoi.com/yamaha/yamaha-gear-125-hybrid-rental-price-hanoi/","yamaha/yamaha-gear-125-hybrid-rental-price-hanoi/index.html","","Rédiger en français natif à partir de l'intention du plan vietnamien « Giá thuê Yamaha GEAR 125 Hybrid: cách so sánh chi phí theo thời gian thuê ». Utiliser les mots-clés de recherche comme signaux, sans traduction littérale ni bourrage. Répondre à une intention distincte du hub parent, garder les affirmations prudentes et suivre la politique de source.","/yamaha/;/types-motos/;/prix-location/","NO_INVENTED_STOCK_OR_SPECS","false","1500","2600","PLANNED","PLANNED","0","","","",""
"FR-183","183","Yamaha GEAR 125 Hybrid đi phố Hà Nội: cảm giác lái và tính thực dụng","yamaha gear 125 hybrid hanoi city","yamaha gear 125 hybrid hanoi city; yamaha gear 125 hybrid city riding","yamaha","/yamaha/","Motos Yamaha","CLUSTER","Thông tin","P2","Không khẳng định xe có sẵn nếu chưa xác minh tồn kho; có thể viết dạng hướng dẫn/so sánh.","https://yamaha-motor.com.vn/","https://fr.rentbikehanoi.com/yamaha/yamaha-gear-125-hybrid-hanoi-city/","yamaha/yamaha-gear-125-hybrid-hanoi-city/index.html","","Rédiger en français natif à partir de l'intention du plan vietnamien « Yamaha GEAR 125 Hybrid đi phố Hà Nội: cảm giác lái và tính thực dụng ». Utiliser les mots-clés de recherche comme signaux, sans traduction littérale ni bourrage. Répondre à une intention distincte du hub parent, garder les affirmations prudentes et suivre la politique de source.","/yamaha/;/types-motos/;/prix-location/","NO_INVENTED_STOCK_OR_SPECS","false","1500","2600","PLANNED","PLANNED","0","","","",""
"FR-184","184","Yamaha GEAR 125 Hybrid có phù hợp đi phượt và đường núi ở Việt Nam không?","yamaha gear 125 hybrid vietnam road trip","yamaha gear 125 hybrid vietnam road trip; yamaha gear 125 hybrid mountain ride; touring yamaha gear 125 hybrid","yamaha","/yamaha/","Motos Yamaha","CLUSTER","Thông tin","P2","Không khẳng định xe có sẵn nếu chưa xác minh tồn kho; có thể viết dạng hướng dẫn/so sánh.","https://yamaha-motor.com.vn/","https://fr.rentbikehanoi.com/yamaha/yamaha-gear-125-hybrid-vietnam-road-trip/","yamaha/yamaha-gear-125-hybrid-vietnam-road-trip/index.html","","Rédiger en français natif à partir de l'intention du plan vietnamien « Yamaha GEAR 125 Hybrid có phù hợp đi phượt và đường núi ở Việt Nam không? ». Utiliser les mots-clés de recherche comme signaux, sans traduction littérale ni bourrage. Répondre à une intention distincte du hub parent, garder les affirmations prudentes et suivre la politique de source.","/yamaha/;/types-motos/;/prix-location/","NO_INVENTED_STOCK_OR_SPECS","false","1500","2600","PLANNED","PLANNED","0","","","",""
"FR-185","185","Yamaha GEAR 125 Hybrid hay Honda Vision: nên chọn mẫu nào khi thuê xe?","yamaha gear 125 hybrid vs honda vision rental","yamaha gear 125 hybrid vs honda vision rental; yamaha gear 125 hybrid vs honda vision vietnam","yamaha","/yamaha/","Motos Yamaha","CLUSTER","So sánh","P2","Không khẳng định xe có sẵn nếu chưa xác minh tồn kho; có thể viết dạng hướng dẫn/so sánh.","https://yamaha-motor.com.vn/","https://fr.rentbikehanoi.com/yamaha/yamaha-gear-125-hybrid-vs-honda-vision-rental/","yamaha/yamaha-gear-125-hybrid-vs-honda-vision-rental/index.html","","Rédiger en français natif à partir de l'intention du plan vietnamien « Yamaha GEAR 125 Hybrid hay Honda Vision: nên chọn mẫu nào khi thuê xe? ». Utiliser les mots-clés de recherche comme signaux, sans traduction littérale ni bourrage. Répondre à une intention distincte du hub parent, garder les affirmations prudentes et suivre la politique de source.","/yamaha/;/types-motos/;/prix-location/","NO_INVENTED_STOCK_OR_SPECS","false","1500","2600","PLANNED","PLANNED","0","","","",""
"FR-186","186","Yamaha LEXi khi thuê xe ở Hà Nội: phù hợp với ai?","yamaha lexi rental hanoi","yamaha lexi rental hanoi; yamaha lexi hire hanoi; rent yamaha lexi hanoi","yamaha","/yamaha/","Motos Yamaha","CLUSTER","Điều tra thương mại","P2","Không khẳng định xe có sẵn nếu chưa xác minh tồn kho; có thể viết dạng hướng dẫn/so sánh.","https://yamaha-motor.com.vn/","https://fr.rentbikehanoi.com/yamaha/yamaha-lexi-rental-hanoi/","yamaha/yamaha-lexi-rental-hanoi/index.html","","Rédiger en français natif à partir de l'intention du plan vietnamien « Yamaha LEXi khi thuê xe ở Hà Nội: phù hợp với ai? ». Utiliser les mots-clés de recherche comme signaux, sans traduction littérale ni bourrage. Répondre à une intention distincte du hub parent, garder les affirmations prudentes et suivre la politique de source.","/yamaha/;/types-motos/;/prix-location/","NO_INVENTED_STOCK_OR_SPECS","false","1500","2600","PLANNED","PLANNED","0","","","",""
"FR-187","187","Giá thuê Yamaha LEXi: cách so sánh chi phí theo thời gian thuê","yamaha lexi rental price hanoi","yamaha lexi rental price hanoi; yamaha lexi rental cost; hire price yamaha lexi","yamaha","/yamaha/","Motos Yamaha","CLUSTER","Điều tra thương mại","P2","Không khẳng định xe có sẵn nếu chưa xác minh tồn kho; có thể viết dạng hướng dẫn/so sánh.","https://yamaha-motor.com.vn/","https://fr.rentbikehanoi.com/yamaha/yamaha-lexi-rental-price-hanoi/","yamaha/yamaha-lexi-rental-price-hanoi/index.html","","Rédiger en français natif à partir de l'intention du plan vietnamien « Giá thuê Yamaha LEXi: cách so sánh chi phí theo thời gian thuê ». Utiliser les mots-clés de recherche comme signaux, sans traduction littérale ni bourrage. Répondre à une intention distincte du hub parent, garder les affirmations prudentes et suivre la politique de source.","/yamaha/;/types-motos/;/prix-location/","NO_INVENTED_STOCK_OR_SPECS","false","1500","2600","PLANNED","PLANNED","0","","","",""
"FR-188","188","Yamaha LEXi đi phố Hà Nội: cảm giác lái và tính thực dụng","yamaha lexi hanoi city","yamaha lexi hanoi city; yamaha lexi city riding","yamaha","/yamaha/","Motos Yamaha","CLUSTER","Thông tin","P2","Không khẳng định xe có sẵn nếu chưa xác minh tồn kho; có thể viết dạng hướng dẫn/so sánh.","https://yamaha-motor.com.vn/","https://fr.rentbikehanoi.com/yamaha/yamaha-lexi-hanoi-city/","yamaha/yamaha-lexi-hanoi-city/index.html","","Rédiger en français natif à partir de l'intention du plan vietnamien « Yamaha LEXi đi phố Hà Nội: cảm giác lái và tính thực dụng ». Utiliser les mots-clés de recherche comme signaux, sans traduction littérale ni bourrage. Répondre à une intention distincte du hub parent, garder les affirmations prudentes et suivre la politique de source.","/yamaha/;/types-motos/;/prix-location/","NO_INVENTED_STOCK_OR_SPECS","false","1500","2600","PLANNED","PLANNED","0","","","",""
"FR-189","189","Yamaha LEXi có phù hợp đi phượt và đường núi ở Việt Nam không?","yamaha lexi vietnam road trip","yamaha lexi vietnam road trip; yamaha lexi mountain ride; touring yamaha lexi","yamaha","/yamaha/","Motos Yamaha","CLUSTER","Thông tin","P2","Không khẳng định xe có sẵn nếu chưa xác minh tồn kho; có thể viết dạng hướng dẫn/so sánh.","https://yamaha-motor.com.vn/","https://fr.rentbikehanoi.com/yamaha/yamaha-lexi-vietnam-road-trip/","yamaha/yamaha-lexi-vietnam-road-trip/index.html","","Rédiger en français natif à partir de l'intention du plan vietnamien « Yamaha LEXi có phù hợp đi phượt và đường núi ở Việt Nam không? ». Utiliser les mots-clés de recherche comme signaux, sans traduction littérale ni bourrage. Répondre à une intention distincte du hub parent, garder les affirmations prudentes et suivre la politique de source.","/yamaha/;/types-motos/;/prix-location/","NO_INVENTED_STOCK_OR_SPECS","false","1500","2600","PLANNED","PLANNED","0","","","",""
"FR-190","190","Yamaha LEXi hay Honda Vario 125: nên chọn mẫu nào khi thuê xe?","yamaha lexi vs honda vario 125 rental","yamaha lexi vs honda vario 125 rental; yamaha lexi vs honda vario 125 vietnam","yamaha","/yamaha/","Motos Yamaha","CLUSTER","So sánh","P2","Không khẳng định xe có sẵn nếu chưa xác minh tồn kho; có thể viết dạng hướng dẫn/so sánh.","https://yamaha-motor.com.vn/","https://fr.rentbikehanoi.com/yamaha/yamaha-lexi-vs-honda-vario-125-rental/","yamaha/yamaha-lexi-vs-honda-vario-125-rental/index.html","","Rédiger en français natif à partir de l'intention du plan vietnamien « Yamaha LEXi hay Honda Vario 125: nên chọn mẫu nào khi thuê xe? ». Utiliser les mots-clés de recherche comme signaux, sans traduction littérale ni bourrage. Répondre à une intention distincte du hub parent, garder les affirmations prudentes et suivre la politique de source.","/yamaha/;/types-motos/;/prix-location/","NO_INVENTED_STOCK_OR_SPECS","false","1500","2600","PLANNED","PLANNED","0","","","",""
"FR-191","191","Yamaha Exciter 155 khi thuê xe ở Hà Nội: phù hợp với ai?","yamaha exciter 155 rental hanoi","yamaha exciter 155 rental hanoi; yamaha exciter 155 hire hanoi; rent yamaha exciter 155 hanoi","yamaha","/yamaha/","Motos Yamaha","CLUSTER","Điều tra thương mại","P1","Không khẳng định xe có sẵn nếu chưa xác minh tồn kho; có thể viết dạng hướng dẫn/so sánh.","https://yamaha-motor.com.vn/","https://fr.rentbikehanoi.com/yamaha/yamaha-exciter-155-rental-hanoi/","yamaha/yamaha-exciter-155-rental-hanoi/index.html","","Rédiger en français natif à partir de l'intention du plan vietnamien « Yamaha Exciter 155 khi thuê xe ở Hà Nội: phù hợp với ai? ». Utiliser les mots-clés de recherche comme signaux, sans traduction littérale ni bourrage. Répondre à une intention distincte du hub parent, garder les affirmations prudentes et suivre la politique de source.","/yamaha/;/types-motos/;/prix-location/","NO_INVENTED_STOCK_OR_SPECS","false","1500","2600","PLANNED","PLANNED","0","","","",""
"FR-192","192","Giá thuê Yamaha Exciter 155: cách so sánh chi phí theo thời gian thuê","yamaha exciter 155 rental price hanoi","yamaha exciter 155 rental price hanoi; yamaha exciter 155 rental cost; hire price yamaha exciter 155","yamaha","/yamaha/","Motos Yamaha","CLUSTER","Điều tra thương mại","P1","Không khẳng định xe có sẵn nếu chưa xác minh tồn kho; có thể viết dạng hướng dẫn/so sánh.","https://yamaha-motor.com.vn/","https://fr.rentbikehanoi.com/yamaha/yamaha-exciter-155-rental-price-hanoi/","yamaha/yamaha-exciter-155-rental-price-hanoi/index.html","","Rédiger en français natif à partir de l'intention du plan vietnamien « Giá thuê Yamaha Exciter 155: cách so sánh chi phí theo thời gian thuê ». Utiliser les mots-clés de recherche comme signaux, sans traduction littérale ni bourrage. Répondre à une intention distincte du hub parent, garder les affirmations prudentes et suivre la politique de source.","/yamaha/;/types-motos/;/prix-location/","NO_INVENTED_STOCK_OR_SPECS","false","1500","2600","PLANNED","PLANNED","0","","","",""
"FR-193","193","Yamaha Exciter 155 đi phố Hà Nội: cảm giác lái và tính thực dụng","yamaha exciter 155 hanoi city","yamaha exciter 155 hanoi city; yamaha exciter 155 city riding","yamaha","/yamaha/","Motos Yamaha","CLUSTER","Thông tin","P1","Không khẳng định xe có sẵn nếu chưa xác minh tồn kho; có thể viết dạng hướng dẫn/so sánh.","https://yamaha-motor.com.vn/","https://fr.rentbikehanoi.com/yamaha/yamaha-exciter-155-hanoi-city/","yamaha/yamaha-exciter-155-hanoi-city/index.html","","Rédiger en français natif à partir de l'intention du plan vietnamien « Yamaha Exciter 155 đi phố Hà Nội: cảm giác lái và tính thực dụng ». Utiliser les mots-clés de recherche comme signaux, sans traduction littérale ni bourrage. Répondre à une intention distincte du hub parent, garder les affirmations prudentes et suivre la politique de source.","/yamaha/;/types-motos/;/prix-location/","NO_INVENTED_STOCK_OR_SPECS","false","1500","2600","PLANNED","PLANNED","0","","","",""
"FR-194","194","Yamaha Exciter 155 có phù hợp đi phượt và đường núi ở Việt Nam không?","yamaha exciter 155 vietnam road trip","yamaha exciter 155 vietnam road trip; yamaha exciter 155 mountain ride; touring yamaha exciter 155","yamaha","/yamaha/","Motos Yamaha","CLUSTER","Thông tin","P1","Không khẳng định xe có sẵn nếu chưa xác minh tồn kho; có thể viết dạng hướng dẫn/so sánh.","https://yamaha-motor.com.vn/","https://fr.rentbikehanoi.com/yamaha/yamaha-exciter-155-vietnam-road-trip/","yamaha/yamaha-exciter-155-vietnam-road-trip/index.html","","Rédiger en français natif à partir de l'intention du plan vietnamien « Yamaha Exciter 155 có phù hợp đi phượt và đường núi ở Việt Nam không? ». Utiliser les mots-clés de recherche comme signaux, sans traduction littérale ni bourrage. Répondre à une intention distincte du hub parent, garder les affirmations prudentes et suivre la politique de source.","/yamaha/;/types-motos/;/prix-location/","NO_INVENTED_STOCK_OR_SPECS","false","1500","2600","PLANNED","PLANNED","0","","","",""
"FR-195","195","Yamaha Exciter 155 hay Honda Winner X: nên chọn mẫu nào khi thuê xe?","yamaha exciter 155 vs honda winner x rental","yamaha exciter 155 vs honda winner x rental; yamaha exciter 155 vs honda winner x vietnam","yamaha","/yamaha/","Motos Yamaha","CLUSTER","So sánh","P1","Không khẳng định xe có sẵn nếu chưa xác minh tồn kho; có thể viết dạng hướng dẫn/so sánh.","https://yamaha-motor.com.vn/","https://fr.rentbikehanoi.com/yamaha/yamaha-exciter-155-vs-honda-winner-x-rental/","yamaha/yamaha-exciter-155-vs-honda-winner-x-rental/index.html","","Rédiger en français natif à partir de l'intention du plan vietnamien « Yamaha Exciter 155 hay Honda Winner X: nên chọn mẫu nào khi thuê xe? ». Utiliser les mots-clés de recherche comme signaux, sans traduction littérale ni bourrage. Répondre à une intention distincte du hub parent, garder les affirmations prudentes et suivre la politique de source.","/yamaha/;/types-motos/;/prix-location/","NO_INVENTED_STOCK_OR_SPECS","false","1500","2600","PLANNED","PLANNED","0","","","",""
"FR-196","196","Yamaha PG-1 ABS khi thuê xe ở Hà Nội: phù hợp với ai?","yamaha pg-1 abs rental hanoi","yamaha pg-1 abs rental hanoi; yamaha pg-1 abs hire hanoi; rent yamaha pg-1 abs hanoi","yamaha","/yamaha/","Motos Yamaha","CLUSTER","Điều tra thương mại","P1","Không khẳng định xe có sẵn nếu chưa xác minh tồn kho; có thể viết dạng hướng dẫn/so sánh.","https://yamaha-motor.com.vn/","https://fr.rentbikehanoi.com/yamaha/yamaha-pg-1-abs-rental-hanoi/","yamaha/yamaha-pg-1-abs-rental-hanoi/index.html","","Rédiger en français natif à partir de l'intention du plan vietnamien « Yamaha PG-1 ABS khi thuê xe ở Hà Nội: phù hợp với ai? ». Utiliser les mots-clés de recherche comme signaux, sans traduction littérale ni bourrage. Répondre à une intention distincte du hub parent, garder les affirmations prudentes et suivre la politique de source.","/yamaha/;/types-motos/;/prix-location/","NO_INVENTED_STOCK_OR_SPECS","false","1500","2600","PLANNED","PLANNED","0","","","",""
"FR-197","197","Giá thuê Yamaha PG-1 ABS: cách so sánh chi phí theo thời gian thuê","yamaha pg-1 abs rental price hanoi","yamaha pg-1 abs rental price hanoi; yamaha pg-1 abs rental cost; hire price yamaha pg-1 abs","yamaha","/yamaha/","Motos Yamaha","CLUSTER","Điều tra thương mại","P1","Không khẳng định xe có sẵn nếu chưa xác minh tồn kho; có thể viết dạng hướng dẫn/so sánh.","https://yamaha-motor.com.vn/","https://fr.rentbikehanoi.com/yamaha/yamaha-pg-1-abs-rental-price-hanoi/","yamaha/yamaha-pg-1-abs-rental-price-hanoi/index.html","","Rédiger en français natif à partir de l'intention du plan vietnamien « Giá thuê Yamaha PG-1 ABS: cách so sánh chi phí theo thời gian thuê ». Utiliser les mots-clés de recherche comme signaux, sans traduction littérale ni bourrage. Répondre à une intention distincte du hub parent, garder les affirmations prudentes et suivre la politique de source.","/yamaha/;/types-motos/;/prix-location/","NO_INVENTED_STOCK_OR_SPECS","false","1500","2600","PLANNED","PLANNED","0","","","",""
"FR-198","198","Yamaha PG-1 ABS đi phố Hà Nội: cảm giác lái và tính thực dụng","yamaha pg-1 abs hanoi city","yamaha pg-1 abs hanoi city; yamaha pg-1 abs city riding","yamaha","/yamaha/","Motos Yamaha","CLUSTER","Thông tin","P1","Không khẳng định xe có sẵn nếu chưa xác minh tồn kho; có thể viết dạng hướng dẫn/so sánh.","https://yamaha-motor.com.vn/","https://fr.rentbikehanoi.com/yamaha/yamaha-pg-1-abs-hanoi-city/","yamaha/yamaha-pg-1-abs-hanoi-city/index.html","","Rédiger en français natif à partir de l'intention du plan vietnamien « Yamaha PG-1 ABS đi phố Hà Nội: cảm giác lái và tính thực dụng ». Utiliser les mots-clés de recherche comme signaux, sans traduction littérale ni bourrage. Répondre à une intention distincte du hub parent, garder les affirmations prudentes et suivre la politique de source.","/yamaha/;/types-motos/;/prix-location/","NO_INVENTED_STOCK_OR_SPECS","false","1500","2600","PLANNED","PLANNED","0","","","",""
"FR-199","199","Yamaha PG-1 ABS có phù hợp đi phượt và đường núi ở Việt Nam không?","yamaha pg-1 abs vietnam road trip","yamaha pg-1 abs vietnam road trip; yamaha pg-1 abs mountain ride; touring yamaha pg-1 abs","yamaha","/yamaha/","Motos Yamaha","CLUSTER","Thông tin","P1","Không khẳng định xe có sẵn nếu chưa xác minh tồn kho; có thể viết dạng hướng dẫn/so sánh.","https://yamaha-motor.com.vn/","https://fr.rentbikehanoi.com/yamaha/yamaha-pg-1-abs-vietnam-road-trip/","yamaha/yamaha-pg-1-abs-vietnam-road-trip/index.html","","Rédiger en français natif à partir de l'intention du plan vietnamien « Yamaha PG-1 ABS có phù hợp đi phượt và đường núi ở Việt Nam không? ». Utiliser les mots-clés de recherche comme signaux, sans traduction littérale ni bourrage. Répondre à une intention distincte du hub parent, garder les affirmations prudentes et suivre la politique de source.","/yamaha/;/types-motos/;/prix-location/","NO_INVENTED_STOCK_OR_SPECS","false","1500","2600","PLANNED","PLANNED","0","","","",""
"FR-200","200","Yamaha PG-1 ABS hay Honda Super Cub C125: nên chọn mẫu nào khi thuê xe?","yamaha pg-1 abs vs honda super cub c125 rental","yamaha pg-1 abs vs honda super cub c125 rental; yamaha pg-1 abs vs honda super cub c125 vietnam","yamaha","/yamaha/","Motos Yamaha","CLUSTER","So sánh","P1","Không khẳng định xe có sẵn nếu chưa xác minh tồn kho; có thể viết dạng hướng dẫn/so sánh.","https://yamaha-motor.com.vn/","https://fr.rentbikehanoi.com/yamaha/yamaha-pg-1-abs-vs-honda-super-cub-c125-rental/","yamaha/yamaha-pg-1-abs-vs-honda-super-cub-c125-rental/index.html","","Rédiger en français natif à partir de l'intention du plan vietnamien « Yamaha PG-1 ABS hay Honda Super Cub C125: nên chọn mẫu nào khi thuê xe? ». Utiliser les mots-clés de recherche comme signaux, sans traduction littérale ni bourrage. Répondre à une intention distincte du hub parent, garder les affirmations prudentes et suivre la politique de source.","/yamaha/;/types-motos/;/prix-location/","NO_INVENTED_STOCK_OR_SPECS","false","1500","2600","PLANNED","PLANNED","0","","","",""
"FR-201","201","Yamaha Jupiter Finn khi thuê xe ở Hà Nội: phù hợp với ai?","yamaha jupiter finn rental hanoi","yamaha jupiter finn rental hanoi; yamaha jupiter finn hire hanoi; rent yamaha jupiter finn hanoi","yamaha","/yamaha/","Motos Yamaha","CLUSTER","Điều tra thương mại","P2","Không khẳng định xe có sẵn nếu chưa xác minh tồn kho; có thể viết dạng hướng dẫn/so sánh.","https://yamaha-motor.com.vn/","https://fr.rentbikehanoi.com/yamaha/yamaha-jupiter-finn-rental-hanoi/","yamaha/yamaha-jupiter-finn-rental-hanoi/index.html","","Rédiger en français natif à partir de l'intention du plan vietnamien « Yamaha Jupiter Finn khi thuê xe ở Hà Nội: phù hợp với ai? ». Utiliser les mots-clés de recherche comme signaux, sans traduction littérale ni bourrage. Répondre à une intention distincte du hub parent, garder les affirmations prudentes et suivre la politique de source.","/yamaha/;/types-motos/;/prix-location/","NO_INVENTED_STOCK_OR_SPECS","false","1500","2600","PLANNED","PLANNED","0","","","",""
"FR-202","202","Giá thuê Yamaha Jupiter Finn: cách so sánh chi phí theo thời gian thuê","yamaha jupiter finn rental price hanoi","yamaha jupiter finn rental price hanoi; yamaha jupiter finn rental cost; hire price yamaha jupiter finn","yamaha","/yamaha/","Motos Yamaha","CLUSTER","Điều tra thương mại","P2","Không khẳng định xe có sẵn nếu chưa xác minh tồn kho; có thể viết dạng hướng dẫn/so sánh.","https://yamaha-motor.com.vn/","https://fr.rentbikehanoi.com/yamaha/yamaha-jupiter-finn-rental-price-hanoi/","yamaha/yamaha-jupiter-finn-rental-price-hanoi/index.html","","Rédiger en français natif à partir de l'intention du plan vietnamien « Giá thuê Yamaha Jupiter Finn: cách so sánh chi phí theo thời gian thuê ». Utiliser les mots-clés de recherche comme signaux, sans traduction littérale ni bourrage. Répondre à une intention distincte du hub parent, garder les affirmations prudentes et suivre la politique de source.","/yamaha/;/types-motos/;/prix-location/","NO_INVENTED_STOCK_OR_SPECS","false","1500","2600","PLANNED","PLANNED","0","","","",""
"FR-203","203","Yamaha Jupiter Finn đi phố Hà Nội: cảm giác lái và tính thực dụng","yamaha jupiter finn hanoi city","yamaha jupiter finn hanoi city; yamaha jupiter finn city riding","yamaha","/yamaha/","Motos Yamaha","CLUSTER","Thông tin","P2","Không khẳng định xe có sẵn nếu chưa xác minh tồn kho; có thể viết dạng hướng dẫn/so sánh.","https://yamaha-motor.com.vn/","https://fr.rentbikehanoi.com/yamaha/yamaha-jupiter-finn-hanoi-city/","yamaha/yamaha-jupiter-finn-hanoi-city/index.html","","Rédiger en français natif à partir de l'intention du plan vietnamien « Yamaha Jupiter Finn đi phố Hà Nội: cảm giác lái và tính thực dụng ». Utiliser les mots-clés de recherche comme signaux, sans traduction littérale ni bourrage. Répondre à une intention distincte du hub parent, garder les affirmations prudentes et suivre la politique de source.","/yamaha/;/types-motos/;/prix-location/","NO_INVENTED_STOCK_OR_SPECS","false","1500","2600","PLANNED","PLANNED","0","","","",""
"FR-204","204","Yamaha Jupiter Finn có phù hợp đi phượt và đường núi ở Việt Nam không?","yamaha jupiter finn vietnam road trip","yamaha jupiter finn vietnam road trip; yamaha jupiter finn mountain ride; touring yamaha jupiter finn","yamaha","/yamaha/","Motos Yamaha","CLUSTER","Thông tin","P2","Không khẳng định xe có sẵn nếu chưa xác minh tồn kho; có thể viết dạng hướng dẫn/so sánh.","https://yamaha-motor.com.vn/","https://fr.rentbikehanoi.com/yamaha/yamaha-jupiter-finn-vietnam-road-trip/","yamaha/yamaha-jupiter-finn-vietnam-road-trip/index.html","","Rédiger en français natif à partir de l'intention du plan vietnamien « Yamaha Jupiter Finn có phù hợp đi phượt và đường núi ở Việt Nam không? ». Utiliser les mots-clés de recherche comme signaux, sans traduction littérale ni bourrage. Répondre à une intention distincte du hub parent, garder les affirmations prudentes et suivre la politique de source.","/yamaha/;/types-motos/;/prix-location/","NO_INVENTED_STOCK_OR_SPECS","false","1500","2600","PLANNED","PLANNED","0","","","",""
"FR-205","205","Yamaha Jupiter Finn hay Honda Future 125 FI: nên chọn mẫu nào khi thuê xe?","yamaha jupiter finn vs honda future 125 fi rental","yamaha jupiter finn vs honda future 125 fi rental; yamaha jupiter finn vs honda future 125 fi vietnam","yamaha","/yamaha/","Motos Yamaha","CLUSTER","So sánh","P2","Không khẳng định xe có sẵn nếu chưa xác minh tồn kho; có thể viết dạng hướng dẫn/so sánh.","https://yamaha-motor.com.vn/","https://fr.rentbikehanoi.com/yamaha/yamaha-jupiter-finn-vs-honda-future-125-fi-rental/","yamaha/yamaha-jupiter-finn-vs-honda-future-125-fi-rental/index.html","","Rédiger en français natif à partir de l'intention du plan vietnamien « Yamaha Jupiter Finn hay Honda Future 125 FI: nên chọn mẫu nào khi thuê xe? ». Utiliser les mots-clés de recherche comme signaux, sans traduction littérale ni bourrage. Répondre à une intention distincte du hub parent, garder les affirmations prudentes et suivre la politique de source.","/yamaha/;/types-motos/;/prix-location/","NO_INVENTED_STOCK_OR_SPECS","false","1500","2600","PLANNED","PLANNED","0","","","",""
"FR-206","206","Yamaha Sirius khi thuê xe ở Hà Nội: phù hợp với ai?","yamaha sirius rental hanoi","yamaha sirius rental hanoi; yamaha sirius hire hanoi; rent yamaha sirius hanoi","yamaha","/yamaha/","Motos Yamaha","CLUSTER","Điều tra thương mại","P0","Không khẳng định xe có sẵn nếu chưa xác minh tồn kho; có thể viết dạng hướng dẫn/so sánh.","https://yamaha-motor.com.vn/","https://fr.rentbikehanoi.com/yamaha/yamaha-sirius-rental-hanoi/","yamaha/yamaha-sirius-rental-hanoi/index.html","","Rédiger en français natif à partir de l'intention du plan vietnamien « Yamaha Sirius khi thuê xe ở Hà Nội: phù hợp với ai? ». Utiliser les mots-clés de recherche comme signaux, sans traduction littérale ni bourrage. Répondre à une intention distincte du hub parent, garder les affirmations prudentes et suivre la politique de source.","/yamaha/;/types-motos/;/prix-location/","NO_INVENTED_STOCK_OR_SPECS","false","1700","2800","PLANNED","PLANNED","0","","","",""
"FR-207","207","Giá thuê Yamaha Sirius: cách so sánh chi phí theo thời gian thuê","yamaha sirius rental price hanoi","yamaha sirius rental price hanoi; yamaha sirius rental cost; hire price yamaha sirius","yamaha","/yamaha/","Motos Yamaha","CLUSTER","Điều tra thương mại","P0","Không khẳng định xe có sẵn nếu chưa xác minh tồn kho; có thể viết dạng hướng dẫn/so sánh.","https://yamaha-motor.com.vn/","https://fr.rentbikehanoi.com/yamaha/yamaha-sirius-rental-price-hanoi/","yamaha/yamaha-sirius-rental-price-hanoi/index.html","","Rédiger en français natif à partir de l'intention du plan vietnamien « Giá thuê Yamaha Sirius: cách so sánh chi phí theo thời gian thuê ». Utiliser les mots-clés de recherche comme signaux, sans traduction littérale ni bourrage. Répondre à une intention distincte du hub parent, garder les affirmations prudentes et suivre la politique de source.","/yamaha/;/types-motos/;/prix-location/","NO_INVENTED_STOCK_OR_SPECS","false","1700","2800","PLANNED","PLANNED","0","","","",""
"FR-208","208","Yamaha Sirius đi phố Hà Nội: cảm giác lái và tính thực dụng","yamaha sirius hanoi city","yamaha sirius hanoi city; yamaha sirius city riding","yamaha","/yamaha/","Motos Yamaha","CLUSTER","Thông tin","P0","Không khẳng định xe có sẵn nếu chưa xác minh tồn kho; có thể viết dạng hướng dẫn/so sánh.","https://yamaha-motor.com.vn/","https://fr.rentbikehanoi.com/yamaha/yamaha-sirius-hanoi-city/","yamaha/yamaha-sirius-hanoi-city/index.html","","Rédiger en français natif à partir de l'intention du plan vietnamien « Yamaha Sirius đi phố Hà Nội: cảm giác lái và tính thực dụng ». Utiliser les mots-clés de recherche comme signaux, sans traduction littérale ni bourrage. Répondre à une intention distincte du hub parent, garder les affirmations prudentes et suivre la politique de source.","/yamaha/;/types-motos/;/prix-location/","NO_INVENTED_STOCK_OR_SPECS","false","1700","2800","PLANNED","PLANNED","0","","","",""
"FR-209","209","Yamaha Sirius có phù hợp đi phượt và đường núi ở Việt Nam không?","yamaha sirius vietnam road trip","yamaha sirius vietnam road trip; yamaha sirius mountain ride; touring yamaha sirius","yamaha","/yamaha/","Motos Yamaha","CLUSTER","Thông tin","P0","Không khẳng định xe có sẵn nếu chưa xác minh tồn kho; có thể viết dạng hướng dẫn/so sánh.","https://yamaha-motor.com.vn/","https://fr.rentbikehanoi.com/yamaha/yamaha-sirius-vietnam-road-trip/","yamaha/yamaha-sirius-vietnam-road-trip/index.html","","Rédiger en français natif à partir de l'intention du plan vietnamien « Yamaha Sirius có phù hợp đi phượt và đường núi ở Việt Nam không? ». Utiliser les mots-clés de recherche comme signaux, sans traduction littérale ni bourrage. Répondre à une intention distincte du hub parent, garder les affirmations prudentes et suivre la politique de source.","/yamaha/;/types-motos/;/prix-location/","NO_INVENTED_STOCK_OR_SPECS","false","1700","2800","PLANNED","PLANNED","0","","","",""
"FR-210","210","Yamaha Sirius hay Honda Wave Alpha: nên chọn mẫu nào khi thuê xe?","yamaha sirius vs honda wave alpha rental","yamaha sirius vs honda wave alpha rental; yamaha sirius vs honda wave alpha vietnam","yamaha","/yamaha/","Motos Yamaha","CLUSTER","So sánh","P0","Không khẳng định xe có sẵn nếu chưa xác minh tồn kho; có thể viết dạng hướng dẫn/so sánh.","https://yamaha-motor.com.vn/","https://fr.rentbikehanoi.com/yamaha/yamaha-sirius-vs-honda-wave-alpha-rental/","yamaha/yamaha-sirius-vs-honda-wave-alpha-rental/index.html","","Rédiger en français natif à partir de l'intention du plan vietnamien « Yamaha Sirius hay Honda Wave Alpha: nên chọn mẫu nào khi thuê xe? ». Utiliser les mots-clés de recherche comme signaux, sans traduction littérale ni bourrage. Répondre à une intention distincte du hub parent, garder les affirmations prudentes et suivre la politique de source.","/yamaha/;/types-motos/;/prix-location/","NO_INVENTED_STOCK_OR_SPECS","false","1700","2800","PLANNED","PLANNED","0","","","",""
"FR-211","211","Yamaha Sirius FI khi thuê xe ở Hà Nội: phù hợp với ai?","yamaha sirius fi rental hanoi","yamaha sirius fi rental hanoi; yamaha sirius fi hire hanoi; rent yamaha sirius fi hanoi","yamaha","/yamaha/","Motos Yamaha","CLUSTER","Điều tra thương mại","P0","Không khẳng định xe có sẵn nếu chưa xác minh tồn kho; có thể viết dạng hướng dẫn/so sánh.","https://yamaha-motor.com.vn/","https://fr.rentbikehanoi.com/yamaha/yamaha-sirius-fi-rental-hanoi/","yamaha/yamaha-sirius-fi-rental-hanoi/index.html","","Rédiger en français natif à partir de l'intention du plan vietnamien « Yamaha Sirius FI khi thuê xe ở Hà Nội: phù hợp với ai? ». Utiliser les mots-clés de recherche comme signaux, sans traduction littérale ni bourrage. Répondre à une intention distincte du hub parent, garder les affirmations prudentes et suivre la politique de source.","/yamaha/;/types-motos/;/prix-location/","NO_INVENTED_STOCK_OR_SPECS","false","1700","2800","PLANNED","PLANNED","0","","","",""
"FR-212","212","Giá thuê Yamaha Sirius FI: cách so sánh chi phí theo thời gian thuê","yamaha sirius fi rental price hanoi","yamaha sirius fi rental price hanoi; yamaha sirius fi rental cost; hire price yamaha sirius fi","yamaha","/yamaha/","Motos Yamaha","CLUSTER","Điều tra thương mại","P0","Không khẳng định xe có sẵn nếu chưa xác minh tồn kho; có thể viết dạng hướng dẫn/so sánh.","https://yamaha-motor.com.vn/","https://fr.rentbikehanoi.com/yamaha/yamaha-sirius-fi-rental-price-hanoi/","yamaha/yamaha-sirius-fi-rental-price-hanoi/index.html","","Rédiger en français natif à partir de l'intention du plan vietnamien « Giá thuê Yamaha Sirius FI: cách so sánh chi phí theo thời gian thuê ». Utiliser les mots-clés de recherche comme signaux, sans traduction littérale ni bourrage. Répondre à une intention distincte du hub parent, garder les affirmations prudentes et suivre la politique de source.","/yamaha/;/types-motos/;/prix-location/","NO_INVENTED_STOCK_OR_SPECS","false","1700","2800","PLANNED","PLANNED","0","","","",""
"FR-213","213","Yamaha Sirius FI đi phố Hà Nội: cảm giác lái và tính thực dụng","yamaha sirius fi hanoi city","yamaha sirius fi hanoi city; yamaha sirius fi city riding","yamaha","/yamaha/","Motos Yamaha","CLUSTER","Thông tin","P0","Không khẳng định xe có sẵn nếu chưa xác minh tồn kho; có thể viết dạng hướng dẫn/so sánh.","https://yamaha-motor.com.vn/","https://fr.rentbikehanoi.com/yamaha/yamaha-sirius-fi-hanoi-city/","yamaha/yamaha-sirius-fi-hanoi-city/index.html","","Rédiger en français natif à partir de l'intention du plan vietnamien « Yamaha Sirius FI đi phố Hà Nội: cảm giác lái và tính thực dụng ». Utiliser les mots-clés de recherche comme signaux, sans traduction littérale ni bourrage. Répondre à une intention distincte du hub parent, garder les affirmations prudentes et suivre la politique de source.","/yamaha/;/types-motos/;/prix-location/","NO_INVENTED_STOCK_OR_SPECS","false","1700","2800","PLANNED","PLANNED","0","","","",""
"FR-214","214","Yamaha Sirius FI có phù hợp đi phượt và đường núi ở Việt Nam không?","yamaha sirius fi vietnam road trip","yamaha sirius fi vietnam road trip; yamaha sirius fi mountain ride; touring yamaha sirius fi","yamaha","/yamaha/","Motos Yamaha","CLUSTER","Thông tin","P0","Không khẳng định xe có sẵn nếu chưa xác minh tồn kho; có thể viết dạng hướng dẫn/so sánh.","https://yamaha-motor.com.vn/","https://fr.rentbikehanoi.com/yamaha/yamaha-sirius-fi-vietnam-road-trip/","yamaha/yamaha-sirius-fi-vietnam-road-trip/index.html","","Rédiger en français natif à partir de l'intention du plan vietnamien « Yamaha Sirius FI có phù hợp đi phượt và đường núi ở Việt Nam không? ». Utiliser les mots-clés de recherche comme signaux, sans traduction littérale ni bourrage. Répondre à une intention distincte du hub parent, garder les affirmations prudentes et suivre la politique de source.","/yamaha/;/types-motos/;/prix-location/","NO_INVENTED_STOCK_OR_SPECS","false","1700","2800","PLANNED","PLANNED","0","","","",""
"FR-215","215","Yamaha Sirius FI hay Honda Wave RSX: nên chọn mẫu nào khi thuê xe?","yamaha sirius fi vs honda wave rsx rental","yamaha sirius fi vs honda wave rsx rental; yamaha sirius fi vs honda wave rsx vietnam","yamaha","/yamaha/","Motos Yamaha","CLUSTER","So sánh","P0","Không khẳng định xe có sẵn nếu chưa xác minh tồn kho; có thể viết dạng hướng dẫn/so sánh.","https://yamaha-motor.com.vn/","https://fr.rentbikehanoi.com/yamaha/yamaha-sirius-fi-vs-honda-wave-rsx-rental/","yamaha/yamaha-sirius-fi-vs-honda-wave-rsx-rental/index.html","","Rédiger en français natif à partir de l'intention du plan vietnamien « Yamaha Sirius FI hay Honda Wave RSX: nên chọn mẫu nào khi thuê xe? ». Utiliser les mots-clés de recherche comme signaux, sans traduction littérale ni bourrage. Répondre à une intention distincte du hub parent, garder les affirmations prudentes et suivre la politique de source.","/yamaha/;/types-motos/;/prix-location/","NO_INVENTED_STOCK_OR_SPECS","false","1700","2800","PLANNED","PLANNED","0","","","",""
"FR-216","216","Yamaha NEO'S khi thuê xe ở Hà Nội: phù hợp với ai?","yamaha neo's rental hanoi","yamaha neo's rental hanoi; yamaha neo's hire hanoi; rent yamaha neo's hanoi","yamaha","/yamaha/","Motos Yamaha","CLUSTER","Điều tra thương mại","P1","Không khẳng định xe có sẵn nếu chưa xác minh tồn kho; có thể viết dạng hướng dẫn/so sánh.","https://yamaha-motor.com.vn/","https://fr.rentbikehanoi.com/yamaha/yamaha-neo-s-rental-hanoi/","yamaha/yamaha-neo-s-rental-hanoi/index.html","","Rédiger en français natif à partir de l'intention du plan vietnamien « Yamaha NEO'S khi thuê xe ở Hà Nội: phù hợp với ai? ». Utiliser les mots-clés de recherche comme signaux, sans traduction littérale ni bourrage. Répondre à une intention distincte du hub parent, garder les affirmations prudentes et suivre la politique de source.","/yamaha/;/types-motos/;/prix-location/","NO_INVENTED_STOCK_OR_SPECS","false","1500","2600","PLANNED","PLANNED","0","","","",""
"FR-217","217","Giá thuê Yamaha NEO'S: cách so sánh chi phí theo thời gian thuê","yamaha neo's rental price hanoi","yamaha neo's rental price hanoi; yamaha neo's rental cost; hire price yamaha neo's","yamaha","/yamaha/","Motos Yamaha","CLUSTER","Điều tra thương mại","P1","Không khẳng định xe có sẵn nếu chưa xác minh tồn kho; có thể viết dạng hướng dẫn/so sánh.","https://yamaha-motor.com.vn/","https://fr.rentbikehanoi.com/yamaha/yamaha-neo-s-rental-price-hanoi/","yamaha/yamaha-neo-s-rental-price-hanoi/index.html","","Rédiger en français natif à partir de l'intention du plan vietnamien « Giá thuê Yamaha NEO'S: cách so sánh chi phí theo thời gian thuê ». Utiliser les mots-clés de recherche comme signaux, sans traduction littérale ni bourrage. Répondre à une intention distincte du hub parent, garder les affirmations prudentes et suivre la politique de source.","/yamaha/;/types-motos/;/prix-location/","NO_INVENTED_STOCK_OR_SPECS","false","1500","2600","PLANNED","PLANNED","0","","","",""
"FR-218","218","Yamaha NEO'S đi phố Hà Nội: cảm giác lái và tính thực dụng","yamaha neo's hanoi city","yamaha neo's hanoi city; yamaha neo's city riding","yamaha","/yamaha/","Motos Yamaha","CLUSTER","Thông tin","P1","Không khẳng định xe có sẵn nếu chưa xác minh tồn kho; có thể viết dạng hướng dẫn/so sánh.","https://yamaha-motor.com.vn/","https://fr.rentbikehanoi.com/yamaha/yamaha-neo-s-hanoi-city/","yamaha/yamaha-neo-s-hanoi-city/index.html","","Rédiger en français natif à partir de l'intention du plan vietnamien « Yamaha NEO'S đi phố Hà Nội: cảm giác lái và tính thực dụng ». Utiliser les mots-clés de recherche comme signaux, sans traduction littérale ni bourrage. Répondre à une intention distincte du hub parent, garder les affirmations prudentes et suivre la politique de source.","/yamaha/;/types-motos/;/prix-location/","NO_INVENTED_STOCK_OR_SPECS","false","1500","2600","PLANNED","PLANNED","0","","","",""
"FR-219","219","Yamaha NEO'S có phù hợp đi phượt và đường núi ở Việt Nam không?","yamaha neo's vietnam road trip","yamaha neo's vietnam road trip; yamaha neo's mountain ride; touring yamaha neo's","yamaha","/yamaha/","Motos Yamaha","CLUSTER","Thông tin","P1","Không khẳng định xe có sẵn nếu chưa xác minh tồn kho; có thể viết dạng hướng dẫn/so sánh.","https://yamaha-motor.com.vn/","https://fr.rentbikehanoi.com/yamaha/yamaha-neo-s-vietnam-road-trip/","yamaha/yamaha-neo-s-vietnam-road-trip/index.html","","Rédiger en français natif à partir de l'intention du plan vietnamien « Yamaha NEO'S có phù hợp đi phượt và đường núi ở Việt Nam không? ». Utiliser les mots-clés de recherche comme signaux, sans traduction littérale ni bourrage. Répondre à une intention distincte du hub parent, garder les affirmations prudentes et suivre la politique de source.","/yamaha/;/types-motos/;/prix-location/","NO_INVENTED_STOCK_OR_SPECS","false","1500","2600","PLANNED","PLANNED","0","","","",""
"FR-220","220","Yamaha NEO'S hay Honda ICON e:: nên chọn mẫu nào khi thuê xe?","yamaha neo's vs honda icon e: rental","yamaha neo's vs honda icon e: rental; yamaha neo's vs honda icon e: vietnam","yamaha","/yamaha/","Motos Yamaha","CLUSTER","So sánh","P1","Không khẳng định xe có sẵn nếu chưa xác minh tồn kho; có thể viết dạng hướng dẫn/so sánh.","https://yamaha-motor.com.vn/","https://fr.rentbikehanoi.com/yamaha/yamaha-neo-s-vs-honda-icon-e-rental/","yamaha/yamaha-neo-s-vs-honda-icon-e-rental/index.html","","Rédiger en français natif à partir de l'intention du plan vietnamien « Yamaha NEO'S hay Honda ICON e:: nên chọn mẫu nào khi thuê xe? ». Utiliser les mots-clés de recherche comme signaux, sans traduction littérale ni bourrage. Répondre à une intention distincte du hub parent, garder les affirmations prudentes et suivre la politique de source.","/yamaha/;/types-motos/;/prix-location/","NO_INVENTED_STOCK_OR_SPECS","false","1500","2600","PLANNED","PLANNED","0","","","",""
"FR-221","221","Xe tay ga tự động ở Hà Nội: hướng dẫn chọn scooter automatic để thuê","automatic scooter rental hanoi","automatic scooter rental hanoi; scooter automatic hanoi; rent automatic scooter hanoi","types","/types-motos/","Types de motos","CLUSTER","Giao dịch","P0","Không suy diễn pháp lý/khả năng xe; thông số cần kiểm tra theo mẫu cụ thể.","https://keywordtool.io/","","","","Rédiger en français natif à partir de l'intention du plan vietnamien « Xe tay ga tự động ở Hà Nội: hướng dẫn chọn scooter automatic để thuê ». Utiliser les mots-clés de recherche comme signaux, sans traduction littérale ni bourrage. Répondre à une intention distincte du hub parent, garder les affirmations prudentes et suivre la politique de source.","/types-motos/;/location-moto-hanoi/;/permis-securite/","VERIFIED_BUSINESS_PLUS_CAUTIOUS_GUIDANCE","false","1700","2800","FOUNDATION_MERGE","MERGED_FOUNDATION","0","","","","/types-motos/scooter-automatique/"
"FR-222","222","Xe số semi-automatic ở Hà Nội: ai nên thuê và ai không nên","semi automatic motorbike rental hanoi","semi automatic motorbike rental hanoi; semi automatic scooter hanoi","types","/types-motos/","Types de motos","CLUSTER","Giao dịch","P0","Không suy diễn pháp lý/khả năng xe; thông số cần kiểm tra theo mẫu cụ thể.","https://keywordtool.io/","","","","Rédiger en français natif à partir de l'intention du plan vietnamien « Xe số semi-automatic ở Hà Nội: ai nên thuê và ai không nên ». Utiliser les mots-clés de recherche comme signaux, sans traduction littérale ni bourrage. Répondre à une intention distincte du hub parent, garder les affirmations prudentes et suivre la politique de source.","/types-motos/;/location-moto-hanoi/;/permis-securite/","VERIFIED_BUSINESS_PLUS_CAUTIOUS_GUIDANCE","false","1700","2800","FOUNDATION_MERGE","MERGED_FOUNDATION","0","","","","/types-motos/semi-automatique/"
"FR-223","223","Xe côn tay/manual ở Hà Nội: khi nào đáng thuê","manual motorbike rental hanoi","manual motorbike rental hanoi; clutch motorcycle hire hanoi","types","/types-motos/","Types de motos","CLUSTER","Giao dịch","P1","Không suy diễn pháp lý/khả năng xe; thông số cần kiểm tra theo mẫu cụ thể.","https://keywordtool.io/","https://fr.rentbikehanoi.com/types-motos/manual-motorbike-rental-hanoi/","types-motos/manual-motorbike-rental-hanoi/index.html","","Rédiger en français natif à partir de l'intention du plan vietnamien « Xe côn tay/manual ở Hà Nội: khi nào đáng thuê ». Utiliser les mots-clés de recherche comme signaux, sans traduction littérale ni bourrage. Répondre à une intention distincte du hub parent, garder les affirmations prudentes et suivre la politique de source.","/types-motos/;/location-moto-hanoi/;/permis-securite/","VERIFIED_BUSINESS_PLUS_CAUTIOUS_GUIDANCE","false","1500","2600","PLANNED","PLANNED","0","","","",""
"FR-224","224","Thuê xe 50cc ở Hà Nội: lựa chọn cho người cần xe nhỏ và dễ chạy","50cc scooter rental hanoi","50cc scooter rental hanoi; 50cc motorbike rental hanoi; rent 50cc scooter hanoi","types","/types-motos/","Types de motos","CLUSTER","Giao dịch","P0","Không suy diễn pháp lý/khả năng xe; thông số cần kiểm tra theo mẫu cụ thể.","https://keywordtool.io/","","","","Rédiger en français natif à partir de l'intention du plan vietnamien « Thuê xe 50cc ở Hà Nội: lựa chọn cho người cần xe nhỏ và dễ chạy ». Utiliser les mots-clés de recherche comme signaux, sans traduction littérale ni bourrage. Répondre à une intention distincte du hub parent, garder les affirmations prudentes et suivre la politique de source.","/types-motos/;/location-moto-hanoi/;/permis-securite/","VERIFIED_BUSINESS_PLUS_CAUTIOUS_GUIDANCE","false","1700","2800","FOUNDATION_MERGE","MERGED_FOUNDATION","0","","","","/types-motos/50cc/"
"FR-225","225","Xe điện 50cc và xe điện công suất thấp: khác gì xe xăng 50cc?","50cc electric scooter vietnam","50cc electric scooter vietnam; low power electric scooter hanoi","types","/types-motos/","Types de motos","CLUSTER","Thông tin","P0","Không suy diễn pháp lý/khả năng xe; thông số cần kiểm tra theo mẫu cụ thể.","https://keywordtool.io/","https://fr.rentbikehanoi.com/types-motos/50cc-electric-scooter-vietnam/","types-motos/50cc-electric-scooter-vietnam/index.html","","Rédiger en français natif à partir de l'intention du plan vietnamien « Xe điện 50cc và xe điện công suất thấp: khác gì xe xăng 50cc? ». Utiliser les mots-clés de recherche comme signaux, sans traduction littérale ni bourrage. Répondre à une intention distincte du hub parent, garder les affirmations prudentes et suivre la politique de source.","/types-motos/;/location-moto-hanoi/;/permis-securite/","VERIFIED_BUSINESS_PLUS_CAUTIOUS_GUIDANCE","false","1700","2800","PLANNED","PLANNED","0","","","",""
"FR-226","226","Thuê xe máy điện ở Hà Nội: sạc pin, quãng đường và chi phí","electric motorbike rental hanoi","electric motorbike rental hanoi; electric scooter rental hanoi; rent electric scooter hanoi","types","/types-motos/","Types de motos","CLUSTER","Giao dịch","P0","Không suy diễn pháp lý/khả năng xe; thông số cần kiểm tra theo mẫu cụ thể.","https://keywordtool.io/","","","","Rédiger en français natif à partir de l'intention du plan vietnamien « Thuê xe máy điện ở Hà Nội: sạc pin, quãng đường và chi phí ». Utiliser les mots-clés de recherche comme signaux, sans traduction littérale ni bourrage. Répondre à une intention distincte du hub parent, garder les affirmations prudentes et suivre la politique de source.","/types-motos/;/location-moto-hanoi/;/permis-securite/","VERIFIED_BUSINESS_PLUS_CAUTIOUS_GUIDANCE","false","1700","2800","FOUNDATION_MERGE","MERGED_FOUNDATION","0","","","","/types-motos/electrique/"
"FR-227","227","Xe cào cào/trail để đi phượt: chọn xe nào từ Hà Nội","trail bike rental hanoi","trail bike rental hanoi; adventure motorbike rental hanoi; dirt bike vietnam","types","/types-motos/","Types de motos","CLUSTER","Điều tra thương mại","P0","Không suy diễn pháp lý/khả năng xe; thông số cần kiểm tra theo mẫu cụ thể.","https://keywordtool.io/","","","","Rédiger en français natif à partir de l'intention du plan vietnamien « Xe cào cào/trail để đi phượt: chọn xe nào từ Hà Nội ». Utiliser les mots-clés de recherche comme signaux, sans traduction littérale ni bourrage. Répondre à une intention distincte du hub parent, garder les affirmations prudentes et suivre la politique de source.","/types-motos/;/location-moto-hanoi/;/permis-securite/","VERIFIED_BUSINESS_PLUS_CAUTIOUS_GUIDANCE","false","1700","2800","FOUNDATION_MERGE","MERGED_FOUNDATION","0","","","","/types-motos/trail/"
"FR-228","228","Xe ga 110–125cc hay 150–160cc: chọn dung tích nào khi thuê","125cc scooter rental hanoi","125cc scooter rental hanoi; 150cc scooter rental hanoi; 160cc scooter rental","types","/types-motos/","Types de motos","CLUSTER","So sánh","P1","Không suy diễn pháp lý/khả năng xe; thông số cần kiểm tra theo mẫu cụ thể.","https://keywordtool.io/","https://fr.rentbikehanoi.com/types-motos/125cc-scooter-rental-hanoi/","types-motos/125cc-scooter-rental-hanoi/index.html","","Rédiger en français natif à partir de l'intention du plan vietnamien « Xe ga 110–125cc hay 150–160cc: chọn dung tích nào khi thuê ». Utiliser les mots-clés de recherche comme signaux, sans traduction littérale ni bourrage. Répondre à une intention distincte du hub parent, garder les affirmations prudentes et suivre la politique de source.","/types-motos/;/location-moto-hanoi/;/permis-securite/","VERIFIED_BUSINESS_PLUS_CAUTIOUS_GUIDANCE","false","1500","2600","PLANNED","PLANNED","0","","","",""
"FR-229","229","Xe dưới 125cc ở Việt Nam: nhóm xe nào phù hợp khách du lịch","under 125cc motorbike vietnam","under 125cc motorbike vietnam; 125cc rental hanoi","types","/types-motos/","Types de motos","CLUSTER","Thông tin","P1","Không suy diễn pháp lý/khả năng xe; thông số cần kiểm tra theo mẫu cụ thể.","https://keywordtool.io/","https://fr.rentbikehanoi.com/types-motos/under-125cc-motorbike-vietnam/","types-motos/under-125cc-motorbike-vietnam/index.html","","Rédiger en français natif à partir de l'intention du plan vietnamien « Xe dưới 125cc ở Việt Nam: nhóm xe nào phù hợp khách du lịch ». Utiliser les mots-clés de recherche comme signaux, sans traduction littérale ni bourrage. Répondre à une intention distincte du hub parent, garder les affirmations prudentes et suivre la politique de source.","/types-motos/;/location-moto-hanoi/;/permis-securite/","VERIFIED_BUSINESS_PLUS_CAUTIOUS_GUIDANCE","false","1500","2600","PLANNED","PLANNED","0","","","",""
"FR-230","230","Xe trên 125cc: khác gì về sức mạnh và yêu cầu bằng lái","over 125cc motorcycle vietnam","over 125cc motorcycle vietnam; license 125cc vietnam","types","/types-motos/","Types de motos","CLUSTER","Thông tin pháp lý","P1","Không suy diễn pháp lý/khả năng xe; thông số cần kiểm tra theo mẫu cụ thể.","https://keywordtool.io/","https://fr.rentbikehanoi.com/types-motos/over-125cc-motorcycle-vietnam/","types-motos/over-125cc-motorcycle-vietnam/index.html","","Rédiger en français natif à partir de l'intention du plan vietnamien « Xe trên 125cc: khác gì về sức mạnh và yêu cầu bằng lái ». Utiliser les mots-clés de recherche comme signaux, sans traduction littérale ni bourrage. Répondre à une intention distincte du hub parent, garder les affirmations prudentes et suivre la politique de source.","/types-motos/;/location-moto-hanoi/;/permis-securite/","VERIFIED_BUSINESS_PLUS_CAUTIOUS_GUIDANCE","false","1500","2600","PLANNED","PLANNED","0","","","",""
"FR-231","231","Xe nhẹ cho người thấp: nên chọn Vision, Janus hay xe 50cc?","light scooter hanoi","light scooter hanoi; scooter for short rider vietnam","types","/types-motos/","Types de motos","CLUSTER","Điều tra thương mại","P1","Không suy diễn pháp lý/khả năng xe; thông số cần kiểm tra theo mẫu cụ thể.","https://keywordtool.io/","https://fr.rentbikehanoi.com/types-motos/light-scooter-hanoi/","types-motos/light-scooter-hanoi/index.html","","Rédiger en français natif à partir de l'intention du plan vietnamien « Xe nhẹ cho người thấp: nên chọn Vision, Janus hay xe 50cc? ». Utiliser les mots-clés de recherche comme signaux, sans traduction littérale ni bourrage. Répondre à une intention distincte du hub parent, garder les affirmations prudentes et suivre la politique de source.","/types-motos/;/location-moto-hanoi/;/permis-securite/","VERIFIED_BUSINESS_PLUS_CAUTIOUS_GUIDANCE","false","1500","2600","PLANNED","PLANNED","0","","","",""
"FR-232","232","Xe cho người cao: NVX, NMAX hay dòng trail dễ ngồi hơn?","scooter for tall rider vietnam","scooter for tall rider vietnam; motorbike tall rider hanoi","types","/types-motos/","Types de motos","CLUSTER","Điều tra thương mại","P2","Không suy diễn pháp lý/khả năng xe; thông số cần kiểm tra theo mẫu cụ thể.","https://keywordtool.io/","https://fr.rentbikehanoi.com/types-motos/scooter-for-tall-rider-vietnam/","types-motos/scooter-for-tall-rider-vietnam/index.html","","Rédiger en français natif à partir de l'intention du plan vietnamien « Xe cho người cao: NVX, NMAX hay dòng trail dễ ngồi hơn? ». Utiliser les mots-clés de recherche comme signaux, sans traduction littérale ni bourrage. Répondre à une intention distincte du hub parent, garder les affirmations prudentes et suivre la politique de source.","/types-motos/;/location-moto-hanoi/;/permis-securite/","VERIFIED_BUSINESS_PLUS_CAUTIOUS_GUIDANCE","false","1500","2600","PLANNED","PLANNED","0","","","",""
"FR-233","233","Xe có cốp lớn cho khách du lịch: LEAD, Grande và các lựa chọn tương tự","scooter large storage hanoi","scooter large storage hanoi; scooter luggage vietnam","types","/types-motos/","Types de motos","CLUSTER","Điều tra thương mại","P1","Không suy diễn pháp lý/khả năng xe; thông số cần kiểm tra theo mẫu cụ thể.","https://keywordtool.io/","https://fr.rentbikehanoi.com/types-motos/scooter-large-storage-hanoi/","types-motos/scooter-large-storage-hanoi/index.html","","Rédiger en français natif à partir de l'intention du plan vietnamien « Xe có cốp lớn cho khách du lịch: LEAD, Grande và các lựa chọn tương tự ». Utiliser les mots-clés de recherche comme signaux, sans traduction littérale ni bourrage. Répondre à une intention distincte du hub parent, garder les affirmations prudentes et suivre la politique de source.","/types-motos/;/location-moto-hanoi/;/permis-securite/","VERIFIED_BUSINESS_PLUS_CAUTIOUS_GUIDANCE","false","1500","2600","PLANNED","PLANNED","0","","","",""
"FR-234","234","Xe chở hai người ở Hà Nội: cần chú ý yên, phanh và giảm xóc","scooter for two people hanoi","scooter for two people hanoi; two up motorbike vietnam","types","/types-motos/","Types de motos","CLUSTER","Thông tin","P1","Không suy diễn pháp lý/khả năng xe; thông số cần kiểm tra theo mẫu cụ thể.","https://keywordtool.io/","https://fr.rentbikehanoi.com/types-motos/scooter-for-two-people-hanoi/","types-motos/scooter-for-two-people-hanoi/index.html","","Rédiger en français natif à partir de l'intention du plan vietnamien « Xe chở hai người ở Hà Nội: cần chú ý yên, phanh và giảm xóc ». Utiliser les mots-clés de recherche comme signaux, sans traduction littérale ni bourrage. Répondre à une intention distincte du hub parent, garder les affirmations prudentes et suivre la politique de source.","/types-motos/;/location-moto-hanoi/;/permis-securite/","VERIFIED_BUSINESS_PLUS_CAUTIOUS_GUIDANCE","false","1500","2600","PLANNED","PLANNED","0","","","",""
"FR-235","235","Xe phù hợp giao thông đông ở Hà Nội: nhẹ, thấp và dễ quay đầu","best scooter hanoi traffic","best scooter hanoi traffic; easy motorbike hanoi","types","/types-motos/","Types de motos","CLUSTER","Thông tin","P0","Không suy diễn pháp lý/khả năng xe; thông số cần kiểm tra theo mẫu cụ thể.","https://keywordtool.io/","https://fr.rentbikehanoi.com/types-motos/best-scooter-hanoi-traffic/","types-motos/best-scooter-hanoi-traffic/index.html","","Rédiger en français natif à partir de l'intention du plan vietnamien « Xe phù hợp giao thông đông ở Hà Nội: nhẹ, thấp và dễ quay đầu ». Utiliser les mots-clés de recherche comme signaux, sans traduction littérale ni bourrage. Répondre à une intention distincte du hub parent, garder les affirmations prudentes et suivre la politique de source.","/types-motos/;/location-moto-hanoi/;/permis-securite/","VERIFIED_BUSINESS_PLUS_CAUTIOUS_GUIDANCE","false","1700","2800","PLANNED","PLANNED","0","","","",""
"FR-236","236","Xe phù hợp đường núi: lốp, phanh, khoảng sáng gầm và mô-men xoắn","best motorbike mountain roads vietnam","best motorbike mountain roads vietnam; trail motorbike vietnam","types","/types-motos/","Types de motos","CLUSTER","Thông tin","P0","Không suy diễn pháp lý/khả năng xe; thông số cần kiểm tra theo mẫu cụ thể.","https://keywordtool.io/","https://fr.rentbikehanoi.com/types-motos/best-motorbike-mountain-roads-vietnam/","types-motos/best-motorbike-mountain-roads-vietnam/index.html","","Rédiger en français natif à partir de l'intention du plan vietnamien « Xe phù hợp đường núi: lốp, phanh, khoảng sáng gầm và mô-men xoắn ». Utiliser les mots-clés de recherche comme signaux, sans traduction littérale ni bourrage. Répondre à une intention distincte du hub parent, garder les affirmations prudentes et suivre la politique de source.","/types-motos/;/location-moto-hanoi/;/permis-securite/","VERIFIED_BUSINESS_PLUS_CAUTIOUS_GUIDANCE","false","1700","2800","PLANNED","PLANNED","0","","","",""
"FR-237","237","Xe phù hợp trời mưa: ABS có thực sự cần thiết không?","scooter abs vietnam rain","scooter abs vietnam rain; motorbike abs hanoi","types","/types-motos/","Types de motos","CLUSTER","Thông tin","P1","Không suy diễn pháp lý/khả năng xe; thông số cần kiểm tra theo mẫu cụ thể.","https://keywordtool.io/","https://fr.rentbikehanoi.com/types-motos/scooter-abs-vietnam-rain/","types-motos/scooter-abs-vietnam-rain/index.html","","Rédiger en français natif à partir de l'intention du plan vietnamien « Xe phù hợp trời mưa: ABS có thực sự cần thiết không? ». Utiliser les mots-clés de recherche comme signaux, sans traduction littérale ni bourrage. Répondre à une intention distincte du hub parent, garder les affirmations prudentes et suivre la politique de source.","/types-motos/;/location-moto-hanoi/;/permis-securite/","VERIFIED_BUSINESS_PLUS_CAUTIOUS_GUIDANCE","false","1500","2600","PLANNED","PLANNED","0","","","",""
"FR-238","238","Xe phun xăng điện tử FI có lợi gì khi thuê dài ngày?","fuel injection motorbike vietnam rental","fuel injection motorbike vietnam rental; fi scooter rental","types","/types-motos/","Types de motos","CLUSTER","Thông tin","P2","Không suy diễn pháp lý/khả năng xe; thông số cần kiểm tra theo mẫu cụ thể.","https://keywordtool.io/","https://fr.rentbikehanoi.com/types-motos/fuel-injection-motorbike-vietnam-rental/","types-motos/fuel-injection-motorbike-vietnam-rental/index.html","","Rédiger en français natif à partir de l'intention du plan vietnamien « Xe phun xăng điện tử FI có lợi gì khi thuê dài ngày? ». Utiliser les mots-clés de recherche comme signaux, sans traduction littérale ni bourrage. Répondre à une intention distincte du hub parent, garder les affirmations prudentes et suivre la politique de source.","/types-motos/;/location-moto-hanoi/;/permis-securite/","VERIFIED_BUSINESS_PLUS_CAUTIOUS_GUIDANCE","false","1500","2600","PLANNED","PLANNED","0","","","",""
"FR-239","239","Xe carburetor cũ và xe FI: khác nhau thế nào với khách thuê","carb vs fuel injection motorbike vietnam","carb vs fuel injection motorbike vietnam","types","/types-motos/","Types de motos","CLUSTER","So sánh","P2","Không suy diễn pháp lý/khả năng xe; thông số cần kiểm tra theo mẫu cụ thể.","https://keywordtool.io/","https://fr.rentbikehanoi.com/types-motos/carb-vs-fuel-injection-motorbike-vietnam/","types-motos/carb-vs-fuel-injection-motorbike-vietnam/index.html","","Rédiger en français natif à partir de l'intention du plan vietnamien « Xe carburetor cũ và xe FI: khác nhau thế nào với khách thuê ». Utiliser les mots-clés de recherche comme signaux, sans traduction littérale ni bourrage. Répondre à une intention distincte du hub parent, garder les affirmations prudentes et suivre la politique de source.","/types-motos/;/location-moto-hanoi/;/permis-securite/","VERIFIED_BUSINESS_PLUS_CAUTIOUS_GUIDANCE","false","1500","2600","PLANNED","PLANNED","0","","","",""
"FR-240","240","Xe tay ga tự động hay xe số semi-automatic: loại nào dễ lái hơn?","automatic vs semi automatic motorbike vietnam","automatic vs semi automatic motorbike vietnam","types","/types-motos/","Types de motos","CLUSTER","So sánh","P0","Không suy diễn pháp lý/khả năng xe; thông số cần kiểm tra theo mẫu cụ thể.","https://keywordtool.io/","https://fr.rentbikehanoi.com/types-motos/automatic-vs-semi-automatic-motorbike-vietnam/","types-motos/automatic-vs-semi-automatic-motorbike-vietnam/index.html","","Rédiger en français natif à partir de l'intention du plan vietnamien « Xe tay ga tự động hay xe số semi-automatic: loại nào dễ lái hơn? ». Utiliser les mots-clés de recherche comme signaux, sans traduction littérale ni bourrage. Répondre à une intention distincte du hub parent, garder les affirmations prudentes et suivre la politique de source.","/types-motos/;/location-moto-hanoi/;/permis-securite/","VERIFIED_BUSINESS_PLUS_CAUTIOUS_GUIDANCE","false","1700","2800","PLANNED","PLANNED","0","","","",""
"FR-241","241","Scooter hay motorbike: người nước ngoài nên dùng từ nào và chọn xe nào?","scooter vs motorbike vietnam","scooter vs motorbike vietnam; motorcycle vs motorbike hanoi","types","/types-motos/","Types de motos","CLUSTER","Thông tin","P1","Không suy diễn pháp lý/khả năng xe; thông số cần kiểm tra theo mẫu cụ thể.","https://keywordtool.io/","https://fr.rentbikehanoi.com/types-motos/scooter-vs-motorbike-vietnam/","types-motos/scooter-vs-motorbike-vietnam/index.html","","Rédiger en français natif à partir de l'intention du plan vietnamien « Scooter hay motorbike: người nước ngoài nên dùng từ nào và chọn xe nào? ». Utiliser les mots-clés de recherche comme signaux, sans traduction littérale ni bourrage. Répondre à une intention distincte du hub parent, garder les affirmations prudentes et suivre la politique de source.","/types-motos/;/location-moto-hanoi/;/permis-securite/","VERIFIED_BUSINESS_PLUS_CAUTIOUS_GUIDANCE","false","1500","2600","PLANNED","PLANNED","0","","","",""
"FR-242","242","Xe 50cc hay 110cc: lựa chọn nào phù hợp người mới?","50cc vs 110cc scooter vietnam","50cc vs 110cc scooter vietnam; 50cc motorbike hanoi","types","/types-motos/","Types de motos","CLUSTER","So sánh","P0","Không suy diễn pháp lý/khả năng xe; thông số cần kiểm tra theo mẫu cụ thể.","https://keywordtool.io/","https://fr.rentbikehanoi.com/types-motos/50cc-vs-110cc-scooter-vietnam/","types-motos/50cc-vs-110cc-scooter-vietnam/index.html","","Rédiger en français natif à partir de l'intention du plan vietnamien « Xe 50cc hay 110cc: lựa chọn nào phù hợp người mới? ». Utiliser les mots-clés de recherche comme signaux, sans traduction littérale ni bourrage. Répondre à une intention distincte du hub parent, garder les affirmations prudentes et suivre la politique de source.","/types-motos/;/location-moto-hanoi/;/permis-securite/","VERIFIED_BUSINESS_PLUS_CAUTIOUS_GUIDANCE","false","1700","2800","PLANNED","PLANNED","0","","","",""
"FR-243","243","Xe điện hay xe xăng ở Hà Nội: chi phí và sự tiện lợi","electric scooter vs petrol scooter hanoi","electric scooter vs petrol scooter hanoi","types","/types-motos/","Types de motos","CLUSTER","So sánh","P0","Không suy diễn pháp lý/khả năng xe; thông số cần kiểm tra theo mẫu cụ thể.","https://keywordtool.io/","https://fr.rentbikehanoi.com/types-motos/electric-scooter-vs-petrol-scooter-hanoi/","types-motos/electric-scooter-vs-petrol-scooter-hanoi/index.html","","Rédiger en français natif à partir de l'intention du plan vietnamien « Xe điện hay xe xăng ở Hà Nội: chi phí và sự tiện lợi ». Utiliser les mots-clés de recherche comme signaux, sans traduction littérale ni bourrage. Répondre à une intention distincte du hub parent, garder les affirmations prudentes et suivre la politique de source.","/types-motos/;/location-moto-hanoi/;/permis-securite/","VERIFIED_BUSINESS_PLUS_CAUTIOUS_GUIDANCE","false","1700","2800","PLANNED","PLANNED","0","","","",""
"FR-244","244","Xe ga 125cc hay 160cc: khác biệt khi đi phố và đi xa","125cc vs 160cc scooter vietnam","125cc vs 160cc scooter vietnam","types","/types-motos/","Types de motos","CLUSTER","So sánh","P1","Không suy diễn pháp lý/khả năng xe; thông số cần kiểm tra theo mẫu cụ thể.","https://keywordtool.io/","https://fr.rentbikehanoi.com/types-motos/125cc-vs-160cc-scooter-vietnam/","types-motos/125cc-vs-160cc-scooter-vietnam/index.html","","Rédiger en français natif à partir de l'intention du plan vietnamien « Xe ga 125cc hay 160cc: khác biệt khi đi phố và đi xa ». Utiliser les mots-clés de recherche comme signaux, sans traduction littérale ni bourrage. Répondre à une intention distincte du hub parent, garder les affirmations prudentes et suivre la politique de source.","/types-motos/;/location-moto-hanoi/;/permis-securite/","VERIFIED_BUSINESS_PLUS_CAUTIOUS_GUIDANCE","false","1500","2600","PLANNED","PLANNED","0","","","",""
"FR-245","245","ABS hay CBS trên xe thuê: khác nhau gì với người đi du lịch","abs vs cbs scooter vietnam rental","abs vs cbs scooter vietnam rental","types","/types-motos/","Types de motos","CLUSTER","Thông tin","P1","Không suy diễn pháp lý/khả năng xe; thông số cần kiểm tra theo mẫu cụ thể.","https://keywordtool.io/","https://fr.rentbikehanoi.com/types-motos/abs-vs-cbs-scooter-vietnam-rental/","types-motos/abs-vs-cbs-scooter-vietnam-rental/index.html","","Rédiger en français natif à partir de l'intention du plan vietnamien « ABS hay CBS trên xe thuê: khác nhau gì với người đi du lịch ». Utiliser les mots-clés de recherche comme signaux, sans traduction littérale ni bourrage. Répondre à une intention distincte du hub parent, garder les affirmations prudentes et suivre la politique de source.","/types-motos/;/location-moto-hanoi/;/permis-securite/","VERIFIED_BUSINESS_PLUS_CAUTIOUS_GUIDANCE","false","1500","2600","PLANNED","PLANNED","0","","","",""
"FR-246","246","Xe cào cào hay xe tay ga khi đi Hà Giang?","trail bike vs scooter ha giang","trail bike vs scooter ha giang; best bike ha giang loop","types","/types-motos/","Types de motos","CLUSTER","So sánh","P0","Không suy diễn pháp lý/khả năng xe; thông số cần kiểm tra theo mẫu cụ thể.","https://keywordtool.io/","https://fr.rentbikehanoi.com/types-motos/trail-bike-vs-scooter-ha-giang/","types-motos/trail-bike-vs-scooter-ha-giang/index.html","","Rédiger en français natif à partir de l'intention du plan vietnamien « Xe cào cào hay xe tay ga khi đi Hà Giang? ». Utiliser les mots-clés de recherche comme signaux, sans traduction littérale ni bourrage. Répondre à une intention distincte du hub parent, garder les affirmations prudentes et suivre la politique de source.","/types-motos/;/location-moto-hanoi/;/permis-securite/","VERIFIED_BUSINESS_PLUS_CAUTIOUS_GUIDANCE","false","1700","2800","PLANNED","PLANNED","0","","","",""
"FR-247","247","Xe số hay xe cào cào khi đi Sapa?","semi automatic vs trail bike sapa","semi automatic vs trail bike sapa","types","/types-motos/","Types de motos","CLUSTER","So sánh","P1","Không suy diễn pháp lý/khả năng xe; thông số cần kiểm tra theo mẫu cụ thể.","https://keywordtool.io/","https://fr.rentbikehanoi.com/types-motos/semi-automatic-vs-trail-bike-sapa/","types-motos/semi-automatic-vs-trail-bike-sapa/index.html","","Rédiger en français natif à partir de l'intention du plan vietnamien « Xe số hay xe cào cào khi đi Sapa? ». Utiliser les mots-clés de recherche comme signaux, sans traduction littérale ni bourrage. Répondre à une intention distincte du hub parent, garder les affirmations prudentes et suivre la politique de source.","/types-motos/;/location-moto-hanoi/;/permis-securite/","VERIFIED_BUSINESS_PLUS_CAUTIOUS_GUIDANCE","false","1500","2600","PLANNED","PLANNED","0","","","",""
"FR-248","248","Xe tay ga hay xe số khi đi Ninh Bình?","scooter vs semi automatic ninh binh","scooter vs semi automatic ninh binh","types","/types-motos/","Types de motos","CLUSTER","So sánh","P1","Không suy diễn pháp lý/khả năng xe; thông số cần kiểm tra theo mẫu cụ thể.","https://keywordtool.io/","https://fr.rentbikehanoi.com/types-motos/scooter-vs-semi-automatic-ninh-binh/","types-motos/scooter-vs-semi-automatic-ninh-binh/index.html","","Rédiger en français natif à partir de l'intention du plan vietnamien « Xe tay ga hay xe số khi đi Ninh Bình? ». Utiliser les mots-clés de recherche comme signaux, sans traduction littérale ni bourrage. Répondre à une intention distincte du hub parent, garder les affirmations prudentes et suivre la politique de source.","/types-motos/;/location-moto-hanoi/;/permis-securite/","VERIFIED_BUSINESS_PLUS_CAUTIOUS_GUIDANCE","false","1500","2600","PLANNED","PLANNED","0","","","",""
"FR-249","249","Xe ga hay xe số cho khách ở Hà Nội một tháng?","automatic vs semi automatic monthly rental hanoi","automatic vs semi automatic monthly rental hanoi","types","/types-motos/","Types de motos","CLUSTER","So sánh","P1","Không suy diễn pháp lý/khả năng xe; thông số cần kiểm tra theo mẫu cụ thể.","https://keywordtool.io/","https://fr.rentbikehanoi.com/types-motos/automatic-vs-semi-automatic-monthly-rental-hanoi/","types-motos/automatic-vs-semi-automatic-monthly-rental-hanoi/index.html","","Rédiger en français natif à partir de l'intention du plan vietnamien « Xe ga hay xe số cho khách ở Hà Nội một tháng? ». Utiliser les mots-clés de recherche comme signaux, sans traduction littérale ni bourrage. Répondre à une intention distincte du hub parent, garder les affirmations prudentes et suivre la politique de source.","/types-motos/;/location-moto-hanoi/;/permis-securite/","VERIFIED_BUSINESS_PLUS_CAUTIOUS_GUIDANCE","false","1500","2600","PLANNED","PLANNED","0","","","",""
"FR-250","250","Xe máy 50cc cho người chưa quen giao thông Việt Nam: giới hạn và ưu điểm","50cc motorbike vietnam beginner","50cc motorbike vietnam beginner; 50cc scooter hanoi","types","/types-motos/","Types de motos","CLUSTER","Thông tin","P0","Không suy diễn pháp lý/khả năng xe; thông số cần kiểm tra theo mẫu cụ thể.","https://keywordtool.io/","https://fr.rentbikehanoi.com/types-motos/50cc-motorbike-vietnam-beginner/","types-motos/50cc-motorbike-vietnam-beginner/index.html","","Rédiger en français natif à partir de l'intention du plan vietnamien « Xe máy 50cc cho người chưa quen giao thông Việt Nam: giới hạn và ưu điểm ». Utiliser les mots-clés de recherche comme signaux, sans traduction littérale ni bourrage. Répondre à une intention distincte du hub parent, garder les affirmations prudentes et suivre la politique de source.","/types-motos/;/location-moto-hanoi/;/permis-securite/","VERIFIED_BUSINESS_PLUS_CAUTIOUS_GUIDANCE","false","1700","2800","PLANNED","PLANNED","0","","","",""
"FR-251","251","50cc scooter ở Hà Nội có đủ mạnh để chở hai người không?","50cc scooter two people vietnam","50cc scooter two people vietnam; 50cc hanoi","types","/types-motos/","Types de motos","CLUSTER","Thông tin","P1","Không suy diễn pháp lý/khả năng xe; thông số cần kiểm tra theo mẫu cụ thể.","https://keywordtool.io/","https://fr.rentbikehanoi.com/types-motos/50cc-scooter-two-people-vietnam/","types-motos/50cc-scooter-two-people-vietnam/index.html","","Rédiger en français natif à partir de l'intention du plan vietnamien « 50cc scooter ở Hà Nội có đủ mạnh để chở hai người không? ». Utiliser les mots-clés de recherche comme signaux, sans traduction littérale ni bourrage. Répondre à une intention distincte du hub parent, garder les affirmations prudentes et suivre la politique de source.","/types-motos/;/location-moto-hanoi/;/permis-securite/","VERIFIED_BUSINESS_PLUS_CAUTIOUS_GUIDANCE","false","1500","2600","PLANNED","PLANNED","0","","","",""
"FR-252","252","50cc đi đường dài được không? Khi nào không nên dùng","50cc scooter long distance vietnam","50cc scooter long distance vietnam","types","/types-motos/","Types de motos","CLUSTER","Thông tin","P1","Không suy diễn pháp lý/khả năng xe; thông số cần kiểm tra theo mẫu cụ thể.","https://keywordtool.io/","https://fr.rentbikehanoi.com/types-motos/50cc-scooter-long-distance-vietnam/","types-motos/50cc-scooter-long-distance-vietnam/index.html","","Rédiger en français natif à partir de l'intention du plan vietnamien « 50cc đi đường dài được không? Khi nào không nên dùng ». Utiliser les mots-clés de recherche comme signaux, sans traduction littérale ni bourrage. Répondre à une intention distincte du hub parent, garder les affirmations prudentes et suivre la politique de source.","/types-motos/;/location-moto-hanoi/;/permis-securite/","VERIFIED_BUSINESS_PLUS_CAUTIOUS_GUIDANCE","false","1500","2600","PLANNED","PLANNED","0","","","",""
"FR-253","253","50cc đi Ninh Bình từ Hà Nội: có thực tế không?","50cc hanoi to ninh binh","50cc hanoi to ninh binh; 50cc road trip vietnam","types","/types-motos/","Types de motos","CLUSTER","Thông tin hành trình","P2","Không suy diễn pháp lý/khả năng xe; thông số cần kiểm tra theo mẫu cụ thể.","https://keywordtool.io/","https://fr.rentbikehanoi.com/types-motos/50cc-hanoi-to-ninh-binh/","types-motos/50cc-hanoi-to-ninh-binh/index.html","","Rédiger en français natif à partir de l'intention du plan vietnamien « 50cc đi Ninh Bình từ Hà Nội: có thực tế không? ». Utiliser les mots-clés de recherche comme signaux, sans traduction littérale ni bourrage. Répondre à une intention distincte du hub parent, garder les affirmations prudentes et suivre la politique de source.","/types-motos/;/location-moto-hanoi/;/permis-securite/","VERIFIED_BUSINESS_PLUS_CAUTIOUS_GUIDANCE","false","1500","2600","PLANNED","PLANNED","0","","","",""
"FR-254","254","50cc đi Sapa hoặc Hà Giang: vì sao cần cân nhắc kỹ","50cc sapa ha giang","50cc sapa ha giang; 50cc mountain vietnam","types","/types-motos/","Types de motos","CLUSTER","Thông tin hành trình","P2","Không suy diễn pháp lý/khả năng xe; thông số cần kiểm tra theo mẫu cụ thể.","https://keywordtool.io/","https://fr.rentbikehanoi.com/types-motos/50cc-sapa-ha-giang/","types-motos/50cc-sapa-ha-giang/index.html","","Rédiger en français natif à partir de l'intention du plan vietnamien « 50cc đi Sapa hoặc Hà Giang: vì sao cần cân nhắc kỹ ». Utiliser les mots-clés de recherche comme signaux, sans traduction littérale ni bourrage. Répondre à une intention distincte du hub parent, garder les affirmations prudentes et suivre la politique de source.","/types-motos/;/location-moto-hanoi/;/permis-securite/","VERIFIED_BUSINESS_PLUS_CAUTIOUS_GUIDANCE","false","1500","2600","PLANNED","PLANNED","0","","","",""
"FR-255","255","Xe điện ở Hà Nội: tìm điểm sạc và lên kế hoạch quãng đường","electric scooter charging hanoi","electric scooter charging hanoi; electric motorbike range vietnam","types","/types-motos/","Types de motos","CLUSTER","Thông tin","P0","Không suy diễn pháp lý/khả năng xe; thông số cần kiểm tra theo mẫu cụ thể.","https://keywordtool.io/","https://fr.rentbikehanoi.com/types-motos/electric-scooter-charging-hanoi/","types-motos/electric-scooter-charging-hanoi/index.html","","Rédiger en français natif à partir de l'intention du plan vietnamien « Xe điện ở Hà Nội: tìm điểm sạc và lên kế hoạch quãng đường ». Utiliser les mots-clés de recherche comme signaux, sans traduction littérale ni bourrage. Répondre à une intention distincte du hub parent, garder les affirmations prudentes et suivre la politique de source.","/types-motos/;/location-moto-hanoi/;/permis-securite/","VERIFIED_BUSINESS_PLUS_CAUTIOUS_GUIDANCE","false","1700","2800","PLANNED","PLANNED","0","","","",""
"FR-256","256","Xe điện đi ngoại thành Hà Nội: cách tính quãng đường an toàn","electric scooter hanoi range","electric scooter hanoi range; electric motorbike day trip","types","/types-motos/","Types de motos","CLUSTER","Thông tin","P1","Không suy diễn pháp lý/khả năng xe; thông số cần kiểm tra theo mẫu cụ thể.","https://keywordtool.io/","https://fr.rentbikehanoi.com/types-motos/electric-scooter-hanoi-range/","types-motos/electric-scooter-hanoi-range/index.html","","Rédiger en français natif à partir de l'intention du plan vietnamien « Xe điện đi ngoại thành Hà Nội: cách tính quãng đường an toàn ». Utiliser les mots-clés de recherche comme signaux, sans traduction littérale ni bourrage. Répondre à une intention distincte du hub parent, garder les affirmations prudentes et suivre la politique de source.","/types-motos/;/location-moto-hanoi/;/permis-securite/","VERIFIED_BUSINESS_PLUS_CAUTIOUS_GUIDANCE","false","1500","2600","PLANNED","PLANNED","0","","","",""
"FR-257","257","Xe điện đi Ninh Bình có phù hợp không?","electric scooter hanoi ninh binh","electric scooter hanoi ninh binh; electric motorbike road trip","types","/types-motos/","Types de motos","CLUSTER","Thông tin hành trình","P2","Không suy diễn pháp lý/khả năng xe; thông số cần kiểm tra theo mẫu cụ thể.","https://keywordtool.io/","https://fr.rentbikehanoi.com/types-motos/electric-scooter-hanoi-ninh-binh/","types-motos/electric-scooter-hanoi-ninh-binh/index.html","","Rédiger en français natif à partir de l'intention du plan vietnamien « Xe điện đi Ninh Bình có phù hợp không? ». Utiliser les mots-clés de recherche comme signaux, sans traduction littérale ni bourrage. Répondre à une intention distincte du hub parent, garder les affirmations prudentes et suivre la politique de source.","/types-motos/;/location-moto-hanoi/;/permis-securite/","VERIFIED_BUSINESS_PLUS_CAUTIOUS_GUIDANCE","false","1500","2600","PLANNED","PLANNED","0","","","",""
"FR-258","258","Xe điện và pin tháo rời: thuận tiện gì cho khách ở khách sạn","removable battery scooter vietnam hotel charging","removable battery scooter vietnam hotel charging","types","/types-motos/","Types de motos","CLUSTER","Thông tin","P1","Không suy diễn pháp lý/khả năng xe; thông số cần kiểm tra theo mẫu cụ thể.","https://keywordtool.io/","https://fr.rentbikehanoi.com/types-motos/removable-battery-scooter-vietnam-hotel-charging/","types-motos/removable-battery-scooter-vietnam-hotel-charging/index.html","","Rédiger en français natif à partir de l'intention du plan vietnamien « Xe điện và pin tháo rời: thuận tiện gì cho khách ở khách sạn ». Utiliser les mots-clés de recherche comme signaux, sans traduction littérale ni bourrage. Répondre à une intention distincte du hub parent, garder les affirmations prudentes et suivre la politique de source.","/types-motos/;/location-moto-hanoi/;/permis-securite/","VERIFIED_BUSINESS_PLUS_CAUTIOUS_GUIDANCE","false","1500","2600","PLANNED","PLANNED","0","","","",""
"FR-259","259","Xe điện đổi pin và xe điện sạc trực tiếp: khác nhau thế nào","battery swap vs plug in electric scooter vietnam","battery swap vs plug in electric scooter vietnam","types","/types-motos/","Types de motos","CLUSTER","Thông tin","P2","Không suy diễn pháp lý/khả năng xe; thông số cần kiểm tra theo mẫu cụ thể.","https://keywordtool.io/","https://fr.rentbikehanoi.com/types-motos/battery-swap-vs-plug-in-electric-scooter-vietnam/","types-motos/battery-swap-vs-plug-in-electric-scooter-vietnam/index.html","","Rédiger en français natif à partir de l'intention du plan vietnamien « Xe điện đổi pin và xe điện sạc trực tiếp: khác nhau thế nào ». Utiliser les mots-clés de recherche comme signaux, sans traduction littérale ni bourrage. Répondre à une intention distincte du hub parent, garder les affirmations prudentes et suivre la politique de source.","/types-motos/;/location-moto-hanoi/;/permis-securite/","VERIFIED_BUSINESS_PLUS_CAUTIOUS_GUIDANCE","false","1500","2600","PLANNED","PLANNED","0","","","",""
"FR-260","260","Yamaha WR155R cho đường núi: điểm mạnh và điều cần biết","yamaha wr155r vietnam off road","yamaha wr155r vietnam off road; wr155 rental vietnam","types","/types-motos/","Types de motos","CLUSTER","Thông tin","P0","Không suy diễn pháp lý/khả năng xe; thông số cần kiểm tra theo mẫu cụ thể.","https://keywordtool.io/","https://fr.rentbikehanoi.com/types-motos/yamaha-wr155r-vietnam-off-road/","types-motos/yamaha-wr155r-vietnam-off-road/index.html","","Rédiger en français natif à partir de l'intention du plan vietnamien « Yamaha WR155R cho đường núi: điểm mạnh và điều cần biết ». Utiliser les mots-clés de recherche comme signaux, sans traduction littérale ni bourrage. Répondre à une intention distincte du hub parent, garder les affirmations prudentes et suivre la politique de source.","/types-motos/;/location-moto-hanoi/;/permis-securite/","VERIFIED_BUSINESS_PLUS_CAUTIOUS_GUIDANCE","false","1700","2800","PLANNED","PLANNED","0","","","",""
"FR-261","261","Honda CT125 cho đường làng và đường xấu: có hợp đi phượt không?","honda ct125 vietnam touring","honda ct125 vietnam touring; ct125 rental vietnam","types","/types-motos/","Types de motos","CLUSTER","Thông tin","P1","Không suy diễn pháp lý/khả năng xe; thông số cần kiểm tra theo mẫu cụ thể.","https://keywordtool.io/","https://fr.rentbikehanoi.com/types-motos/honda-ct125-vietnam-touring/","types-motos/honda-ct125-vietnam-touring/index.html","","Rédiger en français natif à partir de l'intention du plan vietnamien « Honda CT125 cho đường làng và đường xấu: có hợp đi phượt không? ». Utiliser les mots-clés de recherche comme signaux, sans traduction littérale ni bourrage. Répondre à une intention distincte du hub parent, garder les affirmations prudentes et suivre la politique de source.","/types-motos/;/location-moto-hanoi/;/permis-securite/","VERIFIED_BUSINESS_PLUS_CAUTIOUS_GUIDANCE","false","1500","2600","PLANNED","PLANNED","0","","","",""
"FR-262","262","Yamaha PG-1 cho chuyến đi ngắn quanh Hà Nội","yamaha pg1 vietnam road trip","yamaha pg1 vietnam road trip; pg1 rental","types","/types-motos/","Types de motos","CLUSTER","Thông tin","P1","Không suy diễn pháp lý/khả năng xe; thông số cần kiểm tra theo mẫu cụ thể.","https://keywordtool.io/","https://fr.rentbikehanoi.com/types-motos/yamaha-pg1-vietnam-road-trip/","types-motos/yamaha-pg1-vietnam-road-trip/index.html","","Rédiger en français natif à partir de l'intention du plan vietnamien « Yamaha PG-1 cho chuyến đi ngắn quanh Hà Nội ». Utiliser les mots-clés de recherche comme signaux, sans traduction littérale ni bourrage. Répondre à une intention distincte du hub parent, garder les affirmations prudentes et suivre la politique de source.","/types-motos/;/location-moto-hanoi/;/permis-securite/","VERIFIED_BUSINESS_PLUS_CAUTIOUS_GUIDANCE","false","1500","2600","PLANNED","PLANNED","0","","","",""
"FR-263","263","Honda Super Cub C125 cho khách thích phong cách cổ điển","super cub c125 rental vietnam","super cub c125 rental vietnam; classic motorbike hanoi","types","/types-motos/","Types de motos","CLUSTER","Thông tin","P2","Không suy diễn pháp lý/khả năng xe; thông số cần kiểm tra theo mẫu cụ thể.","https://keywordtool.io/","https://fr.rentbikehanoi.com/types-motos/super-cub-c125-rental-vietnam/","types-motos/super-cub-c125-rental-vietnam/index.html","","Rédiger en français natif à partir de l'intention du plan vietnamien « Honda Super Cub C125 cho khách thích phong cách cổ điển ». Utiliser les mots-clés de recherche comme signaux, sans traduction littérale ni bourrage. Répondre à une intention distincte du hub parent, garder les affirmations prudentes et suivre la politique de source.","/types-motos/;/location-moto-hanoi/;/permis-securite/","VERIFIED_BUSINESS_PLUS_CAUTIOUS_GUIDANCE","false","1500","2600","PLANNED","PLANNED","0","","","",""
"FR-264","264","Yamaha Mio cũ trong thị trường thuê xe: vì sao vẫn phổ biến","yamaha mio rental hanoi","yamaha mio rental hanoi; yamaha mio vietnam rental","types","/types-motos/","Types de motos","CLUSTER","Thông tin","P1","Không suy diễn pháp lý/khả năng xe; thông số cần kiểm tra theo mẫu cụ thể.","https://keywordtool.io/","https://fr.rentbikehanoi.com/types-motos/yamaha-mio-rental-hanoi/","types-motos/yamaha-mio-rental-hanoi/index.html","","Rédiger en français natif à partir de l'intention du plan vietnamien « Yamaha Mio cũ trong thị trường thuê xe: vì sao vẫn phổ biến ». Utiliser les mots-clés de recherche comme signaux, sans traduction littérale ni bourrage. Répondre à une intention distincte du hub parent, garder les affirmations prudentes et suivre la politique de source.","/types-motos/;/location-moto-hanoi/;/permis-securite/","VERIFIED_BUSINESS_PLUS_CAUTIOUS_GUIDANCE","false","1500","2600","PLANNED","PLANNED","0","","","",""
"FR-265","265","Yamaha Mio hay Honda Vision: xe ga nhỏ nào dễ thuê hơn?","yamaha mio vs honda vision rental","yamaha mio vs honda vision rental","types","/types-motos/","Types de motos","CLUSTER","So sánh","P1","Không suy diễn pháp lý/khả năng xe; thông số cần kiểm tra theo mẫu cụ thể.","https://keywordtool.io/","https://fr.rentbikehanoi.com/types-motos/yamaha-mio-vs-honda-vision-rental/","types-motos/yamaha-mio-vs-honda-vision-rental/index.html","","Rédiger en français natif à partir de l'intention du plan vietnamien « Yamaha Mio hay Honda Vision: xe ga nhỏ nào dễ thuê hơn? ». Utiliser les mots-clés de recherche comme signaux, sans traduction littérale ni bourrage. Répondre à une intention distincte du hub parent, garder les affirmations prudentes et suivre la politique de source.","/types-motos/;/location-moto-hanoi/;/permis-securite/","VERIFIED_BUSINESS_PLUS_CAUTIOUS_GUIDANCE","false","1500","2600","PLANNED","PLANNED","0","","","",""
"FR-266","266","Yamaha NVX hay Honda Air Blade: xe nào hợp khách Tây hơn?","yamaha nvx vs honda air blade rental vietnam","yamaha nvx vs honda air blade rental vietnam","types","/types-motos/","Types de motos","CLUSTER","So sánh","P0","Không suy diễn pháp lý/khả năng xe; thông số cần kiểm tra theo mẫu cụ thể.","https://keywordtool.io/","https://fr.rentbikehanoi.com/types-motos/yamaha-nvx-vs-honda-air-blade-rental-vietnam/","types-motos/yamaha-nvx-vs-honda-air-blade-rental-vietnam/index.html","","Rédiger en français natif à partir de l'intention du plan vietnamien « Yamaha NVX hay Honda Air Blade: xe nào hợp khách Tây hơn? ». Utiliser les mots-clés de recherche comme signaux, sans traduction littérale ni bourrage. Répondre à une intention distincte du hub parent, garder les affirmations prudentes et suivre la politique de source.","/types-motos/;/location-moto-hanoi/;/permis-securite/","VERIFIED_BUSINESS_PLUS_CAUTIOUS_GUIDANCE","false","1700","2800","PLANNED","PLANNED","0","","","",""
"FR-267","267","WR155R hay CT125: xe nào hợp cung đường xấu hơn?","wr155r vs ct125 vietnam touring","wr155r vs ct125 vietnam touring","types","/types-motos/","Types de motos","CLUSTER","So sánh","P0","Không suy diễn pháp lý/khả năng xe; thông số cần kiểm tra theo mẫu cụ thể.","https://keywordtool.io/","https://fr.rentbikehanoi.com/types-motos/wr155r-vs-ct125-vietnam-touring/","types-motos/wr155r-vs-ct125-vietnam-touring/index.html","","Rédiger en français natif à partir de l'intention du plan vietnamien « WR155R hay CT125: xe nào hợp cung đường xấu hơn? ». Utiliser les mots-clés de recherche comme signaux, sans traduction littérale ni bourrage. Répondre à une intention distincte du hub parent, garder les affirmations prudentes et suivre la politique de source.","/types-motos/;/location-moto-hanoi/;/permis-securite/","VERIFIED_BUSINESS_PLUS_CAUTIOUS_GUIDANCE","false","1700","2800","PLANNED","PLANNED","0","","","",""
"FR-268","268","NVX hay NMAX: xe ga nào thoải mái hơn khi đi xa?","yamaha nvx vs nmax vietnam road trip","yamaha nvx vs nmax vietnam road trip","types","/types-motos/","Types de motos","CLUSTER","So sánh","P1","Không suy diễn pháp lý/khả năng xe; thông số cần kiểm tra theo mẫu cụ thể.","https://keywordtool.io/","https://fr.rentbikehanoi.com/types-motos/yamaha-nvx-vs-nmax-vietnam-road-trip/","types-motos/yamaha-nvx-vs-nmax-vietnam-road-trip/index.html","","Rédiger en français natif à partir de l'intention du plan vietnamien « NVX hay NMAX: xe ga nào thoải mái hơn khi đi xa? ». Utiliser les mots-clés de recherche comme signaux, sans traduction littérale ni bourrage. Répondre à une intention distincte du hub parent, garder les affirmations prudentes et suivre la politique de source.","/types-motos/;/location-moto-hanoi/;/permis-securite/","VERIFIED_BUSINESS_PLUS_CAUTIOUS_GUIDANCE","false","1500","2600","PLANNED","PLANNED","0","","","",""
"FR-269","269","Vision hay Janus: xe ga nhỏ cho khách nữ và người mới","honda vision vs yamaha janus rental","honda vision vs yamaha janus rental","types","/types-motos/","Types de motos","CLUSTER","So sánh","P0","Không suy diễn pháp lý/khả năng xe; thông số cần kiểm tra theo mẫu cụ thể.","https://keywordtool.io/","https://fr.rentbikehanoi.com/types-motos/honda-vision-vs-yamaha-janus-rental/","types-motos/honda-vision-vs-yamaha-janus-rental/index.html","","Rédiger en français natif à partir de l'intention du plan vietnamien « Vision hay Janus: xe ga nhỏ cho khách nữ và người mới ». Utiliser les mots-clés de recherche comme signaux, sans traduction littérale ni bourrage. Répondre à une intention distincte du hub parent, garder les affirmations prudentes et suivre la politique de source.","/types-motos/;/location-moto-hanoi/;/permis-securite/","VERIFIED_BUSINESS_PLUS_CAUTIOUS_GUIDANCE","false","1700","2800","PLANNED","PLANNED","0","","","",""
"FR-270","270","Air Blade hay Vario: xe ga thể thao nào hợp Hà Nội?","air blade vs vario hanoi rental","air blade vs vario hanoi rental","types","/types-motos/","Types de motos","CLUSTER","So sánh","P1","Không suy diễn pháp lý/khả năng xe; thông số cần kiểm tra theo mẫu cụ thể.","https://keywordtool.io/","https://fr.rentbikehanoi.com/types-motos/air-blade-vs-vario-hanoi-rental/","types-motos/air-blade-vs-vario-hanoi-rental/index.html","","Rédiger en français natif à partir de l'intention du plan vietnamien « Air Blade hay Vario: xe ga thể thao nào hợp Hà Nội? ». Utiliser les mots-clés de recherche comme signaux, sans traduction littérale ni bourrage. Répondre à une intention distincte du hub parent, garder les affirmations prudentes et suivre la politique de source.","/types-motos/;/location-moto-hanoi/;/permis-securite/","VERIFIED_BUSINESS_PLUS_CAUTIOUS_GUIDANCE","false","1500","2600","PLANNED","PLANNED","0","","","",""
"FR-271","271","LEAD hay Grande: xe cốp lớn cho khách du lịch","honda lead vs yamaha grande rental","honda lead vs yamaha grande rental","types","/types-motos/","Types de motos","CLUSTER","So sánh","P1","Không suy diễn pháp lý/khả năng xe; thông số cần kiểm tra theo mẫu cụ thể.","https://keywordtool.io/","https://fr.rentbikehanoi.com/types-motos/honda-lead-vs-yamaha-grande-rental/","types-motos/honda-lead-vs-yamaha-grande-rental/index.html","","Rédiger en français natif à partir de l'intention du plan vietnamien « LEAD hay Grande: xe cốp lớn cho khách du lịch ». Utiliser les mots-clés de recherche comme signaux, sans traduction littérale ni bourrage. Répondre à une intention distincte du hub parent, garder les affirmations prudentes et suivre la politique de source.","/types-motos/;/location-moto-hanoi/;/permis-securite/","VERIFIED_BUSINESS_PLUS_CAUTIOUS_GUIDANCE","false","1500","2600","PLANNED","PLANNED","0","","","",""
"FR-272","272","Wave Alpha hay Sirius: xe số phổ thông nào dễ dùng hơn?","wave alpha vs sirius rental vietnam","wave alpha vs sirius rental vietnam","types","/types-motos/","Types de motos","CLUSTER","So sánh","P0","Không suy diễn pháp lý/khả năng xe; thông số cần kiểm tra theo mẫu cụ thể.","https://keywordtool.io/","https://fr.rentbikehanoi.com/types-motos/wave-alpha-vs-sirius-rental-vietnam/","types-motos/wave-alpha-vs-sirius-rental-vietnam/index.html","","Rédiger en français natif à partir de l'intention du plan vietnamien « Wave Alpha hay Sirius: xe số phổ thông nào dễ dùng hơn? ». Utiliser les mots-clés de recherche comme signaux, sans traduction littérale ni bourrage. Répondre à une intention distincte du hub parent, garder les affirmations prudentes et suivre la politique de source.","/types-motos/;/location-moto-hanoi/;/permis-securite/","VERIFIED_BUSINESS_PLUS_CAUTIOUS_GUIDANCE","false","1700","2800","PLANNED","PLANNED","0","","","",""
"FR-273","273","Future hay Jupiter Finn: xe số nào phù hợp đi xa hơn?","honda future vs yamaha jupiter finn rental","honda future vs yamaha jupiter finn rental","types","/types-motos/","Types de motos","CLUSTER","So sánh","P1","Không suy diễn pháp lý/khả năng xe; thông số cần kiểm tra theo mẫu cụ thể.","https://keywordtool.io/","https://fr.rentbikehanoi.com/types-motos/honda-future-vs-yamaha-jupiter-finn-rental/","types-motos/honda-future-vs-yamaha-jupiter-finn-rental/index.html","","Rédiger en français natif à partir de l'intention du plan vietnamien « Future hay Jupiter Finn: xe số nào phù hợp đi xa hơn? ». Utiliser les mots-clés de recherche comme signaux, sans traduction littérale ni bourrage. Répondre à une intention distincte du hub parent, garder les affirmations prudentes et suivre la politique de source.","/types-motos/;/location-moto-hanoi/;/permis-securite/","VERIFIED_BUSINESS_PLUS_CAUTIOUS_GUIDANCE","false","1500","2600","PLANNED","PLANNED","0","","","",""
"FR-274","274","Winner X hay Exciter 155: xe côn tay cho khách có kinh nghiệm","winner x vs exciter 155 rental vietnam","winner x vs exciter 155 rental vietnam","types","/types-motos/","Types de motos","CLUSTER","So sánh","P1","Không suy diễn pháp lý/khả năng xe; thông số cần kiểm tra theo mẫu cụ thể.","https://keywordtool.io/","https://fr.rentbikehanoi.com/types-motos/winner-x-vs-exciter-155-rental-vietnam/","types-motos/winner-x-vs-exciter-155-rental-vietnam/index.html","","Rédiger en français natif à partir de l'intention du plan vietnamien « Winner X hay Exciter 155: xe côn tay cho khách có kinh nghiệm ». Utiliser les mots-clés de recherche comme signaux, sans traduction littérale ni bourrage. Répondre à une intention distincte du hub parent, garder les affirmations prudentes et suivre la politique de source.","/types-motos/;/location-moto-hanoi/;/permis-securite/","VERIFIED_BUSINESS_PLUS_CAUTIOUS_GUIDANCE","false","1500","2600","PLANNED","PLANNED","0","","","",""
"FR-275","275","ICON e: hay NEO'S: xe điện đô thị nào phù hợp khách thuê","honda icon e vs yamaha neos rental vietnam","honda icon e vs yamaha neos rental vietnam","types","/types-motos/","Types de motos","CLUSTER","So sánh","P1","Không suy diễn pháp lý/khả năng xe; thông số cần kiểm tra theo mẫu cụ thể.","https://keywordtool.io/","https://fr.rentbikehanoi.com/types-motos/honda-icon-e-vs-yamaha-neos-rental-vietnam/","types-motos/honda-icon-e-vs-yamaha-neos-rental-vietnam/index.html","","Rédiger en français natif à partir de l'intention du plan vietnamien « ICON e: hay NEO'S: xe điện đô thị nào phù hợp khách thuê ». Utiliser les mots-clés de recherche comme signaux, sans traduction littérale ni bourrage. Répondre à une intention distincte du hub parent, garder les affirmations prudentes et suivre la politique de source.","/types-motos/;/location-moto-hanoi/;/permis-securite/","VERIFIED_BUSINESS_PLUS_CAUTIOUS_GUIDANCE","false","1500","2600","PLANNED","PLANNED","0","","","",""
"FR-276","276","CUV e: hay NEO'S: xe điện nào phù hợp đi lại hàng ngày","honda cuv e vs yamaha neos vietnam","honda cuv e vs yamaha neos vietnam","types","/types-motos/","Types de motos","CLUSTER","So sánh","P2","Không suy diễn pháp lý/khả năng xe; thông số cần kiểm tra theo mẫu cụ thể.","https://keywordtool.io/","https://fr.rentbikehanoi.com/types-motos/honda-cuv-e-vs-yamaha-neos-vietnam/","types-motos/honda-cuv-e-vs-yamaha-neos-vietnam/index.html","","Rédiger en français natif à partir de l'intention du plan vietnamien « CUV e: hay NEO'S: xe điện nào phù hợp đi lại hàng ngày ». Utiliser les mots-clés de recherche comme signaux, sans traduction littérale ni bourrage. Répondre à une intention distincte du hub parent, garder les affirmations prudentes et suivre la politique de source.","/types-motos/;/location-moto-hanoi/;/permis-securite/","VERIFIED_BUSINESS_PLUS_CAUTIOUS_GUIDANCE","false","1500","2600","PLANNED","PLANNED","0","","","",""
"FR-277","277","Lốp không săm hay lốp có săm: khách thuê xe cần biết gì","tubeless vs tube tire motorbike rental vietnam","tubeless vs tube tire motorbike rental vietnam","types","/types-motos/","Types de motos","CLUSTER","Thông tin","P2","Không suy diễn pháp lý/khả năng xe; thông số cần kiểm tra theo mẫu cụ thể.","https://keywordtool.io/","https://fr.rentbikehanoi.com/types-motos/tubeless-vs-tube-tire-motorbike-rental-vietnam/","types-motos/tubeless-vs-tube-tire-motorbike-rental-vietnam/index.html","","Rédiger en français natif à partir de l'intention du plan vietnamien « Lốp không săm hay lốp có săm: khách thuê xe cần biết gì ». Utiliser les mots-clés de recherche comme signaux, sans traduction littérale ni bourrage. Répondre à une intention distincte du hub parent, garder les affirmations prudentes et suivre la politique de source.","/types-motos/;/location-moto-hanoi/;/permis-securite/","VERIFIED_BUSINESS_PLUS_CAUTIOUS_GUIDANCE","false","1500","2600","PLANNED","PLANNED","0","","","",""
"FR-278","278","Phanh đĩa hay phanh tang trống: khác biệt khi đi phố và đường đèo","disc brake vs drum motorbike vietnam","disc brake vs drum motorbike vietnam","types","/types-motos/","Types de motos","CLUSTER","Thông tin","P2","Không suy diễn pháp lý/khả năng xe; thông số cần kiểm tra theo mẫu cụ thể.","https://keywordtool.io/","https://fr.rentbikehanoi.com/types-motos/disc-brake-vs-drum-motorbike-vietnam/","types-motos/disc-brake-vs-drum-motorbike-vietnam/index.html","","Rédiger en français natif à partir de l'intention du plan vietnamien « Phanh đĩa hay phanh tang trống: khác biệt khi đi phố và đường đèo ». Utiliser les mots-clés de recherche comme signaux, sans traduction littérale ni bourrage. Répondre à une intention distincte du hub parent, garder les affirmations prudentes et suivre la politique de source.","/types-motos/;/location-moto-hanoi/;/permis-securite/","VERIFIED_BUSINESS_PLUS_CAUTIOUS_GUIDANCE","false","1500","2600","PLANNED","PLANNED","0","","","",""
"FR-279","279","Smartkey trên xe thuê: tiện lợi nhưng cần lưu ý gì khi làm mất","scooter smartkey rental vietnam lost key","scooter smartkey rental vietnam lost key","types","/types-motos/","Types de motos","CLUSTER","Thông tin","P2","Không suy diễn pháp lý/khả năng xe; thông số cần kiểm tra theo mẫu cụ thể.","https://keywordtool.io/","https://fr.rentbikehanoi.com/types-motos/scooter-smartkey-rental-vietnam-lost-key/","types-motos/scooter-smartkey-rental-vietnam-lost-key/index.html","","Rédiger en français natif à partir de l'intention du plan vietnamien « Smartkey trên xe thuê: tiện lợi nhưng cần lưu ý gì khi làm mất ». Utiliser les mots-clés de recherche comme signaux, sans traduction littérale ni bourrage. Répondre à une intention distincte du hub parent, garder les affirmations prudentes et suivre la politique de source.","/types-motos/;/location-moto-hanoi/;/permis-securite/","VERIFIED_BUSINESS_PLUS_CAUTIOUS_GUIDANCE","false","1500","2600","PLANNED","PLANNED","0","","","",""
"FR-280","280","Giá thuê xe máy Hà Nội: daily, weekly và monthly cost","hanoi motorbike rental cost","hanoi motorbike rental cost; motorbike rental hanoi price; scooter rental hanoi price","prix","/prix-location/","Prix & coûts","CLUSTER","Điều tra thương mại","P0","Chỉ dùng giá đã xác minh; không tự bịa giá, giảm giá hoặc tồn kho.","https://keywordtool.io/","","","","Rédiger en français natif à partir de l'intention du plan vietnamien « Giá thuê xe máy Hà Nội: daily, weekly và monthly cost ». Utiliser les mots-clés de recherche comme signaux, sans traduction littérale ni bourrage. Répondre à une intention distincte du hub parent, garder les affirmations prudentes et suivre la politique de source.","/prix-location/;/location-moto-hanoi/;/types-motos/","VERIFIED_PRICES_ONLY","false","1700","2800","FOUNDATION_MERGE","MERGED_FOUNDATION","0","","","","/prix-location/"
"FR-281","281","Price, cost, rate và tariff: các cách khách nước ngoài tìm giá thuê xe","price motorbike rental hanoi","price motorbike rental hanoi; cost motorbike rental hanoi; rental rate hanoi; tariff scooter","prix","/prix-location/","Prix & coûts","CLUSTER","Thông tin SEO","P1","Chỉ dùng giá đã xác minh; không tự bịa giá, giảm giá hoặc tồn kho.","https://keywordtool.io/","https://fr.rentbikehanoi.com/prix-location/price-motorbike-rental-hanoi/","prix-location/price-motorbike-rental-hanoi/index.html","","Rédiger en français natif à partir de l'intention du plan vietnamien « Price, cost, rate và tariff: các cách khách nước ngoài tìm giá thuê xe ». Utiliser les mots-clés de recherche comme signaux, sans traduction littérale ni bourrage. Répondre à une intention distincte du hub parent, garder les affirmations prudentes et suivre la politique de source.","/prix-location/;/location-moto-hanoi/;/types-motos/","VERIFIED_PRICES_ONLY","false","1500","2600","PLANNED","PLANNED","0","","","",""
"FR-282","282","Cách tính giá thuê theo ngày so với theo tuần","daily vs weekly motorbike rental hanoi cost","daily vs weekly motorbike rental hanoi cost","prix","/prix-location/","Prix & coûts","CLUSTER","Điều tra thương mại","P0","Chỉ dùng giá đã xác minh; không tự bịa giá, giảm giá hoặc tồn kho.","https://keywordtool.io/","https://fr.rentbikehanoi.com/prix-location/daily-vs-weekly-motorbike-rental-hanoi-cost/","prix-location/daily-vs-weekly-motorbike-rental-hanoi-cost/index.html","","Rédiger en français natif à partir de l'intention du plan vietnamien « Cách tính giá thuê theo ngày so với theo tuần ». Utiliser les mots-clés de recherche comme signaux, sans traduction littérale ni bourrage. Répondre à une intention distincte du hub parent, garder les affirmations prudentes et suivre la politique de source.","/prix-location/;/location-moto-hanoi/;/types-motos/","VERIFIED_PRICES_ONLY","false","1700","2800","PLANNED","PLANNED","0","","","",""
"FR-283","283","Cách tính giá thuê theo tuần so với theo tháng","weekly vs monthly motorbike rental hanoi cost","weekly vs monthly motorbike rental hanoi cost","prix","/prix-location/","Prix & coûts","CLUSTER","Điều tra thương mại","P0","Chỉ dùng giá đã xác minh; không tự bịa giá, giảm giá hoặc tồn kho.","https://keywordtool.io/","https://fr.rentbikehanoi.com/prix-location/weekly-vs-monthly-motorbike-rental-hanoi-cost/","prix-location/weekly-vs-monthly-motorbike-rental-hanoi-cost/index.html","","Rédiger en français natif à partir de l'intention du plan vietnamien « Cách tính giá thuê theo tuần so với theo tháng ». Utiliser les mots-clés de recherche comme signaux, sans traduction littérale ni bourrage. Répondre à une intention distincte du hub parent, garder les affirmations prudentes et suivre la politique de source.","/prix-location/;/location-moto-hanoi/;/types-motos/","VERIFIED_PRICES_ONLY","false","1700","2800","PLANNED","PLANNED","0","","","",""
"FR-284","284","Khi nào thuê theo tháng rẻ hơn thuê từng ngày","monthly motorbike rental savings hanoi","monthly motorbike rental savings hanoi","prix","/prix-location/","Prix & coûts","CLUSTER","Điều tra thương mại","P0","Chỉ dùng giá đã xác minh; không tự bịa giá, giảm giá hoặc tồn kho.","https://keywordtool.io/","https://fr.rentbikehanoi.com/prix-location/monthly-motorbike-rental-savings-hanoi/","prix-location/monthly-motorbike-rental-savings-hanoi/index.html","","Rédiger en français natif à partir de l'intention du plan vietnamien « Khi nào thuê theo tháng rẻ hơn thuê từng ngày ». Utiliser les mots-clés de recherche comme signaux, sans traduction littérale ni bourrage. Répondre à une intention distincte du hub parent, garder les affirmations prudentes et suivre la politique de source.","/prix-location/;/location-moto-hanoi/;/types-motos/","VERIFIED_PRICES_ONLY","false","1700","2800","PLANNED","PLANNED","0","","","",""
"FR-285","285","Chi phí thuê xe 3 ngày ở Hà Nội: các khoản cần tính","3 day motorbike rental hanoi price","3 day motorbike rental hanoi price","prix","/prix-location/","Prix & coûts","CLUSTER","Điều tra thương mại","P1","Chỉ dùng giá đã xác minh; không tự bịa giá, giảm giá hoặc tồn kho.","https://keywordtool.io/","https://fr.rentbikehanoi.com/prix-location/3-day-motorbike-rental-hanoi-price/","prix-location/3-day-motorbike-rental-hanoi-price/index.html","","Rédiger en français natif à partir de l'intention du plan vietnamien « Chi phí thuê xe 3 ngày ở Hà Nội: các khoản cần tính ». Utiliser les mots-clés de recherche comme signaux, sans traduction littérale ni bourrage. Répondre à une intention distincte du hub parent, garder les affirmations prudentes et suivre la politique de source.","/prix-location/;/location-moto-hanoi/;/types-motos/","VERIFIED_PRICES_ONLY","false","1500","2600","PLANNED","PLANNED","0","","","",""
"FR-286","286","Chi phí thuê xe 7 ngày ở Hà Nội: tiền thuê, xăng và phụ phí","7 day motorbike rental hanoi cost","7 day motorbike rental hanoi cost","prix","/prix-location/","Prix & coûts","CLUSTER","Điều tra thương mại","P1","Chỉ dùng giá đã xác minh; không tự bịa giá, giảm giá hoặc tồn kho.","https://keywordtool.io/","https://fr.rentbikehanoi.com/prix-location/7-day-motorbike-rental-hanoi-cost/","prix-location/7-day-motorbike-rental-hanoi-cost/index.html","","Rédiger en français natif à partir de l'intention du plan vietnamien « Chi phí thuê xe 7 ngày ở Hà Nội: tiền thuê, xăng và phụ phí ». Utiliser les mots-clés de recherche comme signaux, sans traduction littérale ni bourrage. Répondre à une intention distincte du hub parent, garder les affirmations prudentes et suivre la politique de source.","/prix-location/;/location-moto-hanoi/;/types-motos/","VERIFIED_PRICES_ONLY","false","1500","2600","PLANNED","PLANNED","0","","","",""
"FR-287","287","Chi phí thuê xe 14 ngày ở Hà Nội","14 day motorbike rental hanoi cost","14 day motorbike rental hanoi cost","prix","/prix-location/","Prix & coûts","CLUSTER","Điều tra thương mại","P2","Chỉ dùng giá đã xác minh; không tự bịa giá, giảm giá hoặc tồn kho.","https://keywordtool.io/","https://fr.rentbikehanoi.com/prix-location/14-day-motorbike-rental-hanoi-cost/","prix-location/14-day-motorbike-rental-hanoi-cost/index.html","","Rédiger en français natif à partir de l'intention du plan vietnamien « Chi phí thuê xe 14 ngày ở Hà Nội ». Utiliser les mots-clés de recherche comme signaux, sans traduction littérale ni bourrage. Répondre à une intention distincte du hub parent, garder les affirmations prudentes et suivre la politique de source.","/prix-location/;/location-moto-hanoi/;/types-motos/","VERIFIED_PRICES_ONLY","false","1500","2600","PLANNED","PLANNED","0","","","",""
"FR-288","288","Chi phí thuê xe 30 ngày ở Hà Nội","30 day motorbike rental hanoi cost","30 day motorbike rental hanoi cost; monthly scooter price hanoi","prix","/prix-location/","Prix & coûts","CLUSTER","Điều tra thương mại","P0","Chỉ dùng giá đã xác minh; không tự bịa giá, giảm giá hoặc tồn kho.","https://keywordtool.io/","https://fr.rentbikehanoi.com/prix-location/30-day-motorbike-rental-hanoi-cost/","prix-location/30-day-motorbike-rental-hanoi-cost/index.html","","Rédiger en français natif à partir de l'intention du plan vietnamien « Chi phí thuê xe 30 ngày ở Hà Nội ». Utiliser les mots-clés de recherche comme signaux, sans traduction littérale ni bourrage. Répondre à une intention distincte du hub parent, garder les affirmations prudentes et suivre la politique de source.","/prix-location/;/location-moto-hanoi/;/types-motos/","VERIFIED_PRICES_ONLY","false","1700","2800","PLANNED","PLANNED","0","","","",""
"FR-289","289","Giá thuê xe 50cc theo ngày: cần xem thêm đặt cọc và điều kiện gì","50cc scooter rental hanoi price","50cc scooter rental hanoi price; 50cc rental cost hanoi","prix","/prix-location/","Prix & coûts","CLUSTER","Điều tra thương mại","P0","Chỉ dùng giá đã xác minh; không tự bịa giá, giảm giá hoặc tồn kho.","https://keywordtool.io/","https://fr.rentbikehanoi.com/prix-location/50cc-scooter-rental-hanoi-price/","prix-location/50cc-scooter-rental-hanoi-price/index.html","","Rédiger en français natif à partir de l'intention du plan vietnamien « Giá thuê xe 50cc theo ngày: cần xem thêm đặt cọc và điều kiện gì ». Utiliser les mots-clés de recherche comme signaux, sans traduction littérale ni bourrage. Répondre à une intention distincte du hub parent, garder les affirmations prudentes et suivre la politique de source.","/prix-location/;/location-moto-hanoi/;/types-motos/","VERIFIED_PRICES_ONLY","false","1700","2800","PLANNED","PLANNED","0","","","",""
"FR-290","290","Giá thuê xe ga tự động ở Hà Nội: yếu tố nào làm giá khác nhau","automatic scooter rental hanoi price","automatic scooter rental hanoi price; scooter hire cost hanoi","prix","/prix-location/","Prix & coûts","CLUSTER","Điều tra thương mại","P0","Chỉ dùng giá đã xác minh; không tự bịa giá, giảm giá hoặc tồn kho.","https://keywordtool.io/","https://fr.rentbikehanoi.com/prix-location/automatic-scooter-rental-hanoi-price/","prix-location/automatic-scooter-rental-hanoi-price/index.html","","Rédiger en français natif à partir de l'intention du plan vietnamien « Giá thuê xe ga tự động ở Hà Nội: yếu tố nào làm giá khác nhau ». Utiliser les mots-clés de recherche comme signaux, sans traduction littérale ni bourrage. Répondre à une intention distincte du hub parent, garder les affirmations prudentes et suivre la politique de source.","/prix-location/;/location-moto-hanoi/;/types-motos/","VERIFIED_PRICES_ONLY","false","1700","2800","PLANNED","PLANNED","0","","","",""
"FR-291","291","Giá thuê xe số semi-automatic ở Hà Nội","semi automatic motorbike rental hanoi price","semi automatic motorbike rental hanoi price","prix","/prix-location/","Prix & coûts","CLUSTER","Điều tra thương mại","P1","Chỉ dùng giá đã xác minh; không tự bịa giá, giảm giá hoặc tồn kho.","https://keywordtool.io/","https://fr.rentbikehanoi.com/prix-location/semi-automatic-motorbike-rental-hanoi-price/","prix-location/semi-automatic-motorbike-rental-hanoi-price/index.html","","Rédiger en français natif à partir de l'intention du plan vietnamien « Giá thuê xe số semi-automatic ở Hà Nội ». Utiliser les mots-clés de recherche comme signaux, sans traduction littérale ni bourrage. Répondre à une intention distincte du hub parent, garder les affirmations prudentes et suivre la politique de source.","/prix-location/;/location-moto-hanoi/;/types-motos/","VERIFIED_PRICES_ONLY","false","1500","2600","PLANNED","PLANNED","0","","","",""
"FR-292","292","Giá thuê xe cào cào/trail: vì sao thường cao hơn xe phổ thông","trail bike rental vietnam price","trail bike rental vietnam price; wr155 rental cost","prix","/prix-location/","Prix & coûts","CLUSTER","Điều tra thương mại","P1","Chỉ dùng giá đã xác minh; không tự bịa giá, giảm giá hoặc tồn kho.","https://keywordtool.io/","https://fr.rentbikehanoi.com/prix-location/trail-bike-rental-vietnam-price/","prix-location/trail-bike-rental-vietnam-price/index.html","","Rédiger en français natif à partir de l'intention du plan vietnamien « Giá thuê xe cào cào/trail: vì sao thường cao hơn xe phổ thông ». Utiliser les mots-clés de recherche comme signaux, sans traduction littérale ni bourrage. Répondre à une intention distincte du hub parent, garder les affirmations prudentes et suivre la politique de source.","/prix-location/;/location-moto-hanoi/;/types-motos/","VERIFIED_PRICES_ONLY","false","1500","2600","PLANNED","PLANNED","0","","","",""
"FR-293","293","Giá thuê xe điện ở Hà Nội: tiền thuê và tiền sạc","electric scooter rental hanoi price","electric scooter rental hanoi price; electric motorbike cost hanoi","prix","/prix-location/","Prix & coûts","CLUSTER","Điều tra thương mại","P0","Chỉ dùng giá đã xác minh; không tự bịa giá, giảm giá hoặc tồn kho.","https://keywordtool.io/","https://fr.rentbikehanoi.com/prix-location/electric-scooter-rental-hanoi-price/","prix-location/electric-scooter-rental-hanoi-price/index.html","","Rédiger en français natif à partir de l'intention du plan vietnamien « Giá thuê xe điện ở Hà Nội: tiền thuê và tiền sạc ». Utiliser les mots-clés de recherche comme signaux, sans traduction littérale ni bourrage. Répondre à une intention distincte du hub parent, garder les affirmations prudentes et suivre la politique de source.","/prix-location/;/location-moto-hanoi/;/types-motos/","VERIFIED_PRICES_ONLY","false","1700","2800","PLANNED","PLANNED","0","","","",""
"FR-294","294","Đặt cọc 4 triệu hay để hộ chiếu: so sánh chi phí cơ hội","motorbike rental deposit hanoi passport","motorbike rental deposit hanoi passport; cash deposit hanoi","prix","/prix-location/","Prix & coûts","CLUSTER","So sánh","P1","Chỉ dùng giá đã xác minh; không tự bịa giá, giảm giá hoặc tồn kho.","https://keywordtool.io/","https://fr.rentbikehanoi.com/prix-location/motorbike-rental-deposit-hanoi-passport/","prix-location/motorbike-rental-deposit-hanoi-passport/index.html","","Rédiger en français natif à partir de l'intention du plan vietnamien « Đặt cọc 4 triệu hay để hộ chiếu: so sánh chi phí cơ hội ». Utiliser les mots-clés de recherche comme signaux, sans traduction littérale ni bourrage. Répondre à une intention distincte du hub parent, garder les affirmations prudentes et suivre la politique de source.","/prix-location/;/location-moto-hanoi/;/types-motos/","VERIFIED_PRICES_ONLY","false","1500","2600","PLANNED","PLANNED","0","","","",""
"FR-295","295","Phí giao nhận xe ở Hà Nội: khi nào nên trả thêm","motorbike delivery fee hanoi","motorbike delivery fee hanoi; scooter rental delivery cost","prix","/prix-location/","Prix & coûts","CLUSTER","Điều tra thương mại","P1","Chỉ dùng giá đã xác minh; không tự bịa giá, giảm giá hoặc tồn kho.","https://keywordtool.io/","https://fr.rentbikehanoi.com/prix-location/motorbike-delivery-fee-hanoi/","prix-location/motorbike-delivery-fee-hanoi/index.html","","Rédiger en français natif à partir de l'intention du plan vietnamien « Phí giao nhận xe ở Hà Nội: khi nào nên trả thêm ». Utiliser les mots-clés de recherche comme signaux, sans traduction littérale ni bourrage. Répondre à une intention distincte du hub parent, garder les affirmations prudentes et suivre la politique de source.","/prix-location/;/location-moto-hanoi/;/types-motos/","VERIFIED_PRICES_ONLY","false","1500","2600","PLANNED","PLANNED","0","","","",""
"FR-296","296","Chi phí xăng khi thuê xe máy ở Hà Nội: cách ước tính theo quãng đường","motorbike fuel cost hanoi rental","motorbike fuel cost hanoi rental; scooter petrol cost vietnam","prix","/prix-location/","Prix & coûts","CLUSTER","Thông tin","P1","Chỉ dùng giá đã xác minh; không tự bịa giá, giảm giá hoặc tồn kho.","https://keywordtool.io/","https://fr.rentbikehanoi.com/prix-location/motorbike-fuel-cost-hanoi-rental/","prix-location/motorbike-fuel-cost-hanoi-rental/index.html","","Rédiger en français natif à partir de l'intention du plan vietnamien « Chi phí xăng khi thuê xe máy ở Hà Nội: cách ước tính theo quãng đường ». Utiliser les mots-clés de recherche comme signaux, sans traduction littérale ni bourrage. Répondre à une intention distincte du hub parent, garder les affirmations prudentes et suivre la politique de source.","/prix-location/;/location-moto-hanoi/;/types-motos/","VERIFIED_PRICES_ONLY","false","1500","2600","PLANNED","PLANNED","0","","","",""
"FR-297","297","Chi phí sạc xe điện so với đổ xăng","electric scooter charging cost vs petrol vietnam","electric scooter charging cost vs petrol vietnam","prix","/prix-location/","Prix & coûts","CLUSTER","So sánh","P1","Chỉ dùng giá đã xác minh; không tự bịa giá, giảm giá hoặc tồn kho.","https://keywordtool.io/","https://fr.rentbikehanoi.com/prix-location/electric-scooter-charging-cost-vs-petrol-vietnam/","prix-location/electric-scooter-charging-cost-vs-petrol-vietnam/index.html","","Rédiger en français natif à partir de l'intention du plan vietnamien « Chi phí sạc xe điện so với đổ xăng ». Utiliser les mots-clés de recherche comme signaux, sans traduction littérale ni bourrage. Répondre à une intention distincte du hub parent, garder les affirmations prudentes et suivre la politique de source.","/prix-location/;/location-moto-hanoi/;/types-motos/","VERIFIED_PRICES_ONLY","false","1500","2600","PLANNED","PLANNED","0","","","",""
"FR-298","298","Chi phí đi Hà Nội–Ninh Bình bằng xe thuê","hanoi ninh binh motorbike trip cost","hanoi ninh binh motorbike trip cost; rental fuel cost","prix","/prix-location/","Prix & coûts","CLUSTER","Điều tra thương mại","P1","Chỉ dùng giá đã xác minh; không tự bịa giá, giảm giá hoặc tồn kho.","https://keywordtool.io/","https://fr.rentbikehanoi.com/prix-location/hanoi-ninh-binh-motorbike-trip-cost/","prix-location/hanoi-ninh-binh-motorbike-trip-cost/index.html","","Rédiger en français natif à partir de l'intention du plan vietnamien « Chi phí đi Hà Nội–Ninh Bình bằng xe thuê ». Utiliser les mots-clés de recherche comme signaux, sans traduction littérale ni bourrage. Répondre à une intention distincte du hub parent, garder les affirmations prudentes et suivre la politique de source.","/prix-location/;/location-moto-hanoi/;/types-motos/","VERIFIED_PRICES_ONLY","false","1500","2600","PLANNED","PLANNED","0","","","",""
"FR-299","299","Chi phí đi Hà Nội–Hạ Long bằng xe máy thuê","hanoi halong motorbike trip cost","hanoi halong motorbike trip cost","prix","/prix-location/","Prix & coûts","CLUSTER","Điều tra thương mại","P1","Chỉ dùng giá đã xác minh; không tự bịa giá, giảm giá hoặc tồn kho.","https://keywordtool.io/","https://fr.rentbikehanoi.com/prix-location/hanoi-halong-motorbike-trip-cost/","prix-location/hanoi-halong-motorbike-trip-cost/index.html","","Rédiger en français natif à partir de l'intention du plan vietnamien « Chi phí đi Hà Nội–Hạ Long bằng xe máy thuê ». Utiliser les mots-clés de recherche comme signaux, sans traduction littérale ni bourrage. Répondre à une intention distincte du hub parent, garder les affirmations prudentes et suivre la politique de source.","/prix-location/;/location-moto-hanoi/;/types-motos/","VERIFIED_PRICES_ONLY","false","1500","2600","PLANNED","PLANNED","0","","","",""
"FR-300","300","Chi phí đi Hà Nội–Sapa bằng xe máy thuê","hanoi sapa motorbike trip cost","hanoi sapa motorbike trip cost","prix","/prix-location/","Prix & coûts","CLUSTER","Điều tra thương mại","P1","Chỉ dùng giá đã xác minh; không tự bịa giá, giảm giá hoặc tồn kho.","https://keywordtool.io/","https://fr.rentbikehanoi.com/prix-location/hanoi-sapa-motorbike-trip-cost/","prix-location/hanoi-sapa-motorbike-trip-cost/index.html","","Rédiger en français natif à partir de l'intention du plan vietnamien « Chi phí đi Hà Nội–Sapa bằng xe máy thuê ». Utiliser les mots-clés de recherche comme signaux, sans traduction littérale ni bourrage. Répondre à une intention distincte du hub parent, garder les affirmations prudentes et suivre la politique de source.","/prix-location/;/location-moto-hanoi/;/types-motos/","VERIFIED_PRICES_ONLY","false","1500","2600","PLANNED","PLANNED","0","","","",""
"FR-301","301","Chi phí đi Hà Nội–Hà Giang bằng xe máy thuê","hanoi ha giang motorbike trip cost","hanoi ha giang motorbike trip cost; ha giang tour price","prix","/prix-location/","Prix & coûts","CLUSTER","Điều tra thương mại","P0","Chỉ dùng giá đã xác minh; không tự bịa giá, giảm giá hoặc tồn kho.","https://keywordtool.io/","https://fr.rentbikehanoi.com/prix-location/hanoi-ha-giang-motorbike-trip-cost/","prix-location/hanoi-ha-giang-motorbike-trip-cost/index.html","","Rédiger en français natif à partir de l'intention du plan vietnamien « Chi phí đi Hà Nội–Hà Giang bằng xe máy thuê ». Utiliser les mots-clés de recherche comme signaux, sans traduction littérale ni bourrage. Répondre à une intention distincte du hub parent, garder les affirmations prudentes et suivre la politique de source.","/prix-location/;/location-moto-hanoi/;/types-motos/","VERIFIED_PRICES_ONLY","false","1700","2800","PLANNED","PLANNED","0","","","",""
"FR-302","302","Thuê Vision hay Janus: so sánh tổng chi phí sử dụng","vision vs janus rental cost hanoi","vision vs janus rental cost hanoi","prix","/prix-location/","Prix & coûts","CLUSTER","So sánh","P1","Chỉ dùng giá đã xác minh; không tự bịa giá, giảm giá hoặc tồn kho.","https://keywordtool.io/","https://fr.rentbikehanoi.com/prix-location/vision-vs-janus-rental-cost-hanoi/","prix-location/vision-vs-janus-rental-cost-hanoi/index.html","","Rédiger en français natif à partir de l'intention du plan vietnamien « Thuê Vision hay Janus: so sánh tổng chi phí sử dụng ». Utiliser les mots-clés de recherche comme signaux, sans traduction littérale ni bourrage. Répondre à une intention distincte du hub parent, garder les affirmations prudentes et suivre la politique de source.","/prix-location/;/location-moto-hanoi/;/types-motos/","VERIFIED_PRICES_ONLY","false","1500","2600","PLANNED","PLANNED","0","","","",""
"FR-303","303","Thuê Air Blade hay NVX: so sánh giá và nhiên liệu","air blade vs nvx rental cost hanoi","air blade vs nvx rental cost hanoi","prix","/prix-location/","Prix & coûts","CLUSTER","So sánh","P0","Chỉ dùng giá đã xác minh; không tự bịa giá, giảm giá hoặc tồn kho.","https://keywordtool.io/","https://fr.rentbikehanoi.com/prix-location/air-blade-vs-nvx-rental-cost-hanoi/","prix-location/air-blade-vs-nvx-rental-cost-hanoi/index.html","","Rédiger en français natif à partir de l'intention du plan vietnamien « Thuê Air Blade hay NVX: so sánh giá và nhiên liệu ». Utiliser les mots-clés de recherche comme signaux, sans traduction littérale ni bourrage. Répondre à une intention distincte du hub parent, garder les affirmations prudentes et suivre la politique de source.","/prix-location/;/location-moto-hanoi/;/types-motos/","VERIFIED_PRICES_ONLY","false","1700","2800","PLANNED","PLANNED","0","","","",""
"FR-304","304","Thuê Wave hay Sirius: xe nào tiết kiệm hơn cho 1 tháng","wave vs sirius monthly rental cost","wave vs sirius monthly rental cost","prix","/prix-location/","Prix & coûts","CLUSTER","So sánh","P1","Chỉ dùng giá đã xác minh; không tự bịa giá, giảm giá hoặc tồn kho.","https://keywordtool.io/","https://fr.rentbikehanoi.com/prix-location/wave-vs-sirius-monthly-rental-cost/","prix-location/wave-vs-sirius-monthly-rental-cost/index.html","","Rédiger en français natif à partir de l'intention du plan vietnamien « Thuê Wave hay Sirius: xe nào tiết kiệm hơn cho 1 tháng ». Utiliser les mots-clés de recherche comme signaux, sans traduction littérale ni bourrage. Répondre à une intention distincte du hub parent, garder les affirmations prudentes et suivre la politique de source.","/prix-location/;/location-moto-hanoi/;/types-motos/","VERIFIED_PRICES_ONLY","false","1500","2600","PLANNED","PLANNED","0","","","",""
"FR-305","305","Xe 50cc hay xe ga 125cc: tổng chi phí cho 3 ngày","50cc vs 125cc scooter rental cost hanoi","50cc vs 125cc scooter rental cost hanoi","prix","/prix-location/","Prix & coûts","CLUSTER","So sánh","P1","Chỉ dùng giá đã xác minh; không tự bịa giá, giảm giá hoặc tồn kho.","https://keywordtool.io/","https://fr.rentbikehanoi.com/prix-location/50cc-vs-125cc-scooter-rental-cost-hanoi/","prix-location/50cc-vs-125cc-scooter-rental-cost-hanoi/index.html","","Rédiger en français natif à partir de l'intention du plan vietnamien « Xe 50cc hay xe ga 125cc: tổng chi phí cho 3 ngày ». Utiliser les mots-clés de recherche comme signaux, sans traduction littérale ni bourrage. Répondre à une intention distincte du hub parent, garder les affirmations prudentes et suivre la politique de source.","/prix-location/;/location-moto-hanoi/;/types-motos/","VERIFIED_PRICES_ONLY","false","1500","2600","PLANNED","PLANNED","0","","","",""
"FR-306","306","Xe điện hay xe xăng: tổng chi phí cho 1 tháng","electric vs petrol scooter monthly cost hanoi","electric vs petrol scooter monthly cost hanoi","prix","/prix-location/","Prix & coûts","CLUSTER","So sánh","P0","Chỉ dùng giá đã xác minh; không tự bịa giá, giảm giá hoặc tồn kho.","https://keywordtool.io/","https://fr.rentbikehanoi.com/prix-location/electric-vs-petrol-scooter-monthly-cost-hanoi/","prix-location/electric-vs-petrol-scooter-monthly-cost-hanoi/index.html","","Rédiger en français natif à partir de l'intention du plan vietnamien « Xe điện hay xe xăng: tổng chi phí cho 1 tháng ». Utiliser les mots-clés de recherche comme signaux, sans traduction littérale ni bourrage. Répondre à une intention distincte du hub parent, garder les affirmations prudentes et suivre la politique de source.","/prix-location/;/location-moto-hanoi/;/types-motos/","VERIFIED_PRICES_ONLY","false","1700","2800","PLANNED","PLANNED","0","","","",""
"FR-307","307","Thuê xe hay đi Grab trong 7 ngày ở Hà Nội: so sánh ngân sách","motorbike rental vs grab hanoi cost","motorbike rental vs grab hanoi cost","prix","/prix-location/","Prix & coûts","CLUSTER","So sánh","P1","Chỉ dùng giá đã xác minh; không tự bịa giá, giảm giá hoặc tồn kho.","https://keywordtool.io/","https://fr.rentbikehanoi.com/prix-location/motorbike-rental-vs-grab-hanoi-cost/","prix-location/motorbike-rental-vs-grab-hanoi-cost/index.html","","Rédiger en français natif à partir de l'intention du plan vietnamien « Thuê xe hay đi Grab trong 7 ngày ở Hà Nội: so sánh ngân sách ». Utiliser les mots-clés de recherche comme signaux, sans traduction littérale ni bourrage. Répondre à une intention distincte du hub parent, garder les affirmations prudentes et suivre la politique de source.","/prix-location/;/location-moto-hanoi/;/types-motos/","VERIFIED_PRICES_ONLY","false","1500","2600","PLANNED","PLANNED","0","","","",""
"FR-308","308","Thuê xe hay taxi trong 3 ngày ở Hà Nội: phương án nào kinh tế hơn","motorbike rental vs taxi hanoi cost","motorbike rental vs taxi hanoi cost","prix","/prix-location/","Prix & coûts","CLUSTER","So sánh","P2","Chỉ dùng giá đã xác minh; không tự bịa giá, giảm giá hoặc tồn kho.","https://keywordtool.io/","https://fr.rentbikehanoi.com/prix-location/motorbike-rental-vs-taxi-hanoi-cost/","prix-location/motorbike-rental-vs-taxi-hanoi-cost/index.html","","Rédiger en français natif à partir de l'intention du plan vietnamien « Thuê xe hay taxi trong 3 ngày ở Hà Nội: phương án nào kinh tế hơn ». Utiliser les mots-clés de recherche comme signaux, sans traduction littérale ni bourrage. Répondre à une intention distincte du hub parent, garder les affirmations prudentes et suivre la politique de source.","/prix-location/;/location-moto-hanoi/;/types-motos/","VERIFIED_PRICES_ONLY","false","1500","2600","PLANNED","PLANNED","0","","","",""
"FR-309","309","Giá rẻ nhất có phải lựa chọn tốt nhất khi thuê xe máy?","cheap motorbike rental hanoi","cheap motorbike rental hanoi; budget scooter rental hanoi","prix","/prix-location/","Prix & coûts","CLUSTER","Thông tin","P0","Chỉ dùng giá đã xác minh; không tự bịa giá, giảm giá hoặc tồn kho.","https://keywordtool.io/","https://fr.rentbikehanoi.com/prix-location/cheap-motorbike-rental-hanoi/","prix-location/cheap-motorbike-rental-hanoi/index.html","","Rédiger en français natif à partir de l'intention du plan vietnamien « Giá rẻ nhất có phải lựa chọn tốt nhất khi thuê xe máy? ». Utiliser les mots-clés de recherche comme signaux, sans traduction littérale ni bourrage. Répondre à une intention distincte du hub parent, garder les affirmations prudentes et suivre la politique de source.","/prix-location/;/location-moto-hanoi/;/types-motos/","VERIFIED_PRICES_ONLY","false","1700","2800","PLANNED","PLANNED","0","","","",""
"FR-310","310","Cách đọc bảng giá thuê xe: ngày tính theo 24 giờ hay theo lịch","motorbike rental day 24 hours hanoi","motorbike rental day 24 hours hanoi; rental pricing rules","prix","/prix-location/","Prix & coûts","CLUSTER","Thông tin","P1","Chỉ dùng giá đã xác minh; không tự bịa giá, giảm giá hoặc tồn kho.","https://keywordtool.io/","https://fr.rentbikehanoi.com/prix-location/motorbike-rental-day-24-hours-hanoi/","prix-location/motorbike-rental-day-24-hours-hanoi/index.html","","Rédiger en français natif à partir de l'intention du plan vietnamien « Cách đọc bảng giá thuê xe: ngày tính theo 24 giờ hay theo lịch ». Utiliser les mots-clés de recherche comme signaux, sans traduction littérale ni bourrage. Répondre à une intention distincte du hub parent, garder les affirmations prudentes et suivre la politique de source.","/prix-location/;/location-moto-hanoi/;/types-motos/","VERIFIED_PRICES_ONLY","false","1500","2600","PLANNED","PLANNED","0","","","",""
"FR-311","311","Ngày nhận và ngày trả xe được tính như thế nào?","motorbike rental pickup return day charge hanoi","motorbike rental pickup return day charge hanoi","prix","/prix-location/","Prix & coûts","CLUSTER","Thông tin","P1","Chỉ dùng giá đã xác minh; không tự bịa giá, giảm giá hoặc tồn kho.","https://keywordtool.io/","https://fr.rentbikehanoi.com/prix-location/motorbike-rental-pickup-return-day-charge-hanoi/","prix-location/motorbike-rental-pickup-return-day-charge-hanoi/index.html","","Rédiger en français natif à partir de l'intention du plan vietnamien « Ngày nhận và ngày trả xe được tính như thế nào? ». Utiliser les mots-clés de recherche comme signaux, sans traduction littérale ni bourrage. Répondre à une intention distincte du hub parent, garder les affirmations prudentes et suivre la politique de source.","/prix-location/;/location-moto-hanoi/;/types-motos/","VERIFIED_PRICES_ONLY","false","1500","2600","PLANNED","PLANNED","0","","","",""
"FR-312","312","Thuê dài ngày có nên thương lượng giá không?","long term motorbike rental hanoi discount","long term motorbike rental hanoi discount; monthly rental price","prix","/prix-location/","Prix & coûts","CLUSTER","Thông tin","P2","Chỉ dùng giá đã xác minh; không tự bịa giá, giảm giá hoặc tồn kho.","https://keywordtool.io/","https://fr.rentbikehanoi.com/prix-location/long-term-motorbike-rental-hanoi-discount/","prix-location/long-term-motorbike-rental-hanoi-discount/index.html","","Rédiger en français natif à partir de l'intention du plan vietnamien « Thuê dài ngày có nên thương lượng giá không? ». Utiliser les mots-clés de recherche comme signaux, sans traduction littérale ni bourrage. Répondre à une intention distincte du hub parent, garder les affirmations prudentes et suivre la politique de source.","/prix-location/;/location-moto-hanoi/;/types-motos/","VERIFIED_PRICES_ONLY","false","1500","2600","PLANNED","PLANNED","0","","","",""
"FR-313","313","Phí phát sinh khi làm mất chìa khóa hoặc smartkey","motorbike rental lost key fee vietnam","motorbike rental lost key fee vietnam","prix","/prix-location/","Prix & coûts","CLUSTER","Thông tin","P2","Chỉ dùng giá đã xác minh; không tự bịa giá, giảm giá hoặc tồn kho.","https://keywordtool.io/","https://fr.rentbikehanoi.com/prix-location/motorbike-rental-lost-key-fee-vietnam/","prix-location/motorbike-rental-lost-key-fee-vietnam/index.html","","Rédiger en français natif à partir de l'intention du plan vietnamien « Phí phát sinh khi làm mất chìa khóa hoặc smartkey ». Utiliser les mots-clés de recherche comme signaux, sans traduction littérale ni bourrage. Répondre à une intention distincte du hub parent, garder les affirmations prudentes et suivre la politique de source.","/prix-location/;/location-moto-hanoi/;/types-motos/","VERIFIED_PRICES_ONLY","false","1500","2600","PLANNED","PLANNED","0","","","",""
"FR-314","314","Chi phí khi thủng lốp hoặc hỏng săm trên đường","motorbike rental flat tire cost vietnam","motorbike rental flat tire cost vietnam","prix","/prix-location/","Prix & coûts","CLUSTER","Thông tin","P2","Chỉ dùng giá đã xác minh; không tự bịa giá, giảm giá hoặc tồn kho.","https://keywordtool.io/","https://fr.rentbikehanoi.com/prix-location/motorbike-rental-flat-tire-cost-vietnam/","prix-location/motorbike-rental-flat-tire-cost-vietnam/index.html","","Rédiger en français natif à partir de l'intention du plan vietnamien « Chi phí khi thủng lốp hoặc hỏng săm trên đường ». Utiliser les mots-clés de recherche comme signaux, sans traduction littérale ni bourrage. Répondre à une intention distincte du hub parent, garder les affirmations prudentes et suivre la politique de source.","/prix-location/;/location-moto-hanoi/;/types-motos/","VERIFIED_PRICES_ONLY","false","1500","2600","PLANNED","PLANNED","0","","","",""
"FR-315","315","Chi phí bảo dưỡng khi thuê xe theo tháng: ai chịu?","monthly motorbike rental maintenance cost hanoi","monthly motorbike rental maintenance cost hanoi","prix","/prix-location/","Prix & coûts","CLUSTER","Thông tin","P1","Chỉ dùng giá đã xác minh; không tự bịa giá, giảm giá hoặc tồn kho.","https://keywordtool.io/","https://fr.rentbikehanoi.com/prix-location/monthly-motorbike-rental-maintenance-cost-hanoi/","prix-location/monthly-motorbike-rental-maintenance-cost-hanoi/index.html","","Rédiger en français natif à partir de l'intention du plan vietnamien « Chi phí bảo dưỡng khi thuê xe theo tháng: ai chịu? ». Utiliser les mots-clés de recherche comme signaux, sans traduction littérale ni bourrage. Répondre à une intention distincte du hub parent, garder les affirmations prudentes et suivre la politique de source.","/prix-location/;/location-moto-hanoi/;/types-motos/","VERIFIED_PRICES_ONLY","false","1500","2600","PLANNED","PLANNED","0","","","",""
"FR-316","316","Khi nào cần thay dầu trong thời gian thuê dài ngày","motorbike rental oil change long term vietnam","motorbike rental oil change long term vietnam","prix","/prix-location/","Prix & coûts","CLUSTER","Thông tin","P2","Chỉ dùng giá đã xác minh; không tự bịa giá, giảm giá hoặc tồn kho.","https://keywordtool.io/","https://fr.rentbikehanoi.com/prix-location/motorbike-rental-oil-change-long-term-vietnam/","prix-location/motorbike-rental-oil-change-long-term-vietnam/index.html","","Rédiger en français natif à partir de l'intention du plan vietnamien « Khi nào cần thay dầu trong thời gian thuê dài ngày ». Utiliser les mots-clés de recherche comme signaux, sans traduction littérale ni bourrage. Répondre à une intention distincte du hub parent, garder les affirmations prudentes et suivre la politique de source.","/prix-location/;/location-moto-hanoi/;/types-motos/","VERIFIED_PRICES_ONLY","false","1500","2600","PLANNED","PLANNED","0","","","",""
"FR-317","317","Có nên trả thêm để thuê xe có ABS?","abs scooter rental hanoi price premium","abs scooter rental hanoi price premium","prix","/prix-location/","Prix & coûts","CLUSTER","Điều tra thương mại","P2","Chỉ dùng giá đã xác minh; không tự bịa giá, giảm giá hoặc tồn kho.","https://keywordtool.io/","https://fr.rentbikehanoi.com/prix-location/abs-scooter-rental-hanoi-price-premium/","prix-location/abs-scooter-rental-hanoi-price-premium/index.html","","Rédiger en français natif à partir de l'intention du plan vietnamien « Có nên trả thêm để thuê xe có ABS? ». Utiliser les mots-clés de recherche comme signaux, sans traduction littérale ni bourrage. Répondre à une intention distincte du hub parent, garder les affirmations prudentes et suivre la politique de source.","/prix-location/;/location-moto-hanoi/;/types-motos/","VERIFIED_PRICES_ONLY","false","1500","2600","PLANNED","PLANNED","0","","","",""
"FR-318","318","Ngân sách thuê xe cho chuyến phượt miền Bắc 7 ngày","north vietnam motorbike trip budget 7 days","north vietnam motorbike trip budget 7 days","prix","/prix-location/","Prix & coûts","CLUSTER","Điều tra thương mại","P0","Chỉ dùng giá đã xác minh; không tự bịa giá, giảm giá hoặc tồn kho.","https://keywordtool.io/","https://fr.rentbikehanoi.com/prix-location/north-vietnam-motorbike-trip-budget-7-days/","prix-location/north-vietnam-motorbike-trip-budget-7-days/index.html","","Rédiger en français natif à partir de l'intention du plan vietnamien « Ngân sách thuê xe cho chuyến phượt miền Bắc 7 ngày ». Utiliser les mots-clés de recherche comme signaux, sans traduction littérale ni bourrage. Répondre à une intention distincte du hub parent, garder les affirmations prudentes et suivre la politique de source.","/prix-location/;/location-moto-hanoi/;/types-motos/","VERIFIED_PRICES_ONLY","false","1700","2800","PLANNED","PLANNED","0","","","",""
"FR-319","319","Ngân sách thuê xe cho chuyến Việt Nam 30 ngày","vietnam motorbike rental cost 30 days","vietnam motorbike rental cost 30 days; monthly motorbike vietnam","prix","/prix-location/","Prix & coûts","CLUSTER","Điều tra thương mại","P1","Chỉ dùng giá đã xác minh; không tự bịa giá, giảm giá hoặc tồn kho.","https://keywordtool.io/","https://fr.rentbikehanoi.com/prix-location/vietnam-motorbike-rental-cost-30-days/","prix-location/vietnam-motorbike-rental-cost-30-days/index.html","","Rédiger en français natif à partir de l'intention du plan vietnamien « Ngân sách thuê xe cho chuyến Việt Nam 30 ngày ». Utiliser les mots-clés de recherche comme signaux, sans traduction littérale ni bourrage. Répondre à une intention distincte du hub parent, garder les affirmations prudentes et suivre la politique de source.","/prix-location/;/location-moto-hanoi/;/types-motos/","VERIFIED_PRICES_ONLY","false","1500","2600","PLANNED","PLANNED","0","","","",""
"FR-320","320","Bằng lái xe máy ở Việt Nam cho người nước ngoài: hướng dẫn cập nhật","motorbike license vietnam foreigner","motorbike license vietnam foreigner; motorcycle license vietnam; driving licence vietnam","permis","/permis-securite/","Permis & sécurité","CLUSTER","Thông tin pháp lý","P0","Nội dung pháp lý phải kiểm tra lại văn bản còn hiệu lực đúng ngày xuất bản; không tư vấn như luật sư.","https://xaydungchinhsach.chinhphu.vn/toan-van-thong-tu-12-2025-tt-bca-cua-bo-cong-an-quy-dinh-ve-sat-hach-cap-giay-phep-lai-xe-119250303174347028.htm","","","","Rédiger en français natif à partir de l'intention du plan vietnamien « Bằng lái xe máy ở Việt Nam cho người nước ngoài: hướng dẫn cập nhật ». Utiliser les mots-clés de recherche comme signaux, sans traduction littérale ni bourrage. Répondre à une intention distincte du hub parent, garder les affirmations prudentes et suivre la politique de source.","/permis-securite/;/types-motos/;/location-moto-hanoi/","CURRENT_OFFICIAL_SOURCES_REQUIRED","true","1700","2800","FOUNDATION_MERGE","MERGED_FOUNDATION","0","","","","/permis-securite/permis/"
"FR-321","321","Người nước ngoài có thể đổi bằng lái nước ngoài sang bằng Việt Nam không?","convert foreign driving license vietnam","convert foreign driving license vietnam; foreigner motorbike license vietnam","permis","/permis-securite/","Permis & sécurité","CLUSTER","Thông tin pháp lý","P0","Nội dung pháp lý phải kiểm tra lại văn bản còn hiệu lực đúng ngày xuất bản; không tư vấn như luật sư.","https://xaydungchinhsach.chinhphu.vn/toan-van-thong-tu-12-2025-tt-bca-cua-bo-cong-an-quy-dinh-ve-sat-hach-cap-giay-phep-lai-xe-119250303174347028.htm","https://fr.rentbikehanoi.com/permis-securite/convert-foreign-driving-license-vietnam/","permis-securite/convert-foreign-driving-license-vietnam/index.html","","Rédiger en français natif à partir de l'intention du plan vietnamien « Người nước ngoài có thể đổi bằng lái nước ngoài sang bằng Việt Nam không? ». Utiliser les mots-clés de recherche comme signaux, sans traduction littérale ni bourrage. Répondre à une intention distincte du hub parent, garder les affirmations prudentes et suivre la politique de source.","/permis-securite/;/types-motos/;/location-moto-hanoi/","CURRENT_OFFICIAL_SOURCES_REQUIRED","true","1700","2800","PLANNED","PLANNED","0","","","",""
"FR-322","322","Thủ tục đổi giấy phép lái xe nước ngoài tại Việt Nam","foreign license conversion vietnam","foreign license conversion vietnam; driving licence exchange vietnam","permis","/permis-securite/","Permis & sécurité","CLUSTER","Thông tin pháp lý","P0","Nội dung pháp lý phải kiểm tra lại văn bản còn hiệu lực đúng ngày xuất bản; không tư vấn như luật sư.","https://xaydungchinhsach.chinhphu.vn/toan-van-thong-tu-12-2025-tt-bca-cua-bo-cong-an-quy-dinh-ve-sat-hach-cap-giay-phep-lai-xe-119250303174347028.htm","https://fr.rentbikehanoi.com/permis-securite/foreign-license-conversion-vietnam/","permis-securite/foreign-license-conversion-vietnam/index.html","","Rédiger en français natif à partir de l'intention du plan vietnamien « Thủ tục đổi giấy phép lái xe nước ngoài tại Việt Nam ». Utiliser les mots-clés de recherche comme signaux, sans traduction littérale ni bourrage. Répondre à une intention distincte du hub parent, garder les affirmations prudentes et suivre la politique de source.","/permis-securite/;/types-motos/;/location-moto-hanoi/","CURRENT_OFFICIAL_SOURCES_REQUIRED","true","1700","2800","PLANNED","PLANNED","0","","","",""
"FR-323","323","IDP là gì và khi nào có giá trị khi lái xe ở Việt Nam?","international driving permit vietnam motorcycle","international driving permit vietnam motorcycle; idp vietnam","permis","/permis-securite/","Permis & sécurité","CLUSTER","Thông tin pháp lý","P0","Nội dung pháp lý phải kiểm tra lại văn bản còn hiệu lực đúng ngày xuất bản; không tư vấn như luật sư.","https://xaydungchinhsach.chinhphu.vn/toan-van-thong-tu-12-2025-tt-bca-cua-bo-cong-an-quy-dinh-ve-sat-hach-cap-giay-phep-lai-xe-119250303174347028.htm","https://fr.rentbikehanoi.com/permis-securite/international-driving-permit-vietnam-motorcycle/","permis-securite/international-driving-permit-vietnam-motorcycle/index.html","","Rédiger en français natif à partir de l'intention du plan vietnamien « IDP là gì và khi nào có giá trị khi lái xe ở Việt Nam? ». Utiliser les mots-clés de recherche comme signaux, sans traduction littérale ni bourrage. Répondre à une intention distincte du hub parent, garder les affirmations prudentes et suivre la politique de source.","/permis-securite/;/types-motos/;/location-moto-hanoi/","CURRENT_OFFICIAL_SOURCES_REQUIRED","true","1700","2800","PLANNED","PLANNED","0","","","",""
"FR-324","324","Bằng lái quốc gia nước ngoài có dùng trực tiếp tại Việt Nam không?","foreign driving license valid vietnam","foreign driving license valid vietnam; foreign motorcycle license vietnam","permis","/permis-securite/","Permis & sécurité","CLUSTER","Thông tin pháp lý","P0","Nội dung pháp lý phải kiểm tra lại văn bản còn hiệu lực đúng ngày xuất bản; không tư vấn như luật sư.","https://xaydungchinhsach.chinhphu.vn/toan-van-thong-tu-12-2025-tt-bca-cua-bo-cong-an-quy-dinh-ve-sat-hach-cap-giay-phep-lai-xe-119250303174347028.htm","https://fr.rentbikehanoi.com/permis-securite/foreign-driving-license-valid-vietnam/","permis-securite/foreign-driving-license-valid-vietnam/index.html","","Rédiger en français natif à partir de l'intention du plan vietnamien « Bằng lái quốc gia nước ngoài có dùng trực tiếp tại Việt Nam không? ». Utiliser les mots-clés de recherche comme signaux, sans traduction littérale ni bourrage. Répondre à une intention distincte du hub parent, garder les affirmations prudentes et suivre la politique de source.","/permis-securite/;/types-motos/;/location-moto-hanoi/","CURRENT_OFFICIAL_SOURCES_REQUIRED","true","1700","2800","PLANNED","PLANNED","0","","","",""
"FR-325","325","Bằng A1, A và các hạng xe máy: cách hiểu cho khách nước ngoài","vietnam motorcycle license A1 A","vietnam motorcycle license A1 A; motorbike license classes vietnam","permis","/permis-securite/","Permis & sécurité","CLUSTER","Thông tin pháp lý","P0","Nội dung pháp lý phải kiểm tra lại văn bản còn hiệu lực đúng ngày xuất bản; không tư vấn như luật sư.","https://xaydungchinhsach.chinhphu.vn/toan-van-thong-tu-12-2025-tt-bca-cua-bo-cong-an-quy-dinh-ve-sat-hach-cap-giay-phep-lai-xe-119250303174347028.htm","https://fr.rentbikehanoi.com/permis-securite/vietnam-motorcycle-license-a1-a/","permis-securite/vietnam-motorcycle-license-a1-a/index.html","","Rédiger en français natif à partir de l'intention du plan vietnamien « Bằng A1, A và các hạng xe máy: cách hiểu cho khách nước ngoài ». Utiliser les mots-clés de recherche comme signaux, sans traduction littérale ni bourrage. Répondre à une intention distincte du hub parent, garder les affirmations prudentes et suivre la politique de source.","/permis-securite/;/types-motos/;/location-moto-hanoi/","CURRENT_OFFICIAL_SOURCES_REQUIRED","true","1700","2800","PLANNED","PLANNED","0","","","",""
"FR-326","326","Xe dưới 125cc cần bằng lái nào theo quy định hiện hành?","under 125cc license vietnam","under 125cc license vietnam; 125cc motorcycle license vietnam","permis","/permis-securite/","Permis & sécurité","CLUSTER","Thông tin pháp lý","P0","Nội dung pháp lý phải kiểm tra lại văn bản còn hiệu lực đúng ngày xuất bản; không tư vấn như luật sư.","https://xaydungchinhsach.chinhphu.vn/toan-van-thong-tu-12-2025-tt-bca-cua-bo-cong-an-quy-dinh-ve-sat-hach-cap-giay-phep-lai-xe-119250303174347028.htm","https://fr.rentbikehanoi.com/permis-securite/under-125cc-license-vietnam/","permis-securite/under-125cc-license-vietnam/index.html","","Rédiger en français natif à partir de l'intention du plan vietnamien « Xe dưới 125cc cần bằng lái nào theo quy định hiện hành? ». Utiliser les mots-clés de recherche comme signaux, sans traduction littérale ni bourrage. Répondre à une intention distincte du hub parent, garder les affirmations prudentes et suivre la politique de source.","/permis-securite/;/types-motos/;/location-moto-hanoi/","CURRENT_OFFICIAL_SOURCES_REQUIRED","true","1700","2800","PLANNED","PLANNED","0","","","",""
"FR-327","327","Xe từ 125cc trở lên cần bằng lái nào?","125cc plus motorcycle license vietnam","125cc plus motorcycle license vietnam","permis","/permis-securite/","Permis & sécurité","CLUSTER","Thông tin pháp lý","P0","Nội dung pháp lý phải kiểm tra lại văn bản còn hiệu lực đúng ngày xuất bản; không tư vấn như luật sư.","https://xaydungchinhsach.chinhphu.vn/toan-van-thong-tu-12-2025-tt-bca-cua-bo-cong-an-quy-dinh-ve-sat-hach-cap-giay-phep-lai-xe-119250303174347028.htm","https://fr.rentbikehanoi.com/permis-securite/125cc-plus-motorcycle-license-vietnam/","permis-securite/125cc-plus-motorcycle-license-vietnam/index.html","","Rédiger en français natif à partir de l'intention du plan vietnamien « Xe từ 125cc trở lên cần bằng lái nào? ». Utiliser les mots-clés de recherche comme signaux, sans traduction littérale ni bourrage. Répondre à une intention distincte du hub parent, garder les affirmations prudentes et suivre la politique de source.","/permis-securite/;/types-motos/;/location-moto-hanoi/","CURRENT_OFFICIAL_SOURCES_REQUIRED","true","1700","2800","PLANNED","PLANNED","0","","","",""
"FR-328","328","Xe 50cc có cần bằng lái ở Việt Nam không?","50cc scooter license vietnam","50cc scooter license vietnam; 50cc motorbike no license vietnam","permis","/permis-securite/","Permis & sécurité","CLUSTER","Thông tin pháp lý","P0","Nội dung pháp lý phải kiểm tra lại văn bản còn hiệu lực đúng ngày xuất bản; không tư vấn như luật sư.","https://xaydungchinhsach.chinhphu.vn/toan-van-thong-tu-12-2025-tt-bca-cua-bo-cong-an-quy-dinh-ve-sat-hach-cap-giay-phep-lai-xe-119250303174347028.htm","https://fr.rentbikehanoi.com/permis-securite/50cc-scooter-license-vietnam/","permis-securite/50cc-scooter-license-vietnam/index.html","","Rédiger en français natif à partir de l'intention du plan vietnamien « Xe 50cc có cần bằng lái ở Việt Nam không? ». Utiliser les mots-clés de recherche comme signaux, sans traduction littérale ni bourrage. Répondre à une intention distincte du hub parent, garder les affirmations prudentes et suivre la politique de source.","/permis-securite/;/types-motos/;/location-moto-hanoi/","CURRENT_OFFICIAL_SOURCES_REQUIRED","true","1700","2800","PLANNED","PLANNED","0","","","",""
"FR-329","329","Xe điện công suất thấp có cần bằng lái không?","electric scooter license vietnam","electric scooter license vietnam; electric motorbike license vietnam","permis","/permis-securite/","Permis & sécurité","CLUSTER","Thông tin pháp lý","P0","Nội dung pháp lý phải kiểm tra lại văn bản còn hiệu lực đúng ngày xuất bản; không tư vấn như luật sư.","https://xaydungchinhsach.chinhphu.vn/toan-van-thong-tu-12-2025-tt-bca-cua-bo-cong-an-quy-dinh-ve-sat-hach-cap-giay-phep-lai-xe-119250303174347028.htm","https://fr.rentbikehanoi.com/permis-securite/electric-scooter-license-vietnam/","permis-securite/electric-scooter-license-vietnam/index.html","","Rédiger en français natif à partir de l'intention du plan vietnamien « Xe điện công suất thấp có cần bằng lái không? ». Utiliser les mots-clés de recherche comme signaux, sans traduction littérale ni bourrage. Répondre à une intention distincte du hub parent, garder les affirmations prudentes et suivre la politique de source.","/permis-securite/;/types-motos/;/location-moto-hanoi/","CURRENT_OFFICIAL_SOURCES_REQUIRED","true","1700","2800","PLANNED","PLANNED","0","","","",""
"FR-330","330","Khách du lịch ngắn ngày có thể đổi bằng lái Việt Nam không?","tourist convert driving license vietnam","tourist convert driving license vietnam; short stay foreign license","permis","/permis-securite/","Permis & sécurité","CLUSTER","Thông tin pháp lý","P1","Nội dung pháp lý phải kiểm tra lại văn bản còn hiệu lực đúng ngày xuất bản; không tư vấn như luật sư.","https://xaydungchinhsach.chinhphu.vn/toan-van-thong-tu-12-2025-tt-bca-cua-bo-cong-an-quy-dinh-ve-sat-hach-cap-giay-phep-lai-xe-119250303174347028.htm","https://fr.rentbikehanoi.com/permis-securite/tourist-convert-driving-license-vietnam/","permis-securite/tourist-convert-driving-license-vietnam/index.html","","Rédiger en français natif à partir de l'intention du plan vietnamien « Khách du lịch ngắn ngày có thể đổi bằng lái Việt Nam không? ». Utiliser les mots-clés de recherche comme signaux, sans traduction littérale ni bourrage. Répondre à une intention distincte du hub parent, garder les affirmations prudentes et suivre la politique de source.","/permis-securite/;/types-motos/;/location-moto-hanoi/","CURRENT_OFFICIAL_SOURCES_REQUIRED","true","1500","2600","PLANNED","PLANNED","0","","","",""
"FR-331","331","Người có visa hoặc thẻ tạm trú cần gì để đổi bằng","temporary residence foreign license conversion vietnam","temporary residence foreign license conversion vietnam","permis","/permis-securite/","Permis & sécurité","CLUSTER","Thông tin pháp lý","P1","Nội dung pháp lý phải kiểm tra lại văn bản còn hiệu lực đúng ngày xuất bản; không tư vấn như luật sư.","https://xaydungchinhsach.chinhphu.vn/toan-van-thong-tu-12-2025-tt-bca-cua-bo-cong-an-quy-dinh-ve-sat-hach-cap-giay-phep-lai-xe-119250303174347028.htm","https://fr.rentbikehanoi.com/permis-securite/temporary-residence-foreign-license-conversion-vietnam/","permis-securite/temporary-residence-foreign-license-conversion-vietnam/index.html","","Rédiger en français natif à partir de l'intention du plan vietnamien « Người có visa hoặc thẻ tạm trú cần gì để đổi bằng ». Utiliser les mots-clés de recherche comme signaux, sans traduction littérale ni bourrage. Répondre à une intention distincte du hub parent, garder les affirmations prudentes et suivre la politique de source.","/permis-securite/;/types-motos/;/location-moto-hanoi/","CURRENT_OFFICIAL_SOURCES_REQUIRED","true","1500","2600","PLANNED","PLANNED","0","","","",""
"FR-332","332","Bằng lái quốc tế và bản dịch công chứng: có giống nhau không?","idp vs translated driving license vietnam","idp vs translated driving license vietnam","permis","/permis-securite/","Permis & sécurité","CLUSTER","Thông tin pháp lý","P1","Nội dung pháp lý phải kiểm tra lại văn bản còn hiệu lực đúng ngày xuất bản; không tư vấn như luật sư.","https://xaydungchinhsach.chinhphu.vn/toan-van-thong-tu-12-2025-tt-bca-cua-bo-cong-an-quy-dinh-ve-sat-hach-cap-giay-phep-lai-xe-119250303174347028.htm","https://fr.rentbikehanoi.com/permis-securite/idp-vs-translated-driving-license-vietnam/","permis-securite/idp-vs-translated-driving-license-vietnam/index.html","","Rédiger en français natif à partir de l'intention du plan vietnamien « Bằng lái quốc tế và bản dịch công chứng: có giống nhau không? ». Utiliser les mots-clés de recherche comme signaux, sans traduction littérale ni bourrage. Répondre à une intention distincte du hub parent, garder les affirmations prudentes et suivre la politique de source.","/permis-securite/;/types-motos/;/location-moto-hanoi/","CURRENT_OFFICIAL_SOURCES_REQUIRED","true","1500","2600","PLANNED","PLANNED","0","","","",""
"FR-333","333","Bảo hiểm xe máy ở Việt Nam: khách thuê cần hỏi gì","motorbike insurance vietnam rental","motorbike insurance vietnam rental; motorcycle insurance tourist vietnam","permis","/permis-securite/","Permis & sécurité","CLUSTER","Thông tin pháp lý","P1","Nội dung pháp lý phải kiểm tra lại văn bản còn hiệu lực đúng ngày xuất bản; không tư vấn như luật sư.","https://xaydungchinhsach.chinhphu.vn/toan-van-thong-tu-12-2025-tt-bca-cua-bo-cong-an-quy-dinh-ve-sat-hach-cap-giay-phep-lai-xe-119250303174347028.htm","https://fr.rentbikehanoi.com/permis-securite/motorbike-insurance-vietnam-rental/","permis-securite/motorbike-insurance-vietnam-rental/index.html","","Rédiger en français natif à partir de l'intention du plan vietnamien « Bảo hiểm xe máy ở Việt Nam: khách thuê cần hỏi gì ». Utiliser les mots-clés de recherche comme signaux, sans traduction littérale ni bourrage. Répondre à une intention distincte du hub parent, garder les affirmations prudentes et suivre la politique de source.","/permis-securite/;/types-motos/;/location-moto-hanoi/","CURRENT_OFFICIAL_SOURCES_REQUIRED","false","1500","2600","PLANNED","PLANNED","0","","","",""
"FR-334","334","Giấy đăng ký xe khi thuê: khách cần mang theo gì","motorbike registration rental vietnam","motorbike registration rental vietnam; documents riding vietnam","permis","/permis-securite/","Permis & sécurité","CLUSTER","Thông tin pháp lý","P1","Nội dung pháp lý phải kiểm tra lại văn bản còn hiệu lực đúng ngày xuất bản; không tư vấn như luật sư.","https://xaydungchinhsach.chinhphu.vn/toan-van-thong-tu-12-2025-tt-bca-cua-bo-cong-an-quy-dinh-ve-sat-hach-cap-giay-phep-lai-xe-119250303174347028.htm","https://fr.rentbikehanoi.com/permis-securite/motorbike-registration-rental-vietnam/","permis-securite/motorbike-registration-rental-vietnam/index.html","","Rédiger en français natif à partir de l'intention du plan vietnamien « Giấy đăng ký xe khi thuê: khách cần mang theo gì ». Utiliser les mots-clés de recherche comme signaux, sans traduction littérale ni bourrage. Répondre à une intention distincte du hub parent, garder les affirmations prudentes et suivre la politique de source.","/permis-securite/;/types-motos/;/location-moto-hanoi/","CURRENT_OFFICIAL_SOURCES_REQUIRED","false","1500","2600","PLANNED","PLANNED","0","","","",""
"FR-335","335","Hợp đồng thuê xe máy nên có những nội dung nào","motorbike rental contract vietnam","motorbike rental contract vietnam; scooter rental agreement hanoi","permis","/permis-securite/","Permis & sécurité","CLUSTER","Thông tin pháp lý","P1","Nội dung pháp lý phải kiểm tra lại văn bản còn hiệu lực đúng ngày xuất bản; không tư vấn như luật sư.","https://xaydungchinhsach.chinhphu.vn/toan-van-thong-tu-12-2025-tt-bca-cua-bo-cong-an-quy-dinh-ve-sat-hach-cap-giay-phep-lai-xe-119250303174347028.htm","https://fr.rentbikehanoi.com/permis-securite/motorbike-rental-contract-vietnam/","permis-securite/motorbike-rental-contract-vietnam/index.html","","Rédiger en français natif à partir de l'intention du plan vietnamien « Hợp đồng thuê xe máy nên có những nội dung nào ». Utiliser les mots-clés de recherche comme signaux, sans traduction littérale ni bourrage. Répondre à une intention distincte du hub parent, garder les affirmations prudentes et suivre la politique de source.","/permis-securite/;/types-motos/;/location-moto-hanoi/","CURRENT_OFFICIAL_SOURCES_REQUIRED","false","1500","2600","PLANNED","PLANNED","0","","","",""
"FR-336","336","Hộ chiếu, bản sao hộ chiếu và giấy tờ thuê xe: cách giữ an toàn","passport motorbike rental vietnam","passport motorbike rental vietnam; rental documents hanoi","permis","/permis-securite/","Permis & sécurité","CLUSTER","Thông tin","P1","Nội dung pháp lý phải kiểm tra lại văn bản còn hiệu lực đúng ngày xuất bản; không tư vấn như luật sư.","https://xaydungchinhsach.chinhphu.vn/toan-van-thong-tu-12-2025-tt-bca-cua-bo-cong-an-quy-dinh-ve-sat-hach-cap-giay-phep-lai-xe-119250303174347028.htm","https://fr.rentbikehanoi.com/permis-securite/passport-motorbike-rental-vietnam/","permis-securite/passport-motorbike-rental-vietnam/index.html","","Rédiger en français natif à partir de l'intention du plan vietnamien « Hộ chiếu, bản sao hộ chiếu và giấy tờ thuê xe: cách giữ an toàn ». Utiliser les mots-clés de recherche comme signaux, sans traduction littérale ni bourrage. Répondre à une intention distincte du hub parent, garder les affirmations prudentes et suivre la politique de source.","/permis-securite/;/types-motos/;/location-moto-hanoi/","CURRENT_OFFICIAL_SOURCES_REQUIRED","false","1500","2600","PLANNED","PLANNED","0","","","",""
"FR-337","337","Đội mũ bảo hiểm ở Việt Nam: khách du lịch cần biết gì","helmet law vietnam motorbike tourist","helmet law vietnam motorbike tourist; motorcycle helmet vietnam","permis","/permis-securite/","Permis & sécurité","CLUSTER","An toàn","P0","Nội dung pháp lý phải kiểm tra lại văn bản còn hiệu lực đúng ngày xuất bản; không tư vấn như luật sư.","https://xaydungchinhsach.chinhphu.vn/toan-van-thong-tu-12-2025-tt-bca-cua-bo-cong-an-quy-dinh-ve-sat-hach-cap-giay-phep-lai-xe-119250303174347028.htm","https://fr.rentbikehanoi.com/permis-securite/helmet-law-vietnam-motorbike-tourist/","permis-securite/helmet-law-vietnam-motorbike-tourist/index.html","","Rédiger en français natif à partir de l'intention du plan vietnamien « Đội mũ bảo hiểm ở Việt Nam: khách du lịch cần biết gì ». Utiliser les mots-clés de recherche comme signaux, sans traduction littérale ni bourrage. Répondre à une intention distincte du hub parent, garder les affirmations prudentes et suivre la politique de source.","/permis-securite/;/types-motos/;/location-moto-hanoi/","CURRENT_OFFICIAL_SOURCES_REQUIRED","true","1700","2800","PLANNED","PLANNED","0","","","",""
"FR-338","338","Chở hai người trên xe máy ở Việt Nam: quy tắc cơ bản","two people motorbike vietnam law","two people motorbike vietnam law; passenger scooter vietnam","permis","/permis-securite/","Permis & sécurité","CLUSTER","An toàn pháp lý","P1","Nội dung pháp lý phải kiểm tra lại văn bản còn hiệu lực đúng ngày xuất bản; không tư vấn như luật sư.","https://xaydungchinhsach.chinhphu.vn/toan-van-thong-tu-12-2025-tt-bca-cua-bo-cong-an-quy-dinh-ve-sat-hach-cap-giay-phep-lai-xe-119250303174347028.htm","https://fr.rentbikehanoi.com/permis-securite/two-people-motorbike-vietnam-law/","permis-securite/two-people-motorbike-vietnam-law/index.html","","Rédiger en français natif à partir de l'intention du plan vietnamien « Chở hai người trên xe máy ở Việt Nam: quy tắc cơ bản ». Utiliser les mots-clés de recherche comme signaux, sans traduction littérale ni bourrage. Répondre à une intention distincte du hub parent, garder les affirmations prudentes et suivre la politique de source.","/permis-securite/;/types-motos/;/location-moto-hanoi/","CURRENT_OFFICIAL_SOURCES_REQUIRED","true","1500","2600","PLANNED","PLANNED","0","","","",""
"FR-339","339","Tốc độ trong đô thị và ngoài đô thị: khách thuê xe cần kiểm tra gì","motorbike speed limits vietnam","motorbike speed limits vietnam; motorcycle speed vietnam","permis","/permis-securite/","Permis & sécurité","CLUSTER","An toàn pháp lý","P1","Nội dung pháp lý phải kiểm tra lại văn bản còn hiệu lực đúng ngày xuất bản; không tư vấn như luật sư.","https://xaydungchinhsach.chinhphu.vn/toan-van-thong-tu-12-2025-tt-bca-cua-bo-cong-an-quy-dinh-ve-sat-hach-cap-giay-phep-lai-xe-119250303174347028.htm","https://fr.rentbikehanoi.com/permis-securite/motorbike-speed-limits-vietnam/","permis-securite/motorbike-speed-limits-vietnam/index.html","","Rédiger en français natif à partir de l'intention du plan vietnamien « Tốc độ trong đô thị và ngoài đô thị: khách thuê xe cần kiểm tra gì ». Utiliser les mots-clés de recherche comme signaux, sans traduction littérale ni bourrage. Répondre à une intention distincte du hub parent, garder les affirmations prudentes et suivre la politique de source.","/permis-securite/;/types-motos/;/location-moto-hanoi/","CURRENT_OFFICIAL_SOURCES_REQUIRED","false","1500","2600","PLANNED","PLANNED","0","","","",""
"FR-340","340","Làn đường cho xe máy ở Hà Nội: cách đọc biển báo và vạch đường","motorbike lane hanoi","motorbike lane hanoi; traffic signs vietnam scooter","permis","/permis-securite/","Permis & sécurité","CLUSTER","An toàn","P1","Nội dung pháp lý phải kiểm tra lại văn bản còn hiệu lực đúng ngày xuất bản; không tư vấn như luật sư.","https://xaydungchinhsach.chinhphu.vn/toan-van-thong-tu-12-2025-tt-bca-cua-bo-cong-an-quy-dinh-ve-sat-hach-cap-giay-phep-lai-xe-119250303174347028.htm","https://fr.rentbikehanoi.com/permis-securite/motorbike-lane-hanoi/","permis-securite/motorbike-lane-hanoi/index.html","","Rédiger en français natif à partir de l'intention du plan vietnamien « Làn đường cho xe máy ở Hà Nội: cách đọc biển báo và vạch đường ». Utiliser les mots-clés de recherche comme signaux, sans traduction littérale ni bourrage. Répondre à une intention distincte du hub parent, garder les affirmations prudentes et suivre la politique de source.","/permis-securite/;/types-motos/;/location-moto-hanoi/","CURRENT_OFFICIAL_SOURCES_REQUIRED","false","1500","2600","PLANNED","PLANNED","0","","","",""
"FR-341","341","Đi vòng xuyến ở Hà Nội bằng xe máy: hướng dẫn cho người mới","hanoi roundabout motorbike tips","hanoi roundabout motorbike tips; vietnam traffic scooter","permis","/permis-securite/","Permis & sécurité","CLUSTER","An toàn","P1","Nội dung pháp lý phải kiểm tra lại văn bản còn hiệu lực đúng ngày xuất bản; không tư vấn như luật sư.","https://xaydungchinhsach.chinhphu.vn/toan-van-thong-tu-12-2025-tt-bca-cua-bo-cong-an-quy-dinh-ve-sat-hach-cap-giay-phep-lai-xe-119250303174347028.htm","https://fr.rentbikehanoi.com/permis-securite/hanoi-roundabout-motorbike-tips/","permis-securite/hanoi-roundabout-motorbike-tips/index.html","","Rédiger en français natif à partir de l'intention du plan vietnamien « Đi vòng xuyến ở Hà Nội bằng xe máy: hướng dẫn cho người mới ». Utiliser les mots-clés de recherche comme signaux, sans traduction littérale ni bourrage. Répondre à une intention distincte du hub parent, garder les affirmations prudentes et suivre la politique de source.","/permis-securite/;/types-motos/;/location-moto-hanoi/","CURRENT_OFFICIAL_SOURCES_REQUIRED","false","1500","2600","PLANNED","PLANNED","0","","","",""
"FR-342","342","Rẽ trái ở giao lộ đông: kỹ năng an toàn cho khách nước ngoài","motorbike left turn hanoi traffic","motorbike left turn hanoi traffic; riding hanoi safety","permis","/permis-securite/","Permis & sécurité","CLUSTER","An toàn","P1","Nội dung pháp lý phải kiểm tra lại văn bản còn hiệu lực đúng ngày xuất bản; không tư vấn như luật sư.","https://xaydungchinhsach.chinhphu.vn/toan-van-thong-tu-12-2025-tt-bca-cua-bo-cong-an-quy-dinh-ve-sat-hach-cap-giay-phep-lai-xe-119250303174347028.htm","https://fr.rentbikehanoi.com/permis-securite/motorbike-left-turn-hanoi-traffic/","permis-securite/motorbike-left-turn-hanoi-traffic/index.html","","Rédiger en français natif à partir de l'intention du plan vietnamien « Rẽ trái ở giao lộ đông: kỹ năng an toàn cho khách nước ngoài ». Utiliser les mots-clés de recherche comme signaux, sans traduction littérale ni bourrage. Répondre à une intention distincte du hub parent, garder les affirmations prudentes et suivre la politique de source.","/permis-securite/;/types-motos/;/location-moto-hanoi/","CURRENT_OFFICIAL_SOURCES_REQUIRED","false","1500","2600","PLANNED","PLANNED","0","","","",""
"FR-343","343","Đi xe máy ban đêm ở Hà Nội: đèn, tầm nhìn và phản quang","motorbike hanoi night safety","motorbike hanoi night safety; scooter night riding vietnam","permis","/permis-securite/","Permis & sécurité","CLUSTER","An toàn","P2","Nội dung pháp lý phải kiểm tra lại văn bản còn hiệu lực đúng ngày xuất bản; không tư vấn như luật sư.","https://xaydungchinhsach.chinhphu.vn/toan-van-thong-tu-12-2025-tt-bca-cua-bo-cong-an-quy-dinh-ve-sat-hach-cap-giay-phep-lai-xe-119250303174347028.htm","https://fr.rentbikehanoi.com/permis-securite/motorbike-hanoi-night-safety/","permis-securite/motorbike-hanoi-night-safety/index.html","","Rédiger en français natif à partir de l'intention du plan vietnamien « Đi xe máy ban đêm ở Hà Nội: đèn, tầm nhìn và phản quang ». Utiliser les mots-clés de recherche comme signaux, sans traduction littérale ni bourrage. Répondre à une intention distincte du hub parent, garder les affirmations prudentes et suivre la politique de source.","/permis-securite/;/types-motos/;/location-moto-hanoi/","CURRENT_OFFICIAL_SOURCES_REQUIRED","false","1500","2600","PLANNED","PLANNED","0","","","",""
"FR-344","344","Đi xe máy trong mưa ở Việt Nam: khoảng cách phanh và tầm nhìn","motorbike rain safety vietnam","motorbike rain safety vietnam; scooter wet road hanoi","permis","/permis-securite/","Permis & sécurité","CLUSTER","An toàn","P0","Nội dung pháp lý phải kiểm tra lại văn bản còn hiệu lực đúng ngày xuất bản; không tư vấn như luật sư.","https://xaydungchinhsach.chinhphu.vn/toan-van-thong-tu-12-2025-tt-bca-cua-bo-cong-an-quy-dinh-ve-sat-hach-cap-giay-phep-lai-xe-119250303174347028.htm","https://fr.rentbikehanoi.com/permis-securite/motorbike-rain-safety-vietnam/","permis-securite/motorbike-rain-safety-vietnam/index.html","","Rédiger en français natif à partir de l'intention du plan vietnamien « Đi xe máy trong mưa ở Việt Nam: khoảng cách phanh và tầm nhìn ». Utiliser les mots-clés de recherche comme signaux, sans traduction littérale ni bourrage. Répondre à une intention distincte du hub parent, garder les affirmations prudentes et suivre la politique de source.","/permis-securite/;/types-motos/;/location-moto-hanoi/","CURRENT_OFFICIAL_SOURCES_REQUIRED","false","1700","2800","PLANNED","PLANNED","0","","","",""
"FR-345","345","Đi đường đèo: phanh động cơ, số thấp và tránh rà phanh","motorbike mountain pass safety vietnam","motorbike mountain pass safety vietnam; downhill motorbike tips","permis","/permis-securite/","Permis & sécurité","CLUSTER","An toàn","P0","Nội dung pháp lý phải kiểm tra lại văn bản còn hiệu lực đúng ngày xuất bản; không tư vấn như luật sư.","https://xaydungchinhsach.chinhphu.vn/toan-van-thong-tu-12-2025-tt-bca-cua-bo-cong-an-quy-dinh-ve-sat-hach-cap-giay-phep-lai-xe-119250303174347028.htm","https://fr.rentbikehanoi.com/permis-securite/motorbike-mountain-pass-safety-vietnam/","permis-securite/motorbike-mountain-pass-safety-vietnam/index.html","","Rédiger en français natif à partir de l'intention du plan vietnamien « Đi đường đèo: phanh động cơ, số thấp và tránh rà phanh ». Utiliser les mots-clés de recherche comme signaux, sans traduction littérale ni bourrage. Répondre à une intention distincte du hub parent, garder les affirmations prudentes et suivre la politique de source.","/permis-securite/;/types-motos/;/location-moto-hanoi/","CURRENT_OFFICIAL_SOURCES_REQUIRED","false","1700","2800","PLANNED","PLANNED","0","","","",""
"FR-346","346","Xe số semi-automatic: cách lên xuống số đúng khi đi đèo","semi automatic motorbike shifting vietnam","semi automatic motorbike shifting vietnam; mountain riding gears","permis","/permis-securite/","Permis & sécurité","CLUSTER","An toàn","P0","Nội dung pháp lý phải kiểm tra lại văn bản còn hiệu lực đúng ngày xuất bản; không tư vấn như luật sư.","https://xaydungchinhsach.chinhphu.vn/toan-van-thong-tu-12-2025-tt-bca-cua-bo-cong-an-quy-dinh-ve-sat-hach-cap-giay-phep-lai-xe-119250303174347028.htm","https://fr.rentbikehanoi.com/permis-securite/semi-automatic-motorbike-shifting-vietnam/","permis-securite/semi-automatic-motorbike-shifting-vietnam/index.html","","Rédiger en français natif à partir de l'intention du plan vietnamien « Xe số semi-automatic: cách lên xuống số đúng khi đi đèo ». Utiliser les mots-clés de recherche comme signaux, sans traduction littérale ni bourrage. Répondre à une intention distincte du hub parent, garder les affirmations prudentes et suivre la politique de source.","/permis-securite/;/types-motos/;/location-moto-hanoi/","CURRENT_OFFICIAL_SOURCES_REQUIRED","false","1700","2800","PLANNED","PLANNED","0","","","",""
"FR-347","347","Xe tay ga đi đèo: những giới hạn người thuê cần hiểu","automatic scooter mountain pass vietnam","automatic scooter mountain pass vietnam; scooter ha giang safety","permis","/permis-securite/","Permis & sécurité","CLUSTER","An toàn","P1","Nội dung pháp lý phải kiểm tra lại văn bản còn hiệu lực đúng ngày xuất bản; không tư vấn như luật sư.","https://xaydungchinhsach.chinhphu.vn/toan-van-thong-tu-12-2025-tt-bca-cua-bo-cong-an-quy-dinh-ve-sat-hach-cap-giay-phep-lai-xe-119250303174347028.htm","https://fr.rentbikehanoi.com/permis-securite/automatic-scooter-mountain-pass-vietnam/","permis-securite/automatic-scooter-mountain-pass-vietnam/index.html","","Rédiger en français natif à partir de l'intention du plan vietnamien « Xe tay ga đi đèo: những giới hạn người thuê cần hiểu ». Utiliser les mots-clés de recherche comme signaux, sans traduction littérale ni bourrage. Répondre à une intention distincte du hub parent, garder les affirmations prudentes et suivre la politique de source.","/permis-securite/;/types-motos/;/location-moto-hanoi/","CURRENT_OFFICIAL_SOURCES_REQUIRED","false","1500","2600","PLANNED","PLANNED","0","","","",""
"FR-348","348","Kiểm tra phanh trước chuyến đi dài: dấu hiệu cần đổi xe","motorbike brake check rental","motorbike brake check rental; pre ride safety vietnam","permis","/permis-securite/","Permis & sécurité","CLUSTER","An toàn","P0","Nội dung pháp lý phải kiểm tra lại văn bản còn hiệu lực đúng ngày xuất bản; không tư vấn như luật sư.","https://xaydungchinhsach.chinhphu.vn/toan-van-thong-tu-12-2025-tt-bca-cua-bo-cong-an-quy-dinh-ve-sat-hach-cap-giay-phep-lai-xe-119250303174347028.htm","https://fr.rentbikehanoi.com/permis-securite/motorbike-brake-check-rental/","permis-securite/motorbike-brake-check-rental/index.html","","Rédiger en français natif à partir de l'intention du plan vietnamien « Kiểm tra phanh trước chuyến đi dài: dấu hiệu cần đổi xe ». Utiliser les mots-clés de recherche comme signaux, sans traduction littérale ni bourrage. Répondre à une intention distincte du hub parent, garder les affirmations prudentes et suivre la politique de source.","/permis-securite/;/types-motos/;/location-moto-hanoi/","CURRENT_OFFICIAL_SOURCES_REQUIRED","false","1700","2800","PLANNED","PLANNED","0","","","",""
"FR-349","349","Kiểm tra lốp trước chuyến phượt: gai lốp, áp suất và nứt lốp","motorbike tire check road trip vietnam","motorbike tire check road trip vietnam","permis","/permis-securite/","Permis & sécurité","CLUSTER","An toàn","P0","Nội dung pháp lý phải kiểm tra lại văn bản còn hiệu lực đúng ngày xuất bản; không tư vấn như luật sư.","https://xaydungchinhsach.chinhphu.vn/toan-van-thong-tu-12-2025-tt-bca-cua-bo-cong-an-quy-dinh-ve-sat-hach-cap-giay-phep-lai-xe-119250303174347028.htm","https://fr.rentbikehanoi.com/permis-securite/motorbike-tire-check-road-trip-vietnam/","permis-securite/motorbike-tire-check-road-trip-vietnam/index.html","","Rédiger en français natif à partir de l'intention du plan vietnamien « Kiểm tra lốp trước chuyến phượt: gai lốp, áp suất và nứt lốp ». Utiliser les mots-clés de recherche comme signaux, sans traduction littérale ni bourrage. Répondre à une intention distincte du hub parent, garder les affirmations prudentes et suivre la politique de source.","/permis-securite/;/types-motos/;/location-moto-hanoi/","CURRENT_OFFICIAL_SOURCES_REQUIRED","false","1700","2800","PLANNED","PLANNED","0","","","",""
"FR-350","350","Kiểm tra xích tải trên xe số: khi nào cần tăng xích","motorbike chain slack rental vietnam","motorbike chain slack rental vietnam; chain adjustment","permis","/permis-securite/","Permis & sécurité","CLUSTER","An toàn","P1","Nội dung pháp lý phải kiểm tra lại văn bản còn hiệu lực đúng ngày xuất bản; không tư vấn như luật sư.","https://xaydungchinhsach.chinhphu.vn/toan-van-thong-tu-12-2025-tt-bca-cua-bo-cong-an-quy-dinh-ve-sat-hach-cap-giay-phep-lai-xe-119250303174347028.htm","https://fr.rentbikehanoi.com/permis-securite/motorbike-chain-slack-rental-vietnam/","permis-securite/motorbike-chain-slack-rental-vietnam/index.html","","Rédiger en français natif à partir de l'intention du plan vietnamien « Kiểm tra xích tải trên xe số: khi nào cần tăng xích ». Utiliser les mots-clés de recherche comme signaux, sans traduction littérale ni bourrage. Répondre à une intention distincte du hub parent, garder les affirmations prudentes et suivre la politique de source.","/permis-securite/;/types-motos/;/location-moto-hanoi/","CURRENT_OFFICIAL_SOURCES_REQUIRED","false","1500","2600","PLANNED","PLANNED","0","","","",""
"FR-351","351","Kiểm tra dầu máy trên xe thuê dài ngày","motorbike oil check rental vietnam","motorbike oil check rental vietnam","permis","/permis-securite/","Permis & sécurité","CLUSTER","An toàn/bảo dưỡng","P1","Nội dung pháp lý phải kiểm tra lại văn bản còn hiệu lực đúng ngày xuất bản; không tư vấn như luật sư.","https://xaydungchinhsach.chinhphu.vn/toan-van-thong-tu-12-2025-tt-bca-cua-bo-cong-an-quy-dinh-ve-sat-hach-cap-giay-phep-lai-xe-119250303174347028.htm","https://fr.rentbikehanoi.com/permis-securite/motorbike-oil-check-rental-vietnam/","permis-securite/motorbike-oil-check-rental-vietnam/index.html","","Rédiger en français natif à partir de l'intention du plan vietnamien « Kiểm tra dầu máy trên xe thuê dài ngày ». Utiliser les mots-clés de recherche comme signaux, sans traduction littérale ni bourrage. Répondre à une intention distincte du hub parent, garder les affirmations prudentes et suivre la politique de source.","/permis-securite/;/types-motos/;/location-moto-hanoi/","CURRENT_OFFICIAL_SOURCES_REQUIRED","false","1500","2600","PLANNED","PLANNED","0","","","",""
"FR-352","352","Làm gì khi xe hỏng giữa đường ở Việt Nam","motorbike breakdown vietnam rental","motorbike breakdown vietnam rental; roadside repair vietnam","permis","/permis-securite/","Permis & sécurité","CLUSTER","An toàn","P0","Nội dung pháp lý phải kiểm tra lại văn bản còn hiệu lực đúng ngày xuất bản; không tư vấn như luật sư.","https://xaydungchinhsach.chinhphu.vn/toan-van-thong-tu-12-2025-tt-bca-cua-bo-cong-an-quy-dinh-ve-sat-hach-cap-giay-phep-lai-xe-119250303174347028.htm","https://fr.rentbikehanoi.com/permis-securite/motorbike-breakdown-vietnam-rental/","permis-securite/motorbike-breakdown-vietnam-rental/index.html","","Rédiger en français natif à partir de l'intention du plan vietnamien « Làm gì khi xe hỏng giữa đường ở Việt Nam ». Utiliser les mots-clés de recherche comme signaux, sans traduction littérale ni bourrage. Répondre à une intention distincte du hub parent, garder les affirmations prudentes et suivre la politique de source.","/permis-securite/;/types-motos/;/location-moto-hanoi/","CURRENT_OFFICIAL_SOURCES_REQUIRED","false","1700","2800","PLANNED","PLANNED","0","","","",""
"FR-353","353","Làm gì khi thủng lốp ở vùng núi","flat tire ha giang motorbike","flat tire ha giang motorbike; motorbike puncture vietnam","permis","/permis-securite/","Permis & sécurité","CLUSTER","An toàn","P0","Nội dung pháp lý phải kiểm tra lại văn bản còn hiệu lực đúng ngày xuất bản; không tư vấn như luật sư.","https://xaydungchinhsach.chinhphu.vn/toan-van-thong-tu-12-2025-tt-bca-cua-bo-cong-an-quy-dinh-ve-sat-hach-cap-giay-phep-lai-xe-119250303174347028.htm","https://fr.rentbikehanoi.com/permis-securite/flat-tire-ha-giang-motorbike/","permis-securite/flat-tire-ha-giang-motorbike/index.html","","Rédiger en français natif à partir de l'intention du plan vietnamien « Làm gì khi thủng lốp ở vùng núi ». Utiliser les mots-clés de recherche comme signaux, sans traduction littérale ni bourrage. Répondre à une intention distincte du hub parent, garder les affirmations prudentes et suivre la politique de source.","/permis-securite/;/types-motos/;/location-moto-hanoi/","CURRENT_OFFICIAL_SOURCES_REQUIRED","false","1700","2800","PLANNED","PLANNED","0","","","",""
"FR-354","354","Tai nạn nhỏ với xe thuê: nên xử lý theo thứ tự nào","motorbike rental accident vietnam","motorbike rental accident vietnam; scooter accident tourist vietnam","permis","/permis-securite/","Permis & sécurité","CLUSTER","An toàn/pháp lý","P1","Nội dung pháp lý phải kiểm tra lại văn bản còn hiệu lực đúng ngày xuất bản; không tư vấn như luật sư.","https://xaydungchinhsach.chinhphu.vn/toan-van-thong-tu-12-2025-tt-bca-cua-bo-cong-an-quy-dinh-ve-sat-hach-cap-giay-phep-lai-xe-119250303174347028.htm","https://fr.rentbikehanoi.com/permis-securite/motorbike-rental-accident-vietnam/","permis-securite/motorbike-rental-accident-vietnam/index.html","","Rédiger en français natif à partir de l'intention du plan vietnamien « Tai nạn nhỏ với xe thuê: nên xử lý theo thứ tự nào ». Utiliser les mots-clés de recherche comme signaux, sans traduction littérale ni bourrage. Répondre à une intention distincte du hub parent, garder les affirmations prudentes et suivre la politique de source.","/permis-securite/;/types-motos/;/location-moto-hanoi/","CURRENT_OFFICIAL_SOURCES_REQUIRED","false","1500","2600","PLANNED","PLANNED","0","","","",""
"FR-355","355","Số điện thoại khẩn cấp và trợ giúp khi đi xe máy ở Việt Nam","vietnam emergency numbers motorbike tourist","vietnam emergency numbers motorbike tourist; roadside help","permis","/permis-securite/","Permis & sécurité","CLUSTER","An toàn","P1","Nội dung pháp lý phải kiểm tra lại văn bản còn hiệu lực đúng ngày xuất bản; không tư vấn như luật sư.","https://xaydungchinhsach.chinhphu.vn/toan-van-thong-tu-12-2025-tt-bca-cua-bo-cong-an-quy-dinh-ve-sat-hach-cap-giay-phep-lai-xe-119250303174347028.htm","https://fr.rentbikehanoi.com/permis-securite/vietnam-emergency-numbers-motorbike-tourist/","permis-securite/vietnam-emergency-numbers-motorbike-tourist/index.html","","Rédiger en français natif à partir de l'intention du plan vietnamien « Số điện thoại khẩn cấp và trợ giúp khi đi xe máy ở Việt Nam ». Utiliser les mots-clés de recherche comme signaux, sans traduction littérale ni bourrage. Répondre à une intention distincte du hub parent, garder les affirmations prudentes et suivre la politique de source.","/permis-securite/;/types-motos/;/location-moto-hanoi/","CURRENT_OFFICIAL_SOURCES_REQUIRED","false","1500","2600","PLANNED","PLANNED","0","","","",""
"FR-356","356","Đi xe máy qua vùng núi có sương mù: cách giữ tầm nhìn và tốc độ","motorbike fog mountain vietnam","motorbike fog mountain vietnam; sapa riding safety","permis","/permis-securite/","Permis & sécurité","CLUSTER","An toàn","P1","Nội dung pháp lý phải kiểm tra lại văn bản còn hiệu lực đúng ngày xuất bản; không tư vấn như luật sư.","https://xaydungchinhsach.chinhphu.vn/toan-van-thong-tu-12-2025-tt-bca-cua-bo-cong-an-quy-dinh-ve-sat-hach-cap-giay-phep-lai-xe-119250303174347028.htm","https://fr.rentbikehanoi.com/permis-securite/motorbike-fog-mountain-vietnam/","permis-securite/motorbike-fog-mountain-vietnam/index.html","","Rédiger en français natif à partir de l'intention du plan vietnamien « Đi xe máy qua vùng núi có sương mù: cách giữ tầm nhìn và tốc độ ». Utiliser les mots-clés de recherche comme signaux, sans traduction littérale ni bourrage. Répondre à une intention distincte du hub parent, garder les affirmations prudentes et suivre la politique de source.","/permis-securite/;/types-motos/;/location-moto-hanoi/","CURRENT_OFFICIAL_SOURCES_REQUIRED","false","1500","2600","PLANNED","PLANNED","0","","","",""
"FR-357","357","Đi xe máy trong nắng nóng: nước uống, nghỉ ngơi và tránh kiệt sức","motorbike heat safety vietnam","motorbike heat safety vietnam; riding summer vietnam","permis","/permis-securite/","Permis & sécurité","CLUSTER","An toàn","P2","Nội dung pháp lý phải kiểm tra lại văn bản còn hiệu lực đúng ngày xuất bản; không tư vấn như luật sư.","https://xaydungchinhsach.chinhphu.vn/toan-van-thong-tu-12-2025-tt-bca-cua-bo-cong-an-quy-dinh-ve-sat-hach-cap-giay-phep-lai-xe-119250303174347028.htm","https://fr.rentbikehanoi.com/permis-securite/motorbike-heat-safety-vietnam/","permis-securite/motorbike-heat-safety-vietnam/index.html","","Rédiger en français natif à partir de l'intention du plan vietnamien « Đi xe máy trong nắng nóng: nước uống, nghỉ ngơi và tránh kiệt sức ». Utiliser les mots-clés de recherche comme signaux, sans traduction littérale ni bourrage. Répondre à une intention distincte du hub parent, garder les affirmations prudentes et suivre la politique de source.","/permis-securite/;/types-motos/;/location-moto-hanoi/","CURRENT_OFFICIAL_SOURCES_REQUIRED","false","1500","2600","PLANNED","PLANNED","0","","","",""
"FR-358","358","Đồ bảo hộ tối thiểu cho chuyến phượt bằng xe máy","motorbike protective gear vietnam road trip","motorbike protective gear vietnam road trip; helmet gloves rain gear","permis","/permis-securite/","Permis & sécurité","CLUSTER","An toàn","P0","Nội dung pháp lý phải kiểm tra lại văn bản còn hiệu lực đúng ngày xuất bản; không tư vấn như luật sư.","https://xaydungchinhsach.chinhphu.vn/toan-van-thong-tu-12-2025-tt-bca-cua-bo-cong-an-quy-dinh-ve-sat-hach-cap-giay-phep-lai-xe-119250303174347028.htm","https://fr.rentbikehanoi.com/permis-securite/motorbike-protective-gear-vietnam-road-trip/","permis-securite/motorbike-protective-gear-vietnam-road-trip/index.html","","Rédiger en français natif à partir de l'intention du plan vietnamien « Đồ bảo hộ tối thiểu cho chuyến phượt bằng xe máy ». Utiliser les mots-clés de recherche comme signaux, sans traduction littérale ni bourrage. Répondre à une intention distincte du hub parent, garder les affirmations prudentes et suivre la politique de source.","/permis-securite/;/types-motos/;/location-moto-hanoi/","CURRENT_OFFICIAL_SOURCES_REQUIRED","false","1700","2800","PLANNED","PLANNED","0","","","",""
"FR-359","359","Checklist pháp lý trước khi xuất phát: bằng lái, giấy xe, bảo hiểm và hợp đồng","motorbike rental legal checklist vietnam","motorbike rental legal checklist vietnam; documents tourist motorcycle","permis","/permis-securite/","Permis & sécurité","CLUSTER","Thông tin pháp lý","P0","Nội dung pháp lý phải kiểm tra lại văn bản còn hiệu lực đúng ngày xuất bản; không tư vấn như luật sư.","https://xaydungchinhsach.chinhphu.vn/toan-van-thong-tu-12-2025-tt-bca-cua-bo-cong-an-quy-dinh-ve-sat-hach-cap-giay-phep-lai-xe-119250303174347028.htm","https://fr.rentbikehanoi.com/permis-securite/motorbike-rental-legal-checklist-vietnam/","permis-securite/motorbike-rental-legal-checklist-vietnam/index.html","","Rédiger en français natif à partir de l'intention du plan vietnamien « Checklist pháp lý trước khi xuất phát: bằng lái, giấy xe, bảo hiểm và hợp đồng ». Utiliser les mots-clés de recherche comme signaux, sans traduction littérale ni bourrage. Répondre à une intention distincte du hub parent, garder les affirmations prudentes et suivre la politique de source.","/permis-securite/;/types-motos/;/location-moto-hanoi/","CURRENT_OFFICIAL_SOURCES_REQUIRED","true","1700","2800","PLANNED","PLANNED","0","","","",""
"FR-360","360","Những việc nên làm ở Hà Nội cho người lần đầu đến","things to do hanoi","things to do hanoi; best things to do hanoi; que faire à hanoi","hanoi","/hanoi/","Hanoi à moto","CLUSTER","Thông tin du lịch","P0","Nội dung du lịch; kiểm tra giờ mở cửa/đường cấm/điểm gửi xe nếu nêu cụ thể.","https://vietnam.travel/site-map","","","","Rédiger en français natif à partir de l'intention du plan vietnamien « Những việc nên làm ở Hà Nội cho người lần đầu đến ». Utiliser les mots-clés de recherche comme signaux, sans traduction littérale ni bourrage. Répondre à une intention distincte du hub parent, garder les affirmations prudentes et suivre la politique de source.","/hanoi/;/location-moto-hanoi/;/types-motos/","CAUTIOUS_LOCAL_TRAVEL_GUIDANCE","false","1700","2800","FOUNDATION_MERGE","MERGED_FOUNDATION","0","","","","/hanoi/que-faire/"
"FR-361","361","Hà Nội 1 ngày: lịch trình gọn bằng xe máy","hanoi one day itinerary","hanoi one day itinerary; things to do hanoi one day","hanoi","/hanoi/","Hanoi à moto","CLUSTER","Lịch trình","P0","Nội dung du lịch; kiểm tra giờ mở cửa/đường cấm/điểm gửi xe nếu nêu cụ thể.","https://vietnam.travel/site-map","https://fr.rentbikehanoi.com/hanoi/hanoi-one-day-itinerary/","hanoi/hanoi-one-day-itinerary/index.html","","Rédiger en français natif à partir de l'intention du plan vietnamien « Hà Nội 1 ngày: lịch trình gọn bằng xe máy ». Utiliser les mots-clés de recherche comme signaux, sans traduction littérale ni bourrage. Répondre à une intention distincte du hub parent, garder les affirmations prudentes et suivre la politique de source.","/hanoi/;/location-moto-hanoi/;/types-motos/","CAUTIOUS_LOCAL_TRAVEL_GUIDANCE","false","1700","2800","PLANNED","PLANNED","0","","","",""
"FR-362","362","Hà Nội 2 ngày: Phố Cổ, hồ và khu phía Tây","hanoi 2 days itinerary","hanoi 2 days itinerary; things to do hanoi 2 days","hanoi","/hanoi/","Hanoi à moto","CLUSTER","Lịch trình","P0","Nội dung du lịch; kiểm tra giờ mở cửa/đường cấm/điểm gửi xe nếu nêu cụ thể.","https://vietnam.travel/site-map","https://fr.rentbikehanoi.com/hanoi/hanoi-2-days-itinerary/","hanoi/hanoi-2-days-itinerary/index.html","","Rédiger en français natif à partir de l'intention du plan vietnamien « Hà Nội 2 ngày: Phố Cổ, hồ và khu phía Tây ». Utiliser les mots-clés de recherche comme signaux, sans traduction littérale ni bourrage. Répondre à une intention distincte du hub parent, garder les affirmations prudentes et suivre la politique de source.","/hanoi/;/location-moto-hanoi/;/types-motos/","CAUTIOUS_LOCAL_TRAVEL_GUIDANCE","false","1700","2800","PLANNED","PLANNED","0","","","",""
"FR-363","363","Hà Nội 3 ngày: lịch trình cho người thích tự khám phá","hanoi 3 days itinerary","hanoi 3 days itinerary; things to do hanoi 3 days","hanoi","/hanoi/","Hanoi à moto","CLUSTER","Lịch trình","P0","Nội dung du lịch; kiểm tra giờ mở cửa/đường cấm/điểm gửi xe nếu nêu cụ thể.","https://vietnam.travel/site-map","https://fr.rentbikehanoi.com/hanoi/hanoi-3-days-itinerary/","hanoi/hanoi-3-days-itinerary/index.html","","Rédiger en français natif à partir de l'intention du plan vietnamien « Hà Nội 3 ngày: lịch trình cho người thích tự khám phá ». Utiliser les mots-clés de recherche comme signaux, sans traduction littérale ni bourrage. Répondre à une intention distincte du hub parent, garder les affirmations prudentes et suivre la politique de source.","/hanoi/;/location-moto-hanoi/;/types-motos/","CAUTIOUS_LOCAL_TRAVEL_GUIDANCE","false","1700","2800","PLANNED","PLANNED","0","","","",""
"FR-364","364","Hà Nội 4 ngày: thêm ngoại thành và làng nghề","hanoi 4 days itinerary","hanoi 4 days itinerary","hanoi","/hanoi/","Hanoi à moto","CLUSTER","Lịch trình","P1","Nội dung du lịch; kiểm tra giờ mở cửa/đường cấm/điểm gửi xe nếu nêu cụ thể.","https://vietnam.travel/site-map","https://fr.rentbikehanoi.com/hanoi/hanoi-4-days-itinerary/","hanoi/hanoi-4-days-itinerary/index.html","","Rédiger en français natif à partir de l'intention du plan vietnamien « Hà Nội 4 ngày: thêm ngoại thành và làng nghề ». Utiliser les mots-clés de recherche comme signaux, sans traduction littérale ni bourrage. Répondre à une intention distincte du hub parent, garder les affirmations prudentes et suivre la politique de source.","/hanoi/;/location-moto-hanoi/;/types-motos/","CAUTIOUS_LOCAL_TRAVEL_GUIDANCE","false","1500","2600","PLANNED","PLANNED","0","","","",""
"FR-365","365","Hà Nội 5 ngày: thành phố, ẩm thực và chuyến đi gần","hanoi 5 days itinerary","hanoi 5 days itinerary","hanoi","/hanoi/","Hanoi à moto","CLUSTER","Lịch trình","P1","Nội dung du lịch; kiểm tra giờ mở cửa/đường cấm/điểm gửi xe nếu nêu cụ thể.","https://vietnam.travel/site-map","https://fr.rentbikehanoi.com/hanoi/hanoi-5-days-itinerary/","hanoi/hanoi-5-days-itinerary/index.html","","Rédiger en français natif à partir de l'intention du plan vietnamien « Hà Nội 5 ngày: thành phố, ẩm thực và chuyến đi gần ». Utiliser les mots-clés de recherche comme signaux, sans traduction littérale ni bourrage. Répondre à une intention distincte du hub parent, garder les affirmations prudentes et suivre la politique de source.","/hanoi/;/location-moto-hanoi/;/types-motos/","CAUTIOUS_LOCAL_TRAVEL_GUIDANCE","false","1500","2600","PLANNED","PLANNED","0","","","",""
"FR-366","366","Hà Nội 7 ngày: kết hợp thành phố và các chuyến đi trong ngày","hanoi 7 days itinerary","hanoi 7 days itinerary; one week hanoi","hanoi","/hanoi/","Hanoi à moto","CLUSTER","Lịch trình","P1","Nội dung du lịch; kiểm tra giờ mở cửa/đường cấm/điểm gửi xe nếu nêu cụ thể.","https://vietnam.travel/site-map","https://fr.rentbikehanoi.com/hanoi/hanoi-7-days-itinerary/","hanoi/hanoi-7-days-itinerary/index.html","","Rédiger en français natif à partir de l'intention du plan vietnamien « Hà Nội 7 ngày: kết hợp thành phố và các chuyến đi trong ngày ». Utiliser les mots-clés de recherche comme signaux, sans traduction littérale ni bourrage. Répondre à une intention distincte du hub parent, garder les affirmations prudentes et suivre la politique de source.","/hanoi/;/location-moto-hanoi/;/types-motos/","CAUTIOUS_LOCAL_TRAVEL_GUIDANCE","false","1500","2600","PLANNED","PLANNED","0","","","",""
"FR-367","367","Phố Cổ Hà Nội: điểm nên ghé bằng xe máy và nơi nên đi bộ","things to do hanoi old quarter","things to do hanoi old quarter; hanoi old quarter guide","hanoi","/hanoi/","Hanoi à moto","CLUSTER","Thông tin du lịch","P0","Nội dung du lịch; kiểm tra giờ mở cửa/đường cấm/điểm gửi xe nếu nêu cụ thể.","https://vietnam.travel/site-map","https://fr.rentbikehanoi.com/hanoi/things-to-do-hanoi-old-quarter/","hanoi/things-to-do-hanoi-old-quarter/index.html","","Rédiger en français natif à partir de l'intention du plan vietnamien « Phố Cổ Hà Nội: điểm nên ghé bằng xe máy và nơi nên đi bộ ». Utiliser les mots-clés de recherche comme signaux, sans traduction littérale ni bourrage. Répondre à une intention distincte du hub parent, garder les affirmations prudentes et suivre la politique de source.","/hanoi/;/location-moto-hanoi/;/types-motos/","CAUTIOUS_LOCAL_TRAVEL_GUIDANCE","false","1700","2800","PLANNED","PLANNED","0","","","",""
"FR-368","368","Hồ Hoàn Kiếm: đi lúc nào và gửi xe ở đâu","hoan kiem lake hanoi things to do","hoan kiem lake hanoi things to do; parking scooter hoan kiem","hanoi","/hanoi/","Hanoi à moto","CLUSTER","Thông tin du lịch","P1","Nội dung du lịch; kiểm tra giờ mở cửa/đường cấm/điểm gửi xe nếu nêu cụ thể.","https://vietnam.travel/site-map","https://fr.rentbikehanoi.com/hanoi/hoan-kiem-lake-hanoi-things-to-do/","hanoi/hoan-kiem-lake-hanoi-things-to-do/index.html","","Rédiger en français natif à partir de l'intention du plan vietnamien « Hồ Hoàn Kiếm: đi lúc nào và gửi xe ở đâu ». Utiliser les mots-clés de recherche comme signaux, sans traduction littérale ni bourrage. Répondre à une intention distincte du hub parent, garder les affirmations prudentes et suivre la politique de source.","/hanoi/;/location-moto-hanoi/;/types-motos/","CAUTIOUS_LOCAL_TRAVEL_GUIDANCE","false","1500","2600","PLANNED","PLANNED","0","","","",""
"FR-369","369","Hồ Tây bằng xe máy: vòng hồ, quán cà phê và điểm ngắm hoàng hôn","west lake hanoi motorbike","west lake hanoi motorbike; things to do west lake hanoi","hanoi","/hanoi/","Hanoi à moto","CLUSTER","Thông tin du lịch","P0","Nội dung du lịch; kiểm tra giờ mở cửa/đường cấm/điểm gửi xe nếu nêu cụ thể.","https://vietnam.travel/site-map","https://fr.rentbikehanoi.com/hanoi/west-lake-hanoi-motorbike/","hanoi/west-lake-hanoi-motorbike/index.html","","Rédiger en français natif à partir de l'intention du plan vietnamien « Hồ Tây bằng xe máy: vòng hồ, quán cà phê và điểm ngắm hoàng hôn ». Utiliser les mots-clés de recherche comme signaux, sans traduction littérale ni bourrage. Répondre à une intention distincte du hub parent, garder les affirmations prudentes et suivre la politique de source.","/hanoi/;/location-moto-hanoi/;/types-motos/","CAUTIOUS_LOCAL_TRAVEL_GUIDANCE","false","1700","2800","PLANNED","PLANNED","0","","","",""
"FR-370","370","Cầu Long Biên: thời điểm đẹp để ngắm thành phố","long bien bridge hanoi","long bien bridge hanoi; motorbike long bien bridge","hanoi","/hanoi/","Hanoi à moto","CLUSTER","Thông tin du lịch","P1","Nội dung du lịch; kiểm tra giờ mở cửa/đường cấm/điểm gửi xe nếu nêu cụ thể.","https://vietnam.travel/site-map","https://fr.rentbikehanoi.com/hanoi/long-bien-bridge-hanoi/","hanoi/long-bien-bridge-hanoi/index.html","","Rédiger en français natif à partir de l'intention du plan vietnamien « Cầu Long Biên: thời điểm đẹp để ngắm thành phố ». Utiliser les mots-clés de recherche comme signaux, sans traduction littérale ni bourrage. Répondre à une intention distincte du hub parent, garder les affirmations prudentes et suivre la politique de source.","/hanoi/;/location-moto-hanoi/;/types-motos/","CAUTIOUS_LOCAL_TRAVEL_GUIDANCE","false","1500","2600","PLANNED","PLANNED","0","","","",""
"FR-371","371","Khu Pháp ở Hà Nội: kiến trúc, quán cà phê và điểm chụp ảnh","hanoi french quarter things to do","hanoi french quarter things to do; french quarter hanoi","hanoi","/hanoi/","Hanoi à moto","CLUSTER","Thông tin du lịch","P0","Nội dung du lịch; kiểm tra giờ mở cửa/đường cấm/điểm gửi xe nếu nêu cụ thể.","https://vietnam.travel/site-map","https://fr.rentbikehanoi.com/hanoi/hanoi-french-quarter-things-to-do/","hanoi/hanoi-french-quarter-things-to-do/index.html","","Rédiger en français natif à partir de l'intention du plan vietnamien « Khu Pháp ở Hà Nội: kiến trúc, quán cà phê và điểm chụp ảnh ». Utiliser les mots-clés de recherche comme signaux, sans traduction littérale ni bourrage. Répondre à une intention distincte du hub parent, garder les affirmations prudentes et suivre la politique de source.","/hanoi/;/location-moto-hanoi/;/types-motos/","CAUTIOUS_LOCAL_TRAVEL_GUIDANCE","false","1700","2800","PLANNED","PLANNED","0","","","",""
"FR-372","372","Văn Miếu Quốc Tử Giám: kết hợp tuyến tham quan nào","temple of literature hanoi itinerary","temple of literature hanoi itinerary","hanoi","/hanoi/","Hanoi à moto","CLUSTER","Thông tin du lịch","P1","Nội dung du lịch; kiểm tra giờ mở cửa/đường cấm/điểm gửi xe nếu nêu cụ thể.","https://vietnam.travel/site-map","https://fr.rentbikehanoi.com/hanoi/temple-of-literature-hanoi-itinerary/","hanoi/temple-of-literature-hanoi-itinerary/index.html","","Rédiger en français natif à partir de l'intention du plan vietnamien « Văn Miếu Quốc Tử Giám: kết hợp tuyến tham quan nào ». Utiliser les mots-clés de recherche comme signaux, sans traduction littérale ni bourrage. Répondre à une intention distincte du hub parent, garder les affirmations prudentes et suivre la politique de source.","/hanoi/;/location-moto-hanoi/;/types-motos/","CAUTIOUS_LOCAL_TRAVEL_GUIDANCE","false","1500","2600","PLANNED","PLANNED","0","","","",""
"FR-373","373","Lăng Chủ tịch Hồ Chí Minh và khu Ba Đình: lịch trình nửa ngày","ba dinh hanoi itinerary","ba dinh hanoi itinerary; ho chi minh mausoleum hanoi","hanoi","/hanoi/","Hanoi à moto","CLUSTER","Thông tin du lịch","P1","Nội dung du lịch; kiểm tra giờ mở cửa/đường cấm/điểm gửi xe nếu nêu cụ thể.","https://vietnam.travel/site-map","https://fr.rentbikehanoi.com/hanoi/ba-dinh-hanoi-itinerary/","hanoi/ba-dinh-hanoi-itinerary/index.html","","Rédiger en français natif à partir de l'intention du plan vietnamien « Lăng Chủ tịch Hồ Chí Minh và khu Ba Đình: lịch trình nửa ngày ». Utiliser les mots-clés de recherche comme signaux, sans traduction littérale ni bourrage. Répondre à une intention distincte du hub parent, garder les affirmations prudentes et suivre la politique de source.","/hanoi/;/location-moto-hanoi/;/types-motos/","CAUTIOUS_LOCAL_TRAVEL_GUIDANCE","false","1500","2600","PLANNED","PLANNED","0","","","",""
"FR-374","374","Bảo tàng ở Hà Nội: tuyến tham quan cho ngày mưa","hanoi museums rainy day","hanoi museums rainy day; things to do hanoi rain","hanoi","/hanoi/","Hanoi à moto","CLUSTER","Thông tin du lịch","P1","Nội dung du lịch; kiểm tra giờ mở cửa/đường cấm/điểm gửi xe nếu nêu cụ thể.","https://vietnam.travel/site-map","https://fr.rentbikehanoi.com/hanoi/hanoi-museums-rainy-day/","hanoi/hanoi-museums-rainy-day/index.html","","Rédiger en français natif à partir de l'intention du plan vietnamien « Bảo tàng ở Hà Nội: tuyến tham quan cho ngày mưa ». Utiliser les mots-clés de recherche comme signaux, sans traduction littérale ni bourrage. Répondre à une intention distincte du hub parent, garder les affirmations prudentes et suivre la politique de source.","/hanoi/;/location-moto-hanoi/;/types-motos/","CAUTIOUS_LOCAL_TRAVEL_GUIDANCE","false","1500","2600","PLANNED","PLANNED","0","","","",""
"FR-375","375","Đi cà phê Hà Nội bằng xe máy: 5 khu nên khám phá","hanoi coffee areas scooter","hanoi coffee areas scooter; cafe hopping hanoi","hanoi","/hanoi/","Hanoi à moto","CLUSTER","Thông tin du lịch","P1","Nội dung du lịch; kiểm tra giờ mở cửa/đường cấm/điểm gửi xe nếu nêu cụ thể.","https://vietnam.travel/site-map","https://fr.rentbikehanoi.com/hanoi/hanoi-coffee-areas-scooter/","hanoi/hanoi-coffee-areas-scooter/index.html","","Rédiger en français natif à partir de l'intention du plan vietnamien « Đi cà phê Hà Nội bằng xe máy: 5 khu nên khám phá ». Utiliser les mots-clés de recherche comme signaux, sans traduction littérale ni bourrage. Répondre à une intention distincte du hub parent, garder les affirmations prudentes et suivre la politique de source.","/hanoi/;/location-moto-hanoi/;/types-motos/","CAUTIOUS_LOCAL_TRAVEL_GUIDANCE","false","1500","2600","PLANNED","PLANNED","0","","","",""
"FR-376","376","Ẩm thực đường phố Hà Nội: tuyến ăn uống dễ đi bằng xe máy","hanoi street food motorbike route","hanoi street food motorbike route; things to eat hanoi","hanoi","/hanoi/","Hanoi à moto","CLUSTER","Thông tin du lịch","P0","Nội dung du lịch; kiểm tra giờ mở cửa/đường cấm/điểm gửi xe nếu nêu cụ thể.","https://vietnam.travel/site-map","https://fr.rentbikehanoi.com/hanoi/hanoi-street-food-motorbike-route/","hanoi/hanoi-street-food-motorbike-route/index.html","","Rédiger en français natif à partir de l'intention du plan vietnamien « Ẩm thực đường phố Hà Nội: tuyến ăn uống dễ đi bằng xe máy ». Utiliser les mots-clés de recherche comme signaux, sans traduction littérale ni bourrage. Répondre à une intention distincte du hub parent, garder les affirmations prudentes et suivre la politique de source.","/hanoi/;/location-moto-hanoi/;/types-motos/","CAUTIOUS_LOCAL_TRAVEL_GUIDANCE","false","1700","2800","PLANNED","PLANNED","0","","","",""
"FR-377","377","Hà Nội về đêm: những nơi nên đi sau 19 giờ","things to do hanoi at night","things to do hanoi at night; hanoi night attractions","hanoi","/hanoi/","Hanoi à moto","CLUSTER","Thông tin du lịch","P0","Nội dung du lịch; kiểm tra giờ mở cửa/đường cấm/điểm gửi xe nếu nêu cụ thể.","https://vietnam.travel/site-map","https://fr.rentbikehanoi.com/hanoi/things-to-do-hanoi-at-night/","hanoi/things-to-do-hanoi-at-night/index.html","","Rédiger en français natif à partir de l'intention du plan vietnamien « Hà Nội về đêm: những nơi nên đi sau 19 giờ ». Utiliser les mots-clés de recherche comme signaux, sans traduction littérale ni bourrage. Répondre à une intention distincte du hub parent, garder les affirmations prudentes et suivre la politique de source.","/hanoi/;/location-moto-hanoi/;/types-motos/","CAUTIOUS_LOCAL_TRAVEL_GUIDANCE","false","1700","2800","PLANNED","PLANNED","0","","","",""
"FR-378","378","Hà Nội sáng sớm: hồ, chợ và quán ăn","things to do hanoi early morning","things to do hanoi early morning","hanoi","/hanoi/","Hanoi à moto","CLUSTER","Thông tin du lịch","P1","Nội dung du lịch; kiểm tra giờ mở cửa/đường cấm/điểm gửi xe nếu nêu cụ thể.","https://vietnam.travel/site-map","https://fr.rentbikehanoi.com/hanoi/things-to-do-hanoi-early-morning/","hanoi/things-to-do-hanoi-early-morning/index.html","","Rédiger en français natif à partir de l'intention du plan vietnamien « Hà Nội sáng sớm: hồ, chợ và quán ăn ». Utiliser les mots-clés de recherche comme signaux, sans traduction littérale ni bourrage. Répondre à une intention distincte du hub parent, garder les affirmations prudentes et suivre la politique de source.","/hanoi/;/location-moto-hanoi/;/types-motos/","CAUTIOUS_LOCAL_TRAVEL_GUIDANCE","false","1500","2600","PLANNED","PLANNED","0","","","",""
"FR-379","379","Hà Nội khi trời mưa: lịch trình không bị hỏng kế hoạch","things to do hanoi when it rains","things to do hanoi when it rains; rainy day hanoi","hanoi","/hanoi/","Hanoi à moto","CLUSTER","Thông tin du lịch","P0","Nội dung du lịch; kiểm tra giờ mở cửa/đường cấm/điểm gửi xe nếu nêu cụ thể.","https://vietnam.travel/site-map","https://fr.rentbikehanoi.com/hanoi/things-to-do-hanoi-when-it-rains/","hanoi/things-to-do-hanoi-when-it-rains/index.html","","Rédiger en français natif à partir de l'intention du plan vietnamien « Hà Nội khi trời mưa: lịch trình không bị hỏng kế hoạch ». Utiliser les mots-clés de recherche comme signaux, sans traduction littérale ni bourrage. Répondre à une intention distincte du hub parent, garder les affirmations prudentes et suivre la politique de source.","/hanoi/;/location-moto-hanoi/;/types-motos/","CAUTIOUS_LOCAL_TRAVEL_GUIDANCE","false","1700","2800","PLANNED","PLANNED","0","","","",""
"FR-380","380","Hà Nội với trẻ em: những điểm dễ đi và ít mệt","things to do hanoi with kids","things to do hanoi with kids; family hanoi","hanoi","/hanoi/","Hanoi à moto","CLUSTER","Thông tin du lịch","P1","Nội dung du lịch; kiểm tra giờ mở cửa/đường cấm/điểm gửi xe nếu nêu cụ thể.","https://vietnam.travel/site-map","https://fr.rentbikehanoi.com/hanoi/things-to-do-hanoi-with-kids/","hanoi/things-to-do-hanoi-with-kids/index.html","","Rédiger en français natif à partir de l'intention du plan vietnamien « Hà Nội với trẻ em: những điểm dễ đi và ít mệt ». Utiliser les mots-clés de recherche comme signaux, sans traduction littérale ni bourrage. Répondre à une intention distincte du hub parent, garder les affirmations prudentes et suivre la politique de source.","/hanoi/;/location-moto-hanoi/;/types-motos/","CAUTIOUS_LOCAL_TRAVEL_GUIDANCE","false","1500","2600","PLANNED","PLANNED","0","","","",""
"FR-381","381","Hà Nội cho cặp đôi: hoàng hôn, cà phê và buổi tối","things to do hanoi couples","things to do hanoi couples; romantic hanoi","hanoi","/hanoi/","Hanoi à moto","CLUSTER","Thông tin du lịch","P2","Nội dung du lịch; kiểm tra giờ mở cửa/đường cấm/điểm gửi xe nếu nêu cụ thể.","https://vietnam.travel/site-map","https://fr.rentbikehanoi.com/hanoi/things-to-do-hanoi-couples/","hanoi/things-to-do-hanoi-couples/index.html","","Rédiger en français natif à partir de l'intention du plan vietnamien « Hà Nội cho cặp đôi: hoàng hôn, cà phê và buổi tối ». Utiliser les mots-clés de recherche comme signaux, sans traduction littérale ni bourrage. Répondre à une intention distincte du hub parent, garder les affirmations prudentes et suivre la politique de source.","/hanoi/;/location-moto-hanoi/;/types-motos/","CAUTIOUS_LOCAL_TRAVEL_GUIDANCE","false","1500","2600","PLANNED","PLANNED","0","","","",""
"FR-382","382","Hà Nội cho người đi một mình: các khu dễ khám phá","things to do hanoi solo","things to do hanoi solo; hanoi by yourself","hanoi","/hanoi/","Hanoi à moto","CLUSTER","Thông tin du lịch","P1","Nội dung du lịch; kiểm tra giờ mở cửa/đường cấm/điểm gửi xe nếu nêu cụ thể.","https://vietnam.travel/site-map","https://fr.rentbikehanoi.com/hanoi/things-to-do-hanoi-solo/","hanoi/things-to-do-hanoi-solo/index.html","","Rédiger en français natif à partir de l'intention du plan vietnamien « Hà Nội cho người đi một mình: các khu dễ khám phá ». Utiliser les mots-clés de recherche comme signaux, sans traduction littérale ni bourrage. Répondre à une intention distincte du hub parent, garder les affirmations prudentes et suivre la politique de source.","/hanoi/;/location-moto-hanoi/;/types-motos/","CAUTIOUS_LOCAL_TRAVEL_GUIDANCE","false","1500","2600","PLANNED","PLANNED","0","","","",""
"FR-383","383","Những việc miễn phí có thể làm ở Hà Nội","free things to do hanoi","free things to do hanoi","hanoi","/hanoi/","Hanoi à moto","CLUSTER","Thông tin du lịch","P1","Nội dung du lịch; kiểm tra giờ mở cửa/đường cấm/điểm gửi xe nếu nêu cụ thể.","https://vietnam.travel/site-map","https://fr.rentbikehanoi.com/hanoi/free-things-to-do-hanoi/","hanoi/free-things-to-do-hanoi/index.html","","Rédiger en français natif à partir de l'intention du plan vietnamien « Những việc miễn phí có thể làm ở Hà Nội ». Utiliser les mots-clés de recherche comme signaux, sans traduction littérale ni bourrage. Répondre à une intention distincte du hub parent, garder les affirmations prudentes et suivre la politique de source.","/hanoi/;/location-moto-hanoi/;/types-motos/","CAUTIOUS_LOCAL_TRAVEL_GUIDANCE","false","1500","2600","PLANNED","PLANNED","0","","","",""
"FR-384","384","Những trải nghiệm lạ ở Hà Nội ngoài Phố Cổ","unique things to do hanoi","unique things to do hanoi; unusual things to do hanoi","hanoi","/hanoi/","Hanoi à moto","CLUSTER","Thông tin du lịch","P0","Nội dung du lịch; kiểm tra giờ mở cửa/đường cấm/điểm gửi xe nếu nêu cụ thể.","https://vietnam.travel/site-map","https://fr.rentbikehanoi.com/hanoi/unique-things-to-do-hanoi/","hanoi/unique-things-to-do-hanoi/index.html","","Rédiger en français natif à partir de l'intention du plan vietnamien « Những trải nghiệm lạ ở Hà Nội ngoài Phố Cổ ». Utiliser les mots-clés de recherche comme signaux, sans traduction littérale ni bourrage. Répondre à une intention distincte du hub parent, garder les affirmations prudentes et suivre la politique de source.","/hanoi/;/location-moto-hanoi/;/types-motos/","CAUTIOUS_LOCAL_TRAVEL_GUIDANCE","false","1700","2800","PLANNED","PLANNED","0","","","",""
"FR-385","385","Điểm chụp ảnh đẹp ở Hà Nội bằng xe máy","hanoi photo spots motorbike","hanoi photo spots motorbike; instagram spots hanoi","hanoi","/hanoi/","Hanoi à moto","CLUSTER","Thông tin du lịch","P1","Nội dung du lịch; kiểm tra giờ mở cửa/đường cấm/điểm gửi xe nếu nêu cụ thể.","https://vietnam.travel/site-map","https://fr.rentbikehanoi.com/hanoi/hanoi-photo-spots-motorbike/","hanoi/hanoi-photo-spots-motorbike/index.html","","Rédiger en français natif à partir de l'intention du plan vietnamien « Điểm chụp ảnh đẹp ở Hà Nội bằng xe máy ». Utiliser les mots-clés de recherche comme signaux, sans traduction littérale ni bourrage. Répondre à une intention distincte du hub parent, garder les affirmations prudentes et suivre la politique de source.","/hanoi/;/location-moto-hanoi/;/types-motos/","CAUTIOUS_LOCAL_TRAVEL_GUIDANCE","false","1500","2600","PLANNED","PLANNED","0","","","",""
"FR-386","386","Chợ đêm Hà Nội: đi đâu và gửi xe ở đâu","hanoi night market scooter parking","hanoi night market scooter parking","hanoi","/hanoi/","Hanoi à moto","CLUSTER","Thông tin du lịch","P1","Nội dung du lịch; kiểm tra giờ mở cửa/đường cấm/điểm gửi xe nếu nêu cụ thể.","https://vietnam.travel/site-map","https://fr.rentbikehanoi.com/hanoi/hanoi-night-market-scooter-parking/","hanoi/hanoi-night-market-scooter-parking/index.html","","Rédiger en français natif à partir de l'intention du plan vietnamien « Chợ đêm Hà Nội: đi đâu và gửi xe ở đâu ». Utiliser les mots-clés de recherche comme signaux, sans traduction littérale ni bourrage. Répondre à une intention distincte du hub parent, garder les affirmations prudentes et suivre la politique de source.","/hanoi/;/location-moto-hanoi/;/types-motos/","CAUTIOUS_LOCAL_TRAVEL_GUIDANCE","false","1500","2600","PLANNED","PLANNED","0","","","",""
"FR-387","387","Làng gốm Bát Tràng bằng xe máy từ trung tâm Hà Nội","hanoi to bat trang motorbike","hanoi to bat trang motorbike; bat trang day trip","hanoi","/hanoi/","Hanoi à moto","CLUSTER","Lịch trình","P0","Nội dung du lịch; kiểm tra giờ mở cửa/đường cấm/điểm gửi xe nếu nêu cụ thể.","https://vietnam.travel/site-map","https://fr.rentbikehanoi.com/hanoi/hanoi-to-bat-trang-motorbike/","hanoi/hanoi-to-bat-trang-motorbike/index.html","","Rédiger en français natif à partir de l'intention du plan vietnamien « Làng gốm Bát Tràng bằng xe máy từ trung tâm Hà Nội ». Utiliser les mots-clés de recherche comme signaux, sans traduction littérale ni bourrage. Répondre à une intention distincte du hub parent, garder les affirmations prudentes et suivre la politique de source.","/hanoi/;/location-moto-hanoi/;/types-motos/","CAUTIOUS_LOCAL_TRAVEL_GUIDANCE","false","1700","2800","PLANNED","PLANNED","0","","","",""
"FR-388","388","Làng cổ Đường Lâm bằng xe máy: chuyến đi trong ngày","hanoi to duong lam motorbike","hanoi to duong lam motorbike; duong lam day trip","hanoi","/hanoi/","Hanoi à moto","CLUSTER","Lịch trình","P1","Nội dung du lịch; kiểm tra giờ mở cửa/đường cấm/điểm gửi xe nếu nêu cụ thể.","https://vietnam.travel/site-map","https://fr.rentbikehanoi.com/hanoi/hanoi-to-duong-lam-motorbike/","hanoi/hanoi-to-duong-lam-motorbike/index.html","","Rédiger en français natif à partir de l'intention du plan vietnamien « Làng cổ Đường Lâm bằng xe máy: chuyến đi trong ngày ». Utiliser les mots-clés de recherche comme signaux, sans traduction littérale ni bourrage. Répondre à une intention distincte du hub parent, garder les affirmations prudentes et suivre la politique de source.","/hanoi/;/location-moto-hanoi/;/types-motos/","CAUTIOUS_LOCAL_TRAVEL_GUIDANCE","false","1500","2600","PLANNED","PLANNED","0","","","",""
"FR-389","389","Ba Vì bằng xe máy từ Hà Nội: tuyến đi trong ngày","hanoi to ba vi motorbike","hanoi to ba vi motorbike; ba vi motorbike day trip","hanoi","/hanoi/","Hanoi à moto","CLUSTER","Lịch trình","P0","Nội dung du lịch; kiểm tra giờ mở cửa/đường cấm/điểm gửi xe nếu nêu cụ thể.","https://vietnam.travel/site-map","https://fr.rentbikehanoi.com/hanoi/hanoi-to-ba-vi-motorbike/","hanoi/hanoi-to-ba-vi-motorbike/index.html","","Rédiger en français natif à partir de l'intention du plan vietnamien « Ba Vì bằng xe máy từ Hà Nội: tuyến đi trong ngày ». Utiliser les mots-clés de recherche comme signaux, sans traduction littérale ni bourrage. Répondre à une intention distincte du hub parent, garder les affirmations prudentes et suivre la politique de source.","/hanoi/;/location-moto-hanoi/;/types-motos/","CAUTIOUS_LOCAL_TRAVEL_GUIDANCE","false","1700","2800","PLANNED","PLANNED","0","","","",""
"FR-390","390","Chùa Hương bằng xe máy: cách kết hợp đường bộ và thuyền","hanoi perfume pagoda motorbike","hanoi perfume pagoda motorbike; chua huong day trip","hanoi","/hanoi/","Hanoi à moto","CLUSTER","Lịch trình","P1","Nội dung du lịch; kiểm tra giờ mở cửa/đường cấm/điểm gửi xe nếu nêu cụ thể.","https://vietnam.travel/site-map","https://fr.rentbikehanoi.com/hanoi/hanoi-perfume-pagoda-motorbike/","hanoi/hanoi-perfume-pagoda-motorbike/index.html","","Rédiger en français natif à partir de l'intention du plan vietnamien « Chùa Hương bằng xe máy: cách kết hợp đường bộ và thuyền ». Utiliser les mots-clés de recherche comme signaux, sans traduction littérale ni bourrage. Répondre à une intention distincte du hub parent, garder les affirmations prudentes et suivre la politique de source.","/hanoi/;/location-moto-hanoi/;/types-motos/","CAUTIOUS_LOCAL_TRAVEL_GUIDANCE","false","1500","2600","PLANNED","PLANNED","0","","","",""
"FR-391","391","Sóc Sơn bằng xe máy: hồ, rừng và cà phê ngoại thành","hanoi soc son motorbike day trip","hanoi soc son motorbike day trip","hanoi","/hanoi/","Hanoi à moto","CLUSTER","Lịch trình","P2","Nội dung du lịch; kiểm tra giờ mở cửa/đường cấm/điểm gửi xe nếu nêu cụ thể.","https://vietnam.travel/site-map","https://fr.rentbikehanoi.com/hanoi/hanoi-soc-son-motorbike-day-trip/","hanoi/hanoi-soc-son-motorbike-day-trip/index.html","","Rédiger en français natif à partir de l'intention du plan vietnamien « Sóc Sơn bằng xe máy: hồ, rừng và cà phê ngoại thành ». Utiliser les mots-clés de recherche comme signaux, sans traduction littérale ni bourrage. Répondre à une intention distincte du hub parent, garder les affirmations prudentes et suivre la politique de source.","/hanoi/;/location-moto-hanoi/;/types-motos/","CAUTIOUS_LOCAL_TRAVEL_GUIDANCE","false","1500","2600","PLANNED","PLANNED","0","","","",""
"FR-392","392","Đông Anh và Cổ Loa bằng xe máy: chuyến nửa ngày","hanoi co loa motorbike","hanoi co loa motorbike; co loa day trip","hanoi","/hanoi/","Hanoi à moto","CLUSTER","Lịch trình","P2","Nội dung du lịch; kiểm tra giờ mở cửa/đường cấm/điểm gửi xe nếu nêu cụ thể.","https://vietnam.travel/site-map","https://fr.rentbikehanoi.com/hanoi/hanoi-co-loa-motorbike/","hanoi/hanoi-co-loa-motorbike/index.html","","Rédiger en français natif à partir de l'intention du plan vietnamien « Đông Anh và Cổ Loa bằng xe máy: chuyến nửa ngày ». Utiliser les mots-clés de recherche comme signaux, sans traduction littérale ni bourrage. Répondre à une intention distincte du hub parent, garder les affirmations prudentes et suivre la politique de source.","/hanoi/;/location-moto-hanoi/;/types-motos/","CAUTIOUS_LOCAL_TRAVEL_GUIDANCE","false","1500","2600","PLANNED","PLANNED","0","","","",""
"FR-393","393","Hà Nội đến Ecopark bằng xe máy: cung đường dễ cho người mới","hanoi ecopark motorbike","hanoi ecopark motorbike; scooter day trip hanoi","hanoi","/hanoi/","Hanoi à moto","CLUSTER","Lịch trình","P2","Nội dung du lịch; kiểm tra giờ mở cửa/đường cấm/điểm gửi xe nếu nêu cụ thể.","https://vietnam.travel/site-map","https://fr.rentbikehanoi.com/hanoi/hanoi-ecopark-motorbike/","hanoi/hanoi-ecopark-motorbike/index.html","","Rédiger en français natif à partir de l'intention du plan vietnamien « Hà Nội đến Ecopark bằng xe máy: cung đường dễ cho người mới ». Utiliser les mots-clés de recherche comme signaux, sans traduction littérale ni bourrage. Répondre à une intention distincte du hub parent, garder les affirmations prudentes et suivre la politique de source.","/hanoi/;/location-moto-hanoi/;/types-motos/","CAUTIOUS_LOCAL_TRAVEL_GUIDANCE","false","1500","2600","PLANNED","PLANNED","0","","","",""
"FR-394","394","Vòng quanh sông Hồng bằng xe máy: Long Biên, Bát Tràng và bãi giữa","red river hanoi motorbike route","red river hanoi motorbike route; long bien bat trang route","hanoi","/hanoi/","Hanoi à moto","CLUSTER","Lịch trình","P1","Nội dung du lịch; kiểm tra giờ mở cửa/đường cấm/điểm gửi xe nếu nêu cụ thể.","https://vietnam.travel/site-map","https://fr.rentbikehanoi.com/hanoi/red-river-hanoi-motorbike-route/","hanoi/red-river-hanoi-motorbike-route/index.html","","Rédiger en français natif à partir de l'intention du plan vietnamien « Vòng quanh sông Hồng bằng xe máy: Long Biên, Bát Tràng và bãi giữa ». Utiliser les mots-clés de recherche comme signaux, sans traduction littérale ni bourrage. Répondre à une intention distincte du hub parent, garder les affirmations prudentes et suivre la politique de source.","/hanoi/;/location-moto-hanoi/;/types-motos/","CAUTIOUS_LOCAL_TRAVEL_GUIDANCE","false","1500","2600","PLANNED","PLANNED","0","","","",""
"FR-395","395","Tour hồ Hà Nội bằng xe máy: Hoàn Kiếm, Trúc Bạch và Hồ Tây","hanoi lakes motorbike route","hanoi lakes motorbike route; west lake scooter route","hanoi","/hanoi/","Hanoi à moto","CLUSTER","Lịch trình","P1","Nội dung du lịch; kiểm tra giờ mở cửa/đường cấm/điểm gửi xe nếu nêu cụ thể.","https://vietnam.travel/site-map","https://fr.rentbikehanoi.com/hanoi/hanoi-lakes-motorbike-route/","hanoi/hanoi-lakes-motorbike-route/index.html","","Rédiger en français natif à partir de l'intention du plan vietnamien « Tour hồ Hà Nội bằng xe máy: Hoàn Kiếm, Trúc Bạch và Hồ Tây ». Utiliser les mots-clés de recherche comme signaux, sans traduction littérale ni bourrage. Répondre à une intention distincte du hub parent, garder les affirmations prudentes et suivre la politique de source.","/hanoi/;/location-moto-hanoi/;/types-motos/","CAUTIOUS_LOCAL_TRAVEL_GUIDANCE","false","1500","2600","PLANNED","PLANNED","0","","","",""
"FR-396","396","Tuyến kiến trúc Pháp ở Hà Nội bằng xe máy","hanoi french architecture motorbike route","hanoi french architecture motorbike route","hanoi","/hanoi/","Hanoi à moto","CLUSTER","Lịch trình","P1","Nội dung du lịch; kiểm tra giờ mở cửa/đường cấm/điểm gửi xe nếu nêu cụ thể.","https://vietnam.travel/site-map","https://fr.rentbikehanoi.com/hanoi/hanoi-french-architecture-motorbike-route/","hanoi/hanoi-french-architecture-motorbike-route/index.html","","Rédiger en français natif à partir de l'intention du plan vietnamien « Tuyến kiến trúc Pháp ở Hà Nội bằng xe máy ». Utiliser les mots-clés de recherche comme signaux, sans traduction littérale ni bourrage. Répondre à une intention distincte du hub parent, garder les affirmations prudentes et suivre la politique de source.","/hanoi/;/location-moto-hanoi/;/types-motos/","CAUTIOUS_LOCAL_TRAVEL_GUIDANCE","false","1500","2600","PLANNED","PLANNED","0","","","",""
"FR-397","397","Tuyến ẩm thực Hà Nội 3 giờ bằng xe máy","hanoi food motorbike route","hanoi food motorbike route; street food scooter hanoi","hanoi","/hanoi/","Hanoi à moto","CLUSTER","Lịch trình","P1","Nội dung du lịch; kiểm tra giờ mở cửa/đường cấm/điểm gửi xe nếu nêu cụ thể.","https://vietnam.travel/site-map","https://fr.rentbikehanoi.com/hanoi/hanoi-food-motorbike-route/","hanoi/hanoi-food-motorbike-route/index.html","","Rédiger en français natif à partir de l'intention du plan vietnamien « Tuyến ẩm thực Hà Nội 3 giờ bằng xe máy ». Utiliser les mots-clés de recherche comme signaux, sans traduction littérale ni bourrage. Répondre à une intention distincte du hub parent, garder les affirmations prudentes et suivre la politique de source.","/hanoi/;/location-moto-hanoi/;/types-motos/","CAUTIOUS_LOCAL_TRAVEL_GUIDANCE","false","1500","2600","PLANNED","PLANNED","0","","","",""
"FR-398","398","Tuyến cà phê Hà Nội 3 giờ bằng xe máy","hanoi coffee motorbike route","hanoi coffee motorbike route; cafe scooter hanoi","hanoi","/hanoi/","Hanoi à moto","CLUSTER","Lịch trình","P2","Nội dung du lịch; kiểm tra giờ mở cửa/đường cấm/điểm gửi xe nếu nêu cụ thể.","https://vietnam.travel/site-map","https://fr.rentbikehanoi.com/hanoi/hanoi-coffee-motorbike-route/","hanoi/hanoi-coffee-motorbike-route/index.html","","Rédiger en français natif à partir de l'intention du plan vietnamien « Tuyến cà phê Hà Nội 3 giờ bằng xe máy ». Utiliser les mots-clés de recherche comme signaux, sans traduction littérale ni bourrage. Répondre à une intention distincte du hub parent, garder les affirmations prudentes et suivre la politique de source.","/hanoi/;/location-moto-hanoi/;/types-motos/","CAUTIOUS_LOCAL_TRAVEL_GUIDANCE","false","1500","2600","PLANNED","PLANNED","0","","","",""
"FR-399","399","Tuyến chụp ảnh hoàng hôn ở Hà Nội bằng xe máy","hanoi sunset motorbike route","hanoi sunset motorbike route","hanoi","/hanoi/","Hanoi à moto","CLUSTER","Lịch trình","P2","Nội dung du lịch; kiểm tra giờ mở cửa/đường cấm/điểm gửi xe nếu nêu cụ thể.","https://vietnam.travel/site-map","https://fr.rentbikehanoi.com/hanoi/hanoi-sunset-motorbike-route/","hanoi/hanoi-sunset-motorbike-route/index.html","","Rédiger en français natif à partir de l'intention du plan vietnamien « Tuyến chụp ảnh hoàng hôn ở Hà Nội bằng xe máy ». Utiliser les mots-clés de recherche comme signaux, sans traduction littérale ni bourrage. Répondre à une intention distincte du hub parent, garder les affirmations prudentes et suivre la politique de source.","/hanoi/;/location-moto-hanoi/;/types-motos/","CAUTIOUS_LOCAL_TRAVEL_GUIDANCE","false","1500","2600","PLANNED","PLANNED","0","","","",""
"FR-400","400","Tuyến Hà Nội cho ngày nắng nóng: đi sớm, nghỉ trưa, đi tối","hanoi summer itinerary heat","hanoi summer itinerary heat; things to do hanoi hot weather","hanoi","/hanoi/","Hanoi à moto","CLUSTER","Lịch trình","P2","Nội dung du lịch; kiểm tra giờ mở cửa/đường cấm/điểm gửi xe nếu nêu cụ thể.","https://vietnam.travel/site-map","https://fr.rentbikehanoi.com/hanoi/hanoi-summer-itinerary-heat/","hanoi/hanoi-summer-itinerary-heat/index.html","","Rédiger en français natif à partir de l'intention du plan vietnamien « Tuyến Hà Nội cho ngày nắng nóng: đi sớm, nghỉ trưa, đi tối ». Utiliser les mots-clés de recherche comme signaux, sans traduction littérale ni bourrage. Répondre à une intention distincte du hub parent, garder les affirmations prudentes et suivre la politique de source.","/hanoi/;/location-moto-hanoi/;/types-motos/","CAUTIOUS_LOCAL_TRAVEL_GUIDANCE","false","1500","2600","PLANNED","PLANNED","0","","","",""
"FR-401","401","Tuyến Hà Nội mùa đông: cà phê, hồ và ẩm thực nóng","hanoi winter itinerary","hanoi winter itinerary; things to do hanoi winter","hanoi","/hanoi/","Hanoi à moto","CLUSTER","Lịch trình","P2","Nội dung du lịch; kiểm tra giờ mở cửa/đường cấm/điểm gửi xe nếu nêu cụ thể.","https://vietnam.travel/site-map","https://fr.rentbikehanoi.com/hanoi/hanoi-winter-itinerary/","hanoi/hanoi-winter-itinerary/index.html","","Rédiger en français natif à partir de l'intention du plan vietnamien « Tuyến Hà Nội mùa đông: cà phê, hồ và ẩm thực nóng ». Utiliser les mots-clés de recherche comme signaux, sans traduction littérale ni bourrage. Répondre à une intention distincte du hub parent, garder les affirmations prudentes et suivre la politique de source.","/hanoi/;/location-moto-hanoi/;/types-motos/","CAUTIOUS_LOCAL_TRAVEL_GUIDANCE","false","1500","2600","PLANNED","PLANNED","0","","","",""
"FR-402","402","Tuyến Hà Nội dịp Giáng sinh bằng xe máy","things to do hanoi christmas","things to do hanoi christmas; hanoi christmas scooter","hanoi","/hanoi/","Hanoi à moto","CLUSTER","Thông tin thời vụ","P2","Nội dung du lịch; kiểm tra giờ mở cửa/đường cấm/điểm gửi xe nếu nêu cụ thể.","https://vietnam.travel/site-map","https://fr.rentbikehanoi.com/hanoi/things-to-do-hanoi-christmas/","hanoi/things-to-do-hanoi-christmas/index.html","","Rédiger en français natif à partir de l'intention du plan vietnamien « Tuyến Hà Nội dịp Giáng sinh bằng xe máy ». Utiliser les mots-clés de recherche comme signaux, sans traduction littérale ni bourrage. Répondre à une intention distincte du hub parent, garder les affirmations prudentes et suivre la politique de source.","/hanoi/;/location-moto-hanoi/;/types-motos/","CAUTIOUS_LOCAL_TRAVEL_GUIDANCE","false","1500","2600","PLANNED","PLANNED","0","","","",""
"FR-403","403","Tuyến Hà Nội dịp Tết: khu nào đông và khu nào nên tránh","things to do hanoi during tet","things to do hanoi during tet; hanoi tet traffic","hanoi","/hanoi/","Hanoi à moto","CLUSTER","Thông tin thời vụ","P1","Nội dung du lịch; kiểm tra giờ mở cửa/đường cấm/điểm gửi xe nếu nêu cụ thể.","https://vietnam.travel/site-map","https://fr.rentbikehanoi.com/hanoi/things-to-do-hanoi-during-tet/","hanoi/things-to-do-hanoi-during-tet/index.html","","Rédiger en français natif à partir de l'intention du plan vietnamien « Tuyến Hà Nội dịp Tết: khu nào đông và khu nào nên tránh ». Utiliser les mots-clés de recherche comme signaux, sans traduction littérale ni bourrage. Répondre à une intention distincte du hub parent, garder les affirmations prudentes et suivre la politique de source.","/hanoi/;/location-moto-hanoi/;/types-motos/","CAUTIOUS_LOCAL_TRAVEL_GUIDANCE","false","1500","2600","PLANNED","PLANNED","0","","","",""
"FR-404","404","Từ Hà Nội đi đâu trong 1 ngày bằng xe máy?","day trips from hanoi by motorbike","day trips from hanoi by motorbike; things to do from hanoi","hanoi","/hanoi/","Hanoi à moto","CLUSTER","Thông tin du lịch","P0","Nội dung du lịch; kiểm tra giờ mở cửa/đường cấm/điểm gửi xe nếu nêu cụ thể.","https://vietnam.travel/site-map","https://fr.rentbikehanoi.com/hanoi/day-trips-from-hanoi-by-motorbike/","hanoi/day-trips-from-hanoi-by-motorbike/index.html","","Rédiger en français natif à partir de l'intention du plan vietnamien « Từ Hà Nội đi đâu trong 1 ngày bằng xe máy? ». Utiliser les mots-clés de recherche comme signaux, sans traduction littérale ni bourrage. Répondre à une intention distincte du hub parent, garder les affirmations prudentes et suivre la politique de source.","/hanoi/;/location-moto-hanoi/;/types-motos/","CAUTIOUS_LOCAL_TRAVEL_GUIDANCE","false","1700","2800","PLANNED","PLANNED","0","","","",""
"FR-405","405","Từ Hà Nội đi đâu trong 2 ngày bằng xe máy?","2 day motorbike trips from hanoi","2 day motorbike trips from hanoi","hanoi","/hanoi/","Hanoi à moto","CLUSTER","Thông tin du lịch","P1","Nội dung du lịch; kiểm tra giờ mở cửa/đường cấm/điểm gửi xe nếu nêu cụ thể.","https://vietnam.travel/site-map","https://fr.rentbikehanoi.com/hanoi/2-day-motorbike-trips-from-hanoi/","hanoi/2-day-motorbike-trips-from-hanoi/index.html","","Rédiger en français natif à partir de l'intention du plan vietnamien « Từ Hà Nội đi đâu trong 2 ngày bằng xe máy? ». Utiliser les mots-clés de recherche comme signaux, sans traduction littérale ni bourrage. Répondre à une intention distincte du hub parent, garder les affirmations prudentes et suivre la politique de source.","/hanoi/;/location-moto-hanoi/;/types-motos/","CAUTIOUS_LOCAL_TRAVEL_GUIDANCE","false","1500","2600","PLANNED","PLANNED","0","","","",""
"FR-406","406","Các cung đường dễ cho người mới quanh Hà Nội","easy motorbike routes hanoi beginner","easy motorbike routes hanoi beginner","hanoi","/hanoi/","Hanoi à moto","CLUSTER","Thông tin du lịch","P0","Nội dung du lịch; kiểm tra giờ mở cửa/đường cấm/điểm gửi xe nếu nêu cụ thể.","https://vietnam.travel/site-map","https://fr.rentbikehanoi.com/hanoi/easy-motorbike-routes-hanoi-beginner/","hanoi/easy-motorbike-routes-hanoi-beginner/index.html","","Rédiger en français natif à partir de l'intention du plan vietnamien « Các cung đường dễ cho người mới quanh Hà Nội ». Utiliser les mots-clés de recherche comme signaux, sans traduction littérale ni bourrage. Répondre à une intention distincte du hub parent, garder les affirmations prudentes et suivre la politique de source.","/hanoi/;/location-moto-hanoi/;/types-motos/","CAUTIOUS_LOCAL_TRAVEL_GUIDANCE","false","1700","2800","PLANNED","PLANNED","0","","","",""
"FR-407","407","Các cung đường đẹp cho xe ga quanh Hà Nội","scooter day trips hanoi","scooter day trips hanoi; automatic scooter routes hanoi","hanoi","/hanoi/","Hanoi à moto","CLUSTER","Thông tin du lịch","P1","Nội dung du lịch; kiểm tra giờ mở cửa/đường cấm/điểm gửi xe nếu nêu cụ thể.","https://vietnam.travel/site-map","https://fr.rentbikehanoi.com/hanoi/scooter-day-trips-hanoi/","hanoi/scooter-day-trips-hanoi/index.html","","Rédiger en français natif à partir de l'intention du plan vietnamien « Các cung đường đẹp cho xe ga quanh Hà Nội ». Utiliser les mots-clés de recherche comme signaux, sans traduction littérale ni bourrage. Répondre à une intention distincte du hub parent, garder les affirmations prudentes et suivre la politique de source.","/hanoi/;/location-moto-hanoi/;/types-motos/","CAUTIOUS_LOCAL_TRAVEL_GUIDANCE","false","1500","2600","PLANNED","PLANNED","0","","","",""
"FR-408","408","Các cung đường đẹp cho xe số quanh Hà Nội","semi automatic motorbike routes hanoi","semi automatic motorbike routes hanoi","hanoi","/hanoi/","Hanoi à moto","CLUSTER","Thông tin du lịch","P1","Nội dung du lịch; kiểm tra giờ mở cửa/đường cấm/điểm gửi xe nếu nêu cụ thể.","https://vietnam.travel/site-map","https://fr.rentbikehanoi.com/hanoi/semi-automatic-motorbike-routes-hanoi/","hanoi/semi-automatic-motorbike-routes-hanoi/index.html","","Rédiger en français natif à partir de l'intention du plan vietnamien « Các cung đường đẹp cho xe số quanh Hà Nội ». Utiliser les mots-clés de recherche comme signaux, sans traduction littérale ni bourrage. Répondre à une intention distincte du hub parent, garder les affirmations prudentes et suivre la politique de source.","/hanoi/;/location-moto-hanoi/;/types-motos/","CAUTIOUS_LOCAL_TRAVEL_GUIDANCE","false","1500","2600","PLANNED","PLANNED","0","","","",""
"FR-409","409","Các cung đường phù hợp xe cào cào xuất phát từ Hà Nội","trail bike routes from hanoi","trail bike routes from hanoi; adventure motorbike hanoi","hanoi","/hanoi/","Hanoi à moto","CLUSTER","Thông tin du lịch","P0","Nội dung du lịch; kiểm tra giờ mở cửa/đường cấm/điểm gửi xe nếu nêu cụ thể.","https://vietnam.travel/site-map","https://fr.rentbikehanoi.com/hanoi/trail-bike-routes-from-hanoi/","hanoi/trail-bike-routes-from-hanoi/index.html","","Rédiger en français natif à partir de l'intention du plan vietnamien « Các cung đường phù hợp xe cào cào xuất phát từ Hà Nội ». Utiliser les mots-clés de recherche comme signaux, sans traduction littérale ni bourrage. Répondre à une intention distincte du hub parent, garder les affirmations prudentes et suivre la politique de source.","/hanoi/;/location-moto-hanoi/;/types-motos/","CAUTIOUS_LOCAL_TRAVEL_GUIDANCE","false","1700","2800","PLANNED","PLANNED","0","","","",""
"FR-410","410","Phượt miền Bắc Việt Nam bằng xe máy: hub các cung đường từ Hà Nội","north vietnam motorbike trip","north vietnam motorbike trip; motorbike routes northern vietnam; location scooter nord vietnam","nord","/nord-vietnam/","Nord du Vietnam","CLUSTER","Thông tin du lịch","P0","Không cam kết điều kiện đường; cần cập nhật thời tiết, sạt lở, phà và hạn chế giao thông trước khi xuất bản.","https://vietnam.travel/places-to-go/northern-vietnam","","","","Rédiger en français natif à partir de l'intention du plan vietnamien « Phượt miền Bắc Việt Nam bằng xe máy: hub các cung đường từ Hà Nội ». Utiliser les mots-clés de recherche comme signaux, sans traduction littérale ni bourrage. Répondre à une intention distincte du hub parent, garder les affirmations prudentes et suivre la politique de source.","/nord-vietnam/;/types-motos/trail/;/permis-securite/securite/","FRESH_ROUTE_WEATHER_RECHECK","false","1700","2800","FOUNDATION_MERGE","MERGED_FOUNDATION","0","","","","/nord-vietnam/"
"FR-411","411","Hà Giang Loop bằng xe máy: tổng quan cho người lần đầu","ha giang loop motorbike trip","ha giang loop motorbike trip; motorbike ha giang loop; boucle ha giang moto","nord","/nord-vietnam/","Nord du Vietnam","CLUSTER","Thông tin du lịch","P0","Không cam kết điều kiện đường; cần cập nhật thời tiết, sạt lở, phà và hạn chế giao thông trước khi xuất bản.","https://vietnam.travel/places-to-go/northern-vietnam","https://fr.rentbikehanoi.com/nord-vietnam/ha-giang-loop-motorbike-trip/","nord-vietnam/ha-giang-loop-motorbike-trip/index.html","","Rédiger en français natif à partir de l'intention du plan vietnamien « Hà Giang Loop bằng xe máy: tổng quan cho người lần đầu ». Utiliser les mots-clés de recherche comme signaux, sans traduction littérale ni bourrage. Répondre à une intention distincte du hub parent, garder les affirmations prudentes et suivre la politique de source.","/nord-vietnam/;/types-motos/trail/;/permis-securite/securite/","FRESH_ROUTE_WEATHER_RECHECK","false","1700","2800","PLANNED","PLANNED","0","","","",""
"FR-412","412","Hà Nội đi Hà Giang bằng xe máy: tuyến đường và số ngày hợp lý","hanoi to ha giang motorbike","hanoi to ha giang motorbike; motorbike from hanoi to ha giang","nord","/nord-vietnam/","Nord du Vietnam","CLUSTER","Lịch trình","P0","Không cam kết điều kiện đường; cần cập nhật thời tiết, sạt lở, phà và hạn chế giao thông trước khi xuất bản.","https://vietnam.travel/places-to-go/northern-vietnam","https://fr.rentbikehanoi.com/nord-vietnam/hanoi-to-ha-giang-motorbike/","nord-vietnam/hanoi-to-ha-giang-motorbike/index.html","","Rédiger en français natif à partir de l'intention du plan vietnamien « Hà Nội đi Hà Giang bằng xe máy: tuyến đường và số ngày hợp lý ». Utiliser les mots-clés de recherche comme signaux, sans traduction littérale ni bourrage. Répondre à une intention distincte du hub parent, garder les affirmations prudentes et suivre la politique de source.","/nord-vietnam/;/types-motos/trail/;/permis-securite/securite/","FRESH_ROUTE_WEATHER_RECHECK","false","1700","2800","PLANNED","PLANNED","0","","","",""
"FR-413","413","Hà Giang Loop 3 ngày bằng xe máy","ha giang loop 3 days motorbike","ha giang loop 3 days motorbike; ha giang road trip","nord","/nord-vietnam/","Nord du Vietnam","CLUSTER","Lịch trình","P0","Không cam kết điều kiện đường; cần cập nhật thời tiết, sạt lở, phà và hạn chế giao thông trước khi xuất bản.","https://vietnam.travel/places-to-go/northern-vietnam","https://fr.rentbikehanoi.com/nord-vietnam/ha-giang-loop-3-days-motorbike/","nord-vietnam/ha-giang-loop-3-days-motorbike/index.html","","Rédiger en français natif à partir de l'intention du plan vietnamien « Hà Giang Loop 3 ngày bằng xe máy ». Utiliser les mots-clés de recherche comme signaux, sans traduction littérale ni bourrage. Répondre à une intention distincte du hub parent, garder les affirmations prudentes et suivre la politique de source.","/nord-vietnam/;/types-motos/trail/;/permis-securite/securite/","FRESH_ROUTE_WEATHER_RECHECK","false","1700","2800","PLANNED","PLANNED","0","","","",""
"FR-414","414","Hà Giang Loop 4 ngày bằng xe máy","ha giang loop 4 days motorbike","ha giang loop 4 days motorbike","nord","/nord-vietnam/","Nord du Vietnam","CLUSTER","Lịch trình","P0","Không cam kết điều kiện đường; cần cập nhật thời tiết, sạt lở, phà và hạn chế giao thông trước khi xuất bản.","https://vietnam.travel/places-to-go/northern-vietnam","https://fr.rentbikehanoi.com/nord-vietnam/ha-giang-loop-4-days-motorbike/","nord-vietnam/ha-giang-loop-4-days-motorbike/index.html","","Rédiger en français natif à partir de l'intention du plan vietnamien « Hà Giang Loop 4 ngày bằng xe máy ». Utiliser les mots-clés de recherche comme signaux, sans traduction littérale ni bourrage. Répondre à une intention distincte du hub parent, garder les affirmations prudentes et suivre la politique de source.","/nord-vietnam/;/types-motos/trail/;/permis-securite/securite/","FRESH_ROUTE_WEATHER_RECHECK","false","1700","2800","PLANNED","PLANNED","0","","","",""
"FR-415","415","Chọn xe cho Hà Giang Loop: scooter, xe số hay trail","best motorbike for ha giang loop","best motorbike for ha giang loop; scooter vs trail ha giang","nord","/nord-vietnam/","Nord du Vietnam","CLUSTER","Điều tra thương mại","P0","Không cam kết điều kiện đường; cần cập nhật thời tiết, sạt lở, phà và hạn chế giao thông trước khi xuất bản.","https://vietnam.travel/places-to-go/northern-vietnam","https://fr.rentbikehanoi.com/nord-vietnam/best-motorbike-for-ha-giang-loop/","nord-vietnam/best-motorbike-for-ha-giang-loop/index.html","","Rédiger en français natif à partir de l'intention du plan vietnamien « Chọn xe cho Hà Giang Loop: scooter, xe số hay trail ». Utiliser les mots-clés de recherche comme signaux, sans traduction littérale ni bourrage. Répondre à une intention distincte du hub parent, garder les affirmations prudentes et suivre la politique de source.","/nord-vietnam/;/types-motos/trail/;/permis-securite/securite/","FRESH_ROUTE_WEATHER_RECHECK","false","1700","2800","PLANNED","PLANNED","0","","","",""
"FR-416","416","Chi phí Hà Giang Loop tự lái","ha giang motorbike tour price","ha giang motorbike tour price; ha giang loop budget","nord","/nord-vietnam/","Nord du Vietnam","CLUSTER","Điều tra thương mại","P0","Không cam kết điều kiện đường; cần cập nhật thời tiết, sạt lở, phà và hạn chế giao thông trước khi xuất bản.","https://vietnam.travel/places-to-go/northern-vietnam","https://fr.rentbikehanoi.com/nord-vietnam/ha-giang-motorbike-tour-price/","nord-vietnam/ha-giang-motorbike-tour-price/index.html","","Rédiger en français natif à partir de l'intention du plan vietnamien « Chi phí Hà Giang Loop tự lái ». Utiliser les mots-clés de recherche comme signaux, sans traduction littérale ni bourrage. Répondre à une intention distincte du hub parent, garder les affirmations prudentes et suivre la politique de source.","/nord-vietnam/;/types-motos/trail/;/permis-securite/securite/","FRESH_ROUTE_WEATHER_RECHECK","false","1700","2800","PLANNED","PLANNED","0","","","",""
"FR-417","417","Sapa bằng xe máy: tổng quan cung đường và thời tiết","sapa motorbike trip","sapa motorbike trip; motorbike sapa; sapa motorbike route","nord","/nord-vietnam/","Nord du Vietnam","CLUSTER","Thông tin du lịch","P0","Không cam kết điều kiện đường; cần cập nhật thời tiết, sạt lở, phà và hạn chế giao thông trước khi xuất bản.","https://vietnam.travel/places-to-go/northern-vietnam","https://fr.rentbikehanoi.com/nord-vietnam/sapa-motorbike-trip/","nord-vietnam/sapa-motorbike-trip/index.html","","Rédiger en français natif à partir de l'intention du plan vietnamien « Sapa bằng xe máy: tổng quan cung đường và thời tiết ». Utiliser les mots-clés de recherche comme signaux, sans traduction littérale ni bourrage. Répondre à une intention distincte du hub parent, garder les affirmations prudentes et suivre la politique de source.","/nord-vietnam/;/types-motos/trail/;/permis-securite/securite/","FRESH_ROUTE_WEATHER_RECHECK","false","1700","2800","PLANNED","PLANNED","0","","","",""
"FR-418","418","Hà Nội đi Sapa bằng xe máy: tuyến đường và điểm nghỉ","hanoi to sapa motorbike","hanoi to sapa motorbike; motorbike from hanoi to sapa","nord","/nord-vietnam/","Nord du Vietnam","CLUSTER","Lịch trình","P0","Không cam kết điều kiện đường; cần cập nhật thời tiết, sạt lở, phà và hạn chế giao thông trước khi xuất bản.","https://vietnam.travel/places-to-go/northern-vietnam","https://fr.rentbikehanoi.com/nord-vietnam/hanoi-to-sapa-motorbike/","nord-vietnam/hanoi-to-sapa-motorbike/index.html","","Rédiger en français natif à partir de l'intention du plan vietnamien « Hà Nội đi Sapa bằng xe máy: tuyến đường và điểm nghỉ ». Utiliser les mots-clés de recherche comme signaux, sans traduction littérale ni bourrage. Répondre à une intention distincte du hub parent, garder les affirmations prudentes et suivre la politique de source.","/nord-vietnam/;/types-motos/trail/;/permis-securite/securite/","FRESH_ROUTE_WEATHER_RECHECK","false","1700","2800","PLANNED","PLANNED","0","","","",""
"FR-419","419","Sapa 1 ngày bằng xe máy: tuyến ngắn quanh thung lũng","sapa motorbike route 1 day","sapa motorbike route 1 day; sapa motorbike tour","nord","/nord-vietnam/","Nord du Vietnam","CLUSTER","Lịch trình","P1","Không cam kết điều kiện đường; cần cập nhật thời tiết, sạt lở, phà và hạn chế giao thông trước khi xuất bản.","https://vietnam.travel/places-to-go/northern-vietnam","https://fr.rentbikehanoi.com/nord-vietnam/sapa-motorbike-route-1-day/","nord-vietnam/sapa-motorbike-route-1-day/index.html","","Rédiger en français natif à partir de l'intention du plan vietnamien « Sapa 1 ngày bằng xe máy: tuyến ngắn quanh thung lũng ». Utiliser les mots-clés de recherche comme signaux, sans traduction littérale ni bourrage. Répondre à une intention distincte du hub parent, garder les affirmations prudentes et suivre la politique de source.","/nord-vietnam/;/types-motos/trail/;/permis-securite/securite/","FRESH_ROUTE_WEATHER_RECHECK","false","1500","2600","PLANNED","PLANNED","0","","","",""
"FR-420","420","Sapa 2 ngày bằng xe máy: bản làng và đèo","sapa motorbike 2 days","sapa motorbike 2 days; sapa motorbike route","nord","/nord-vietnam/","Nord du Vietnam","CLUSTER","Lịch trình","P1","Không cam kết điều kiện đường; cần cập nhật thời tiết, sạt lở, phà và hạn chế giao thông trước khi xuất bản.","https://vietnam.travel/places-to-go/northern-vietnam","https://fr.rentbikehanoi.com/nord-vietnam/sapa-motorbike-2-days/","nord-vietnam/sapa-motorbike-2-days/index.html","","Rédiger en français natif à partir de l'intention du plan vietnamien « Sapa 2 ngày bằng xe máy: bản làng và đèo ». Utiliser les mots-clés de recherche comme signaux, sans traduction littérale ni bourrage. Répondre à une intention distincte du hub parent, garder les affirmations prudentes et suivre la politique de source.","/nord-vietnam/;/types-motos/trail/;/permis-securite/securite/","FRESH_ROUTE_WEATHER_RECHECK","false","1500","2600","PLANNED","PLANNED","0","","","",""
"FR-421","421","Chọn xe đi Sapa: xe ga, xe số hay cào cào","best motorbike for sapa","best motorbike for sapa; scooter vs trail sapa","nord","/nord-vietnam/","Nord du Vietnam","CLUSTER","Điều tra thương mại","P0","Không cam kết điều kiện đường; cần cập nhật thời tiết, sạt lở, phà và hạn chế giao thông trước khi xuất bản.","https://vietnam.travel/places-to-go/northern-vietnam","https://fr.rentbikehanoi.com/nord-vietnam/best-motorbike-for-sapa/","nord-vietnam/best-motorbike-for-sapa/index.html","","Rédiger en français natif à partir de l'intention du plan vietnamien « Chọn xe đi Sapa: xe ga, xe số hay cào cào ». Utiliser les mots-clés de recherche comme signaux, sans traduction littérale ni bourrage. Répondre à une intention distincte du hub parent, garder les affirmations prudentes et suivre la politique de source.","/nord-vietnam/;/types-motos/trail/;/permis-securite/securite/","FRESH_ROUTE_WEATHER_RECHECK","false","1700","2800","PLANNED","PLANNED","0","","","",""
"FR-422","422","Ninh Bình bằng xe máy: tổng quan tuyến và điểm dừng","ninh binh motorbike trip","ninh binh motorbike trip; ninh binh motorbike route","nord","/nord-vietnam/","Nord du Vietnam","CLUSTER","Thông tin du lịch","P0","Không cam kết điều kiện đường; cần cập nhật thời tiết, sạt lở, phà và hạn chế giao thông trước khi xuất bản.","https://vietnam.travel/places-to-go/northern-vietnam","https://fr.rentbikehanoi.com/nord-vietnam/ninh-binh-motorbike-trip/","nord-vietnam/ninh-binh-motorbike-trip/index.html","","Rédiger en français natif à partir de l'intention du plan vietnamien « Ninh Bình bằng xe máy: tổng quan tuyến và điểm dừng ». Utiliser les mots-clés de recherche comme signaux, sans traduction littérale ni bourrage. Répondre à une intention distincte du hub parent, garder les affirmations prudentes et suivre la politique de source.","/nord-vietnam/;/types-motos/trail/;/permis-securite/securite/","FRESH_ROUTE_WEATHER_RECHECK","false","1700","2800","PLANNED","PLANNED","0","","","",""
"FR-423","423","Hà Nội đi Ninh Bình bằng xe máy: tuyến dễ cho người mới","hanoi to ninh binh motorbike route","hanoi to ninh binh motorbike route; motorbike hanoi to ninh binh","nord","/nord-vietnam/","Nord du Vietnam","CLUSTER","Lịch trình","P0","Không cam kết điều kiện đường; cần cập nhật thời tiết, sạt lở, phà và hạn chế giao thông trước khi xuất bản.","https://vietnam.travel/places-to-go/northern-vietnam","https://fr.rentbikehanoi.com/nord-vietnam/hanoi-to-ninh-binh-motorbike-route/","nord-vietnam/hanoi-to-ninh-binh-motorbike-route/index.html","","Rédiger en français natif à partir de l'intention du plan vietnamien « Hà Nội đi Ninh Bình bằng xe máy: tuyến dễ cho người mới ». Utiliser les mots-clés de recherche comme signaux, sans traduction littérale ni bourrage. Répondre à une intention distincte du hub parent, garder les affirmations prudentes et suivre la politique de source.","/nord-vietnam/;/types-motos/trail/;/permis-securite/securite/","FRESH_ROUTE_WEATHER_RECHECK","false","1700","2800","PLANNED","PLANNED","0","","","",""
"FR-424","424","Ninh Bình 1 ngày bằng xe máy: Tràng An, Tam Cốc và Hang Múa","ninh binh motorbike itinerary","ninh binh motorbike itinerary; ninh binh motorbike loop","nord","/nord-vietnam/","Nord du Vietnam","CLUSTER","Lịch trình","P0","Không cam kết điều kiện đường; cần cập nhật thời tiết, sạt lở, phà và hạn chế giao thông trước khi xuất bản.","https://vietnam.travel/places-to-go/northern-vietnam","https://fr.rentbikehanoi.com/nord-vietnam/ninh-binh-motorbike-itinerary/","nord-vietnam/ninh-binh-motorbike-itinerary/index.html","","Rédiger en français natif à partir de l'intention du plan vietnamien « Ninh Bình 1 ngày bằng xe máy: Tràng An, Tam Cốc và Hang Múa ». Utiliser les mots-clés de recherche comme signaux, sans traduction littérale ni bourrage. Répondre à une intention distincte du hub parent, garder les affirmations prudentes et suivre la politique de source.","/nord-vietnam/;/types-motos/trail/;/permis-securite/securite/","FRESH_ROUTE_WEATHER_RECHECK","false","1700","2800","PLANNED","PLANNED","0","","","",""
"FR-425","425","Ninh Bình 2 ngày bằng xe máy: thêm Cúc Phương và vùng quê","ninh binh motorbike 2 days","ninh binh motorbike 2 days; motorbike route ninh binh","nord","/nord-vietnam/","Nord du Vietnam","CLUSTER","Lịch trình","P1","Không cam kết điều kiện đường; cần cập nhật thời tiết, sạt lở, phà và hạn chế giao thông trước khi xuất bản.","https://vietnam.travel/places-to-go/northern-vietnam","https://fr.rentbikehanoi.com/nord-vietnam/ninh-binh-motorbike-2-days/","nord-vietnam/ninh-binh-motorbike-2-days/index.html","","Rédiger en français natif à partir de l'intention du plan vietnamien « Ninh Bình 2 ngày bằng xe máy: thêm Cúc Phương và vùng quê ». Utiliser les mots-clés de recherche comme signaux, sans traduction littérale ni bourrage. Répondre à une intention distincte du hub parent, garder les affirmations prudentes et suivre la politique de source.","/nord-vietnam/;/types-motos/trail/;/permis-securite/securite/","FRESH_ROUTE_WEATHER_RECHECK","false","1500","2600","PLANNED","PLANNED","0","","","",""
"FR-426","426","Chọn xe đi Ninh Bình: 50cc, scooter hay xe số","best motorbike ninh binh","best motorbike ninh binh; 50cc ninh binh scooter","nord","/nord-vietnam/","Nord du Vietnam","CLUSTER","Điều tra thương mại","P1","Không cam kết điều kiện đường; cần cập nhật thời tiết, sạt lở, phà và hạn chế giao thông trước khi xuất bản.","https://vietnam.travel/places-to-go/northern-vietnam","https://fr.rentbikehanoi.com/nord-vietnam/best-motorbike-ninh-binh/","nord-vietnam/best-motorbike-ninh-binh/index.html","","Rédiger en français natif à partir de l'intention du plan vietnamien « Chọn xe đi Ninh Bình: 50cc, scooter hay xe số ». Utiliser les mots-clés de recherche comme signaux, sans traduction littérale ni bourrage. Répondre à une intention distincte du hub parent, garder les affirmations prudentes et suivre la politique de source.","/nord-vietnam/;/types-motos/trail/;/permis-securite/securite/","FRESH_ROUTE_WEATHER_RECHECK","false","1500","2600","PLANNED","PLANNED","0","","","",""
"FR-427","427","Hạ Long bằng xe máy: có nên tự chạy từ Hà Nội","halong motorbike trip","halong motorbike trip; motorbike hanoi to halong bay","nord","/nord-vietnam/","Nord du Vietnam","CLUSTER","Thông tin du lịch","P0","Không cam kết điều kiện đường; cần cập nhật thời tiết, sạt lở, phà và hạn chế giao thông trước khi xuất bản.","https://vietnam.travel/places-to-go/northern-vietnam","https://fr.rentbikehanoi.com/nord-vietnam/halong-motorbike-trip/","nord-vietnam/halong-motorbike-trip/index.html","","Rédiger en français natif à partir de l'intention du plan vietnamien « Hạ Long bằng xe máy: có nên tự chạy từ Hà Nội ». Utiliser les mots-clés de recherche comme signaux, sans traduction littérale ni bourrage. Répondre à une intention distincte du hub parent, garder les affirmations prudentes et suivre la politique de source.","/nord-vietnam/;/types-motos/trail/;/permis-securite/securite/","FRESH_ROUTE_WEATHER_RECHECK","false","1700","2800","PLANNED","PLANNED","0","","","",""
"FR-428","428","Hà Nội đi Hạ Long bằng xe máy: tuyến và thời gian","motorbike from hanoi to halong bay","motorbike from hanoi to halong bay; hanoi halong motorbike","nord","/nord-vietnam/","Nord du Vietnam","CLUSTER","Lịch trình","P0","Không cam kết điều kiện đường; cần cập nhật thời tiết, sạt lở, phà và hạn chế giao thông trước khi xuất bản.","https://vietnam.travel/places-to-go/northern-vietnam","https://fr.rentbikehanoi.com/nord-vietnam/motorbike-from-hanoi-to-halong-bay/","nord-vietnam/motorbike-from-hanoi-to-halong-bay/index.html","","Rédiger en français natif à partir de l'intention du plan vietnamien « Hà Nội đi Hạ Long bằng xe máy: tuyến và thời gian ». Utiliser les mots-clés de recherche comme signaux, sans traduction littérale ni bourrage. Répondre à une intention distincte du hub parent, garder les affirmations prudentes et suivre la politique de source.","/nord-vietnam/;/types-motos/trail/;/permis-securite/securite/","FRESH_ROUTE_WEATHER_RECHECK","false","1700","2800","PLANNED","PLANNED","0","","","",""
"FR-429","429","Hạ Long 2 ngày: kết hợp xe máy và du thuyền","halong motorbike trip 2 days","halong motorbike trip 2 days; halong bay route","nord","/nord-vietnam/","Nord du Vietnam","CLUSTER","Lịch trình","P1","Không cam kết điều kiện đường; cần cập nhật thời tiết, sạt lở, phà và hạn chế giao thông trước khi xuất bản.","https://vietnam.travel/places-to-go/northern-vietnam","https://fr.rentbikehanoi.com/nord-vietnam/halong-motorbike-trip-2-days/","nord-vietnam/halong-motorbike-trip-2-days/index.html","","Rédiger en français natif à partir de l'intention du plan vietnamien « Hạ Long 2 ngày: kết hợp xe máy và du thuyền ». Utiliser les mots-clés de recherche comme signaux, sans traduction littérale ni bourrage. Répondre à une intention distincte du hub parent, garder les affirmations prudentes et suivre la politique de source.","/nord-vietnam/;/types-motos/trail/;/permis-securite/securite/","FRESH_ROUTE_WEATHER_RECHECK","false","1500","2600","PLANNED","PLANNED","0","","","",""
"FR-430","430","Cao Bằng bằng xe máy: tổng quan cung đường","cao bang motorbike trip","cao bang motorbike trip; cao bang motorbike route","nord","/nord-vietnam/","Nord du Vietnam","CLUSTER","Thông tin du lịch","P0","Không cam kết điều kiện đường; cần cập nhật thời tiết, sạt lở, phà và hạn chế giao thông trước khi xuất bản.","https://vietnam.travel/places-to-go/northern-vietnam","https://fr.rentbikehanoi.com/nord-vietnam/cao-bang-motorbike-trip/","nord-vietnam/cao-bang-motorbike-trip/index.html","","Rédiger en français natif à partir de l'intention du plan vietnamien « Cao Bằng bằng xe máy: tổng quan cung đường ». Utiliser les mots-clés de recherche comme signaux, sans traduction littérale ni bourrage. Répondre à une intention distincte du hub parent, garder les affirmations prudentes et suivre la politique de source.","/nord-vietnam/;/types-motos/trail/;/permis-securite/securite/","FRESH_ROUTE_WEATHER_RECHECK","false","1700","2800","PLANNED","PLANNED","0","","","",""
"FR-431","431","Hà Nội đi Cao Bằng bằng xe máy: số ngày và điểm nghỉ","hanoi to cao bang motorbike","hanoi to cao bang motorbike; cao bang motorbike route","nord","/nord-vietnam/","Nord du Vietnam","CLUSTER","Lịch trình","P0","Không cam kết điều kiện đường; cần cập nhật thời tiết, sạt lở, phà và hạn chế giao thông trước khi xuất bản.","https://vietnam.travel/places-to-go/northern-vietnam","https://fr.rentbikehanoi.com/nord-vietnam/hanoi-to-cao-bang-motorbike/","nord-vietnam/hanoi-to-cao-bang-motorbike/index.html","","Rédiger en français natif à partir de l'intention du plan vietnamien « Hà Nội đi Cao Bằng bằng xe máy: số ngày và điểm nghỉ ». Utiliser les mots-clés de recherche comme signaux, sans traduction littérale ni bourrage. Répondre à une intention distincte du hub parent, garder les affirmations prudentes et suivre la politique de source.","/nord-vietnam/;/types-motos/trail/;/permis-securite/securite/","FRESH_ROUTE_WEATHER_RECHECK","false","1700","2800","PLANNED","PLANNED","0","","","",""
"FR-432","432","Cao Bằng Loop: Bản Giốc, Trùng Khánh và các điểm đẹp","cao bang motorbike loop","cao bang motorbike loop; ban gioc motorbike route","nord","/nord-vietnam/","Nord du Vietnam","CLUSTER","Lịch trình","P0","Không cam kết điều kiện đường; cần cập nhật thời tiết, sạt lở, phà và hạn chế giao thông trước khi xuất bản.","https://vietnam.travel/places-to-go/northern-vietnam","https://fr.rentbikehanoi.com/nord-vietnam/cao-bang-motorbike-loop/","nord-vietnam/cao-bang-motorbike-loop/index.html","","Rédiger en français natif à partir de l'intention du plan vietnamien « Cao Bằng Loop: Bản Giốc, Trùng Khánh và các điểm đẹp ». Utiliser les mots-clés de recherche comme signaux, sans traduction littérale ni bourrage. Répondre à une intention distincte du hub parent, garder les affirmations prudentes et suivre la politique de source.","/nord-vietnam/;/types-motos/trail/;/permis-securite/securite/","FRESH_ROUTE_WEATHER_RECHECK","false","1700","2800","PLANNED","PLANNED","0","","","",""
"FR-433","433","Chọn xe đi Cao Bằng: xe số hay trail","best motorbike cao bang","best motorbike cao bang; trail bike cao bang","nord","/nord-vietnam/","Nord du Vietnam","CLUSTER","Điều tra thương mại","P1","Không cam kết điều kiện đường; cần cập nhật thời tiết, sạt lở, phà và hạn chế giao thông trước khi xuất bản.","https://vietnam.travel/places-to-go/northern-vietnam","https://fr.rentbikehanoi.com/nord-vietnam/best-motorbike-cao-bang/","nord-vietnam/best-motorbike-cao-bang/index.html","","Rédiger en français natif à partir de l'intention du plan vietnamien « Chọn xe đi Cao Bằng: xe số hay trail ». Utiliser les mots-clés de recherche comme signaux, sans traduction littérale ni bourrage. Répondre à une intention distincte du hub parent, garder les affirmations prudentes et suivre la politique de source.","/nord-vietnam/;/types-motos/trail/;/permis-securite/securite/","FRESH_ROUTE_WEATHER_RECHECK","false","1500","2600","PLANNED","PLANNED","0","","","",""
"FR-434","434","Mai Châu bằng xe máy: chuyến đi ngắn từ Hà Nội","mai chau motorbike trip","mai chau motorbike trip; mai chau motorbike route","nord","/nord-vietnam/","Nord du Vietnam","CLUSTER","Thông tin du lịch","P0","Không cam kết điều kiện đường; cần cập nhật thời tiết, sạt lở, phà và hạn chế giao thông trước khi xuất bản.","https://vietnam.travel/places-to-go/northern-vietnam","https://fr.rentbikehanoi.com/nord-vietnam/mai-chau-motorbike-trip/","nord-vietnam/mai-chau-motorbike-trip/index.html","","Rédiger en français natif à partir de l'intention du plan vietnamien « Mai Châu bằng xe máy: chuyến đi ngắn từ Hà Nội ». Utiliser les mots-clés de recherche comme signaux, sans traduction littérale ni bourrage. Répondre à une intention distincte du hub parent, garder les affirmations prudentes et suivre la politique de source.","/nord-vietnam/;/types-motos/trail/;/permis-securite/securite/","FRESH_ROUTE_WEATHER_RECHECK","false","1700","2800","PLANNED","PLANNED","0","","","",""
"FR-435","435","Hà Nội đi Mai Châu bằng xe máy: đường đèo và điểm nghỉ","hanoi to mai chau motorbike","hanoi to mai chau motorbike; mai chau motorbike tour","nord","/nord-vietnam/","Nord du Vietnam","CLUSTER","Lịch trình","P0","Không cam kết điều kiện đường; cần cập nhật thời tiết, sạt lở, phà và hạn chế giao thông trước khi xuất bản.","https://vietnam.travel/places-to-go/northern-vietnam","https://fr.rentbikehanoi.com/nord-vietnam/hanoi-to-mai-chau-motorbike/","nord-vietnam/hanoi-to-mai-chau-motorbike/index.html","","Rédiger en français natif à partir de l'intention du plan vietnamien « Hà Nội đi Mai Châu bằng xe máy: đường đèo và điểm nghỉ ». Utiliser les mots-clés de recherche comme signaux, sans traduction littérale ni bourrage. Répondre à une intention distincte du hub parent, garder les affirmations prudentes et suivre la politique de source.","/nord-vietnam/;/types-motos/trail/;/permis-securite/securite/","FRESH_ROUTE_WEATHER_RECHECK","false","1700","2800","PLANNED","PLANNED","0","","","",""
"FR-436","436","Mai Châu 2 ngày bằng xe máy","mai chau motorbike 2 days","mai chau motorbike 2 days; mai chau motorbike loop","nord","/nord-vietnam/","Nord du Vietnam","CLUSTER","Lịch trình","P1","Không cam kết điều kiện đường; cần cập nhật thời tiết, sạt lở, phà và hạn chế giao thông trước khi xuất bản.","https://vietnam.travel/places-to-go/northern-vietnam","https://fr.rentbikehanoi.com/nord-vietnam/mai-chau-motorbike-2-days/","nord-vietnam/mai-chau-motorbike-2-days/index.html","","Rédiger en français natif à partir de l'intention du plan vietnamien « Mai Châu 2 ngày bằng xe máy ». Utiliser les mots-clés de recherche comme signaux, sans traduction littérale ni bourrage. Répondre à une intention distincte du hub parent, garder les affirmations prudentes et suivre la politique de source.","/nord-vietnam/;/types-motos/trail/;/permis-securite/securite/","FRESH_ROUTE_WEATHER_RECHECK","false","1500","2600","PLANNED","PLANNED","0","","","",""
"FR-437","437","Pù Luông bằng xe máy: tổng quan chuyến đi","pu luong motorbike trip","pu luong motorbike trip; pu luong motorbike tour","nord","/nord-vietnam/","Nord du Vietnam","CLUSTER","Thông tin du lịch","P0","Không cam kết điều kiện đường; cần cập nhật thời tiết, sạt lở, phà và hạn chế giao thông trước khi xuất bản.","https://vietnam.travel/places-to-go/northern-vietnam","https://fr.rentbikehanoi.com/nord-vietnam/pu-luong-motorbike-trip/","nord-vietnam/pu-luong-motorbike-trip/index.html","","Rédiger en français natif à partir de l'intention du plan vietnamien « Pù Luông bằng xe máy: tổng quan chuyến đi ». Utiliser les mots-clés de recherche comme signaux, sans traduction littérale ni bourrage. Répondre à une intention distincte du hub parent, garder les affirmations prudentes et suivre la politique de source.","/nord-vietnam/;/types-motos/trail/;/permis-securite/securite/","FRESH_ROUTE_WEATHER_RECHECK","false","1700","2800","PLANNED","PLANNED","0","","","",""
"FR-438","438","Hà Nội đi Pù Luông bằng xe máy: cung đường gợi ý","hanoi to pu luong motorbike","hanoi to pu luong motorbike; pu luong motorbike route","nord","/nord-vietnam/","Nord du Vietnam","CLUSTER","Lịch trình","P0","Không cam kết điều kiện đường; cần cập nhật thời tiết, sạt lở, phà và hạn chế giao thông trước khi xuất bản.","https://vietnam.travel/places-to-go/northern-vietnam","https://fr.rentbikehanoi.com/nord-vietnam/hanoi-to-pu-luong-motorbike/","nord-vietnam/hanoi-to-pu-luong-motorbike/index.html","","Rédiger en français natif à partir de l'intention du plan vietnamien « Hà Nội đi Pù Luông bằng xe máy: cung đường gợi ý ». Utiliser les mots-clés de recherche comme signaux, sans traduction littérale ni bourrage. Répondre à une intention distincte du hub parent, garder les affirmations prudentes et suivre la politique de source.","/nord-vietnam/;/types-motos/trail/;/permis-securite/securite/","FRESH_ROUTE_WEATHER_RECHECK","false","1700","2800","PLANNED","PLANNED","0","","","",""
"FR-439","439","Pù Luông 2 ngày bằng xe máy: bản làng và ruộng bậc thang","pu luong motorbike 2 days","pu luong motorbike 2 days; pu luong motorbike route","nord","/nord-vietnam/","Nord du Vietnam","CLUSTER","Lịch trình","P1","Không cam kết điều kiện đường; cần cập nhật thời tiết, sạt lở, phà và hạn chế giao thông trước khi xuất bản.","https://vietnam.travel/places-to-go/northern-vietnam","https://fr.rentbikehanoi.com/nord-vietnam/pu-luong-motorbike-2-days/","nord-vietnam/pu-luong-motorbike-2-days/index.html","","Rédiger en français natif à partir de l'intention du plan vietnamien « Pù Luông 2 ngày bằng xe máy: bản làng và ruộng bậc thang ». Utiliser les mots-clés de recherche comme signaux, sans traduction littérale ni bourrage. Répondre à une intention distincte du hub parent, garder les affirmations prudentes et suivre la politique de source.","/nord-vietnam/;/types-motos/trail/;/permis-securite/securite/","FRESH_ROUTE_WEATHER_RECHECK","false","1500","2600","PLANNED","PLANNED","0","","","",""
"FR-440","440","Mộc Châu bằng xe máy: cung đường cao nguyên dễ đi","moc chau motorbike trip","moc chau motorbike trip; hanoi to moc chau motorbike","nord","/nord-vietnam/","Nord du Vietnam","CLUSTER","Thông tin du lịch","P0","Không cam kết điều kiện đường; cần cập nhật thời tiết, sạt lở, phà và hạn chế giao thông trước khi xuất bản.","https://vietnam.travel/places-to-go/northern-vietnam","https://fr.rentbikehanoi.com/nord-vietnam/moc-chau-motorbike-trip/","nord-vietnam/moc-chau-motorbike-trip/index.html","","Rédiger en français natif à partir de l'intention du plan vietnamien « Mộc Châu bằng xe máy: cung đường cao nguyên dễ đi ». Utiliser les mots-clés de recherche comme signaux, sans traduction littérale ni bourrage. Répondre à une intention distincte du hub parent, garder les affirmations prudentes et suivre la politique de source.","/nord-vietnam/;/types-motos/trail/;/permis-securite/securite/","FRESH_ROUTE_WEATHER_RECHECK","false","1700","2800","PLANNED","PLANNED","0","","","",""
"FR-441","441","Hà Nội đi Mộc Châu bằng xe máy: 2 ngày 1 đêm","hanoi moc chau motorbike 2 days","hanoi moc chau motorbike 2 days; moc chau road trip","nord","/nord-vietnam/","Nord du Vietnam","CLUSTER","Lịch trình","P1","Không cam kết điều kiện đường; cần cập nhật thời tiết, sạt lở, phà và hạn chế giao thông trước khi xuất bản.","https://vietnam.travel/places-to-go/northern-vietnam","https://fr.rentbikehanoi.com/nord-vietnam/hanoi-moc-chau-motorbike-2-days/","nord-vietnam/hanoi-moc-chau-motorbike-2-days/index.html","","Rédiger en français natif à partir de l'intention du plan vietnamien « Hà Nội đi Mộc Châu bằng xe máy: 2 ngày 1 đêm ». Utiliser les mots-clés de recherche comme signaux, sans traduction littérale ni bourrage. Répondre à une intention distincte du hub parent, garder les affirmations prudentes et suivre la politique de source.","/nord-vietnam/;/types-motos/trail/;/permis-securite/securite/","FRESH_ROUTE_WEATHER_RECHECK","false","1500","2600","PLANNED","PLANNED","0","","","",""
"FR-442","442","Mù Cang Chải bằng xe máy: mùa lúa và đường đèo","mu cang chai motorbike trip","mu cang chai motorbike trip; motorbike route yen bai","nord","/nord-vietnam/","Nord du Vietnam","CLUSTER","Thông tin du lịch","P0","Không cam kết điều kiện đường; cần cập nhật thời tiết, sạt lở, phà và hạn chế giao thông trước khi xuất bản.","https://vietnam.travel/places-to-go/northern-vietnam","https://fr.rentbikehanoi.com/nord-vietnam/mu-cang-chai-motorbike-trip/","nord-vietnam/mu-cang-chai-motorbike-trip/index.html","","Rédiger en français natif à partir de l'intention du plan vietnamien « Mù Cang Chải bằng xe máy: mùa lúa và đường đèo ». Utiliser les mots-clés de recherche comme signaux, sans traduction littérale ni bourrage. Répondre à une intention distincte du hub parent, garder les affirmations prudentes et suivre la politique de source.","/nord-vietnam/;/types-motos/trail/;/permis-securite/securite/","FRESH_ROUTE_WEATHER_RECHECK","false","1700","2800","PLANNED","PLANNED","0","","","",""
"FR-443","443","Hà Nội đi Mù Cang Chải bằng xe máy: lịch trình 3 ngày","hanoi mu cang chai motorbike 3 days","hanoi mu cang chai motorbike 3 days","nord","/nord-vietnam/","Nord du Vietnam","CLUSTER","Lịch trình","P1","Không cam kết điều kiện đường; cần cập nhật thời tiết, sạt lở, phà và hạn chế giao thông trước khi xuất bản.","https://vietnam.travel/places-to-go/northern-vietnam","https://fr.rentbikehanoi.com/nord-vietnam/hanoi-mu-cang-chai-motorbike-3-days/","nord-vietnam/hanoi-mu-cang-chai-motorbike-3-days/index.html","","Rédiger en français natif à partir de l'intention du plan vietnamien « Hà Nội đi Mù Cang Chải bằng xe máy: lịch trình 3 ngày ». Utiliser les mots-clés de recherche comme signaux, sans traduction littérale ni bourrage. Répondre à une intention distincte du hub parent, garder les affirmations prudentes et suivre la politique de source.","/nord-vietnam/;/types-motos/trail/;/permis-securite/securite/","FRESH_ROUTE_WEATHER_RECHECK","false","1500","2600","PLANNED","PLANNED","0","","","",""
"FR-444","444","Hồ Ba Bể bằng xe máy: tuyến yên tĩnh phía Bắc","ba be lake motorbike trip","ba be lake motorbike trip; hanoi to ba be motorbike","nord","/nord-vietnam/","Nord du Vietnam","CLUSTER","Thông tin du lịch","P1","Không cam kết điều kiện đường; cần cập nhật thời tiết, sạt lở, phà và hạn chế giao thông trước khi xuất bản.","https://vietnam.travel/places-to-go/northern-vietnam","https://fr.rentbikehanoi.com/nord-vietnam/ba-be-lake-motorbike-trip/","nord-vietnam/ba-be-lake-motorbike-trip/index.html","","Rédiger en français natif à partir de l'intention du plan vietnamien « Hồ Ba Bể bằng xe máy: tuyến yên tĩnh phía Bắc ». Utiliser les mots-clés de recherche comme signaux, sans traduction littérale ni bourrage. Répondre à une intention distincte du hub parent, garder les affirmations prudentes et suivre la politique de source.","/nord-vietnam/;/types-motos/trail/;/permis-securite/securite/","FRESH_ROUTE_WEATHER_RECHECK","false","1500","2600","PLANNED","PLANNED","0","","","",""
"FR-445","445","Hà Nội đi Hồ Ba Bể bằng xe máy: lịch trình 2–3 ngày","hanoi ba be motorbike itinerary","hanoi ba be motorbike itinerary","nord","/nord-vietnam/","Nord du Vietnam","CLUSTER","Lịch trình","P1","Không cam kết điều kiện đường; cần cập nhật thời tiết, sạt lở, phà và hạn chế giao thông trước khi xuất bản.","https://vietnam.travel/places-to-go/northern-vietnam","https://fr.rentbikehanoi.com/nord-vietnam/hanoi-ba-be-motorbike-itinerary/","nord-vietnam/hanoi-ba-be-motorbike-itinerary/index.html","","Rédiger en français natif à partir de l'intention du plan vietnamien « Hà Nội đi Hồ Ba Bể bằng xe máy: lịch trình 2–3 ngày ». Utiliser les mots-clés de recherche comme signaux, sans traduction littérale ni bourrage. Répondre à une intention distincte du hub parent, garder les affirmations prudentes et suivre la politique de source.","/nord-vietnam/;/types-motos/trail/;/permis-securite/securite/","FRESH_ROUTE_WEATHER_RECHECK","false","1500","2600","PLANNED","PLANNED","0","","","",""
"FR-446","446","Cát Bà bằng xe máy: phà, đảo và tuyến ven biển","cat ba motorbike trip","cat ba motorbike trip; motorbike tour cat ba","nord","/nord-vietnam/","Nord du Vietnam","CLUSTER","Thông tin du lịch","P0","Không cam kết điều kiện đường; cần cập nhật thời tiết, sạt lở, phà và hạn chế giao thông trước khi xuất bản.","https://vietnam.travel/places-to-go/northern-vietnam","https://fr.rentbikehanoi.com/nord-vietnam/cat-ba-motorbike-trip/","nord-vietnam/cat-ba-motorbike-trip/index.html","","Rédiger en français natif à partir de l'intention du plan vietnamien « Cát Bà bằng xe máy: phà, đảo và tuyến ven biển ». Utiliser les mots-clés de recherche comme signaux, sans traduction littérale ni bourrage. Répondre à une intention distincte du hub parent, garder les affirmations prudentes et suivre la politique de source.","/nord-vietnam/;/types-motos/trail/;/permis-securite/securite/","FRESH_ROUTE_WEATHER_RECHECK","false","1700","2800","PLANNED","PLANNED","0","","","",""
"FR-447","447","Hà Nội đi Cát Bà bằng xe máy: cách qua phà và lên đảo","hanoi to cat ba motorbike","hanoi to cat ba motorbike; motorbike cat ba ferry","nord","/nord-vietnam/","Nord du Vietnam","CLUSTER","Lịch trình","P0","Không cam kết điều kiện đường; cần cập nhật thời tiết, sạt lở, phà và hạn chế giao thông trước khi xuất bản.","https://vietnam.travel/places-to-go/northern-vietnam","https://fr.rentbikehanoi.com/nord-vietnam/hanoi-to-cat-ba-motorbike/","nord-vietnam/hanoi-to-cat-ba-motorbike/index.html","","Rédiger en français natif à partir de l'intention du plan vietnamien « Hà Nội đi Cát Bà bằng xe máy: cách qua phà và lên đảo ». Utiliser les mots-clés de recherche comme signaux, sans traduction littérale ni bourrage. Répondre à une intention distincte du hub parent, garder les affirmations prudentes et suivre la politique de source.","/nord-vietnam/;/types-motos/trail/;/permis-securite/securite/","FRESH_ROUTE_WEATHER_RECHECK","false","1700","2800","PLANNED","PLANNED","0","","","",""
"FR-448","448","Tam Đảo bằng xe máy: chuyến đi trong ngày từ Hà Nội","tam dao motorbike trip hanoi","tam dao motorbike trip hanoi; motorbike day trip tam dao","nord","/nord-vietnam/","Nord du Vietnam","CLUSTER","Thông tin du lịch","P0","Không cam kết điều kiện đường; cần cập nhật thời tiết, sạt lở, phà và hạn chế giao thông trước khi xuất bản.","https://vietnam.travel/places-to-go/northern-vietnam","https://fr.rentbikehanoi.com/nord-vietnam/tam-dao-motorbike-trip-hanoi/","nord-vietnam/tam-dao-motorbike-trip-hanoi/index.html","","Rédiger en français natif à partir de l'intention du plan vietnamien « Tam Đảo bằng xe máy: chuyến đi trong ngày từ Hà Nội ». Utiliser les mots-clés de recherche comme signaux, sans traduction littérale ni bourrage. Répondre à une intention distincte du hub parent, garder les affirmations prudentes et suivre la politique de source.","/nord-vietnam/;/types-motos/trail/;/permis-securite/securite/","FRESH_ROUTE_WEATHER_RECHECK","false","1700","2800","PLANNED","PLANNED","0","","","",""
"FR-449","449","Hà Nội đi Tam Đảo: chọn xe nào cho đoạn dốc","best motorbike tam dao","best motorbike tam dao; hanoi tam dao scooter","nord","/nord-vietnam/","Nord du Vietnam","CLUSTER","Điều tra thương mại","P1","Không cam kết điều kiện đường; cần cập nhật thời tiết, sạt lở, phà và hạn chế giao thông trước khi xuất bản.","https://vietnam.travel/places-to-go/northern-vietnam","https://fr.rentbikehanoi.com/nord-vietnam/best-motorbike-tam-dao/","nord-vietnam/best-motorbike-tam-dao/index.html","","Rédiger en français natif à partir de l'intention du plan vietnamien « Hà Nội đi Tam Đảo: chọn xe nào cho đoạn dốc ». Utiliser les mots-clés de recherche comme signaux, sans traduction littérale ni bourrage. Répondre à une intention distincte du hub parent, garder les affirmations prudentes et suivre la politique de source.","/nord-vietnam/;/types-motos/trail/;/permis-securite/securite/","FRESH_ROUTE_WEATHER_RECHECK","false","1500","2600","PLANNED","PLANNED","0","","","",""
"FR-450","450","Hồ Thác Bà bằng xe máy: cung đường ít khách du lịch","thac ba lake motorbike trip","thac ba lake motorbike trip; yen bai motorbike route","nord","/nord-vietnam/","Nord du Vietnam","CLUSTER","Thông tin du lịch","P2","Không cam kết điều kiện đường; cần cập nhật thời tiết, sạt lở, phà và hạn chế giao thông trước khi xuất bản.","https://vietnam.travel/places-to-go/northern-vietnam","https://fr.rentbikehanoi.com/nord-vietnam/thac-ba-lake-motorbike-trip/","nord-vietnam/thac-ba-lake-motorbike-trip/index.html","","Rédiger en français natif à partir de l'intention du plan vietnamien « Hồ Thác Bà bằng xe máy: cung đường ít khách du lịch ». Utiliser les mots-clés de recherche comme signaux, sans traduction littérale ni bourrage. Répondre à une intention distincte du hub parent, garder les affirmations prudentes et suivre la politique de source.","/nord-vietnam/;/types-motos/trail/;/permis-securite/securite/","FRESH_ROUTE_WEATHER_RECHECK","false","1500","2600","PLANNED","PLANNED","0","","","",""
"FR-451","451","Tuyên Quang bằng xe máy: cung đường cho chuyến 2 ngày","tuyen quang motorbike trip hanoi","tuyen quang motorbike trip hanoi","nord","/nord-vietnam/","Nord du Vietnam","CLUSTER","Thông tin du lịch","P2","Không cam kết điều kiện đường; cần cập nhật thời tiết, sạt lở, phà và hạn chế giao thông trước khi xuất bản.","https://vietnam.travel/places-to-go/northern-vietnam","https://fr.rentbikehanoi.com/nord-vietnam/tuyen-quang-motorbike-trip-hanoi/","nord-vietnam/tuyen-quang-motorbike-trip-hanoi/index.html","","Rédiger en français natif à partir de l'intention du plan vietnamien « Tuyên Quang bằng xe máy: cung đường cho chuyến 2 ngày ». Utiliser les mots-clés de recherche comme signaux, sans traduction littérale ni bourrage. Répondre à une intention distincte du hub parent, garder les affirmations prudentes et suivre la politique de source.","/nord-vietnam/;/types-motos/trail/;/permis-securite/securite/","FRESH_ROUTE_WEATHER_RECHECK","false","1500","2600","PLANNED","PLANNED","0","","","",""
"FR-452","452","Lạng Sơn bằng xe máy từ Hà Nội","hanoi lang son motorbike trip","hanoi lang son motorbike trip","nord","/nord-vietnam/","Nord du Vietnam","CLUSTER","Thông tin du lịch","P1","Không cam kết điều kiện đường; cần cập nhật thời tiết, sạt lở, phà và hạn chế giao thông trước khi xuất bản.","https://vietnam.travel/places-to-go/northern-vietnam","https://fr.rentbikehanoi.com/nord-vietnam/hanoi-lang-son-motorbike-trip/","nord-vietnam/hanoi-lang-son-motorbike-trip/index.html","","Rédiger en français natif à partir de l'intention du plan vietnamien « Lạng Sơn bằng xe máy từ Hà Nội ». Utiliser les mots-clés de recherche comme signaux, sans traduction littérale ni bourrage. Répondre à une intention distincte du hub parent, garder les affirmations prudentes et suivre la politique de source.","/nord-vietnam/;/types-motos/trail/;/permis-securite/securite/","FRESH_ROUTE_WEATHER_RECHECK","false","1500","2600","PLANNED","PLANNED","0","","","",""
"FR-453","453","Bắc Kạn bằng xe máy: đường đi và điểm nghỉ","bac kan motorbike trip","bac kan motorbike trip; hanoi bac kan motorbike","nord","/nord-vietnam/","Nord du Vietnam","CLUSTER","Thông tin du lịch","P2","Không cam kết điều kiện đường; cần cập nhật thời tiết, sạt lở, phà và hạn chế giao thông trước khi xuất bản.","https://vietnam.travel/places-to-go/northern-vietnam","https://fr.rentbikehanoi.com/nord-vietnam/bac-kan-motorbike-trip/","nord-vietnam/bac-kan-motorbike-trip/index.html","","Rédiger en français natif à partir de l'intention du plan vietnamien « Bắc Kạn bằng xe máy: đường đi và điểm nghỉ ». Utiliser les mots-clés de recherche comme signaux, sans traduction littérale ni bourrage. Répondre à une intention distincte du hub parent, garder les affirmations prudentes et suivre la politique de source.","/nord-vietnam/;/types-motos/trail/;/permis-securite/securite/","FRESH_ROUTE_WEATHER_RECHECK","false","1500","2600","PLANNED","PLANNED","0","","","",""
"FR-454","454","Hải Phòng bằng xe máy từ Hà Nội: tuyến ngắn và dễ","hanoi hai phong motorbike","hanoi hai phong motorbike; motorbike day trip hai phong","nord","/nord-vietnam/","Nord du Vietnam","CLUSTER","Thông tin du lịch","P1","Không cam kết điều kiện đường; cần cập nhật thời tiết, sạt lở, phà và hạn chế giao thông trước khi xuất bản.","https://vietnam.travel/places-to-go/northern-vietnam","https://fr.rentbikehanoi.com/nord-vietnam/hanoi-hai-phong-motorbike/","nord-vietnam/hanoi-hai-phong-motorbike/index.html","","Rédiger en français natif à partir de l'intention du plan vietnamien « Hải Phòng bằng xe máy từ Hà Nội: tuyến ngắn và dễ ». Utiliser les mots-clés de recherche comme signaux, sans traduction littérale ni bourrage. Répondre à une intention distincte du hub parent, garder les affirmations prudentes et suivre la politique de source.","/nord-vietnam/;/types-motos/trail/;/permis-securite/securite/","FRESH_ROUTE_WEATHER_RECHECK","false","1500","2600","PLANNED","PLANNED","0","","","",""
"FR-455","455","Quảng Ninh bằng xe máy ngoài Hạ Long: Yên Tử và vùng biển","quang ninh motorbike route","quang ninh motorbike route; yen tu motorbike trip","nord","/nord-vietnam/","Nord du Vietnam","CLUSTER","Thông tin du lịch","P2","Không cam kết điều kiện đường; cần cập nhật thời tiết, sạt lở, phà và hạn chế giao thông trước khi xuất bản.","https://vietnam.travel/places-to-go/northern-vietnam","https://fr.rentbikehanoi.com/nord-vietnam/quang-ninh-motorbike-route/","nord-vietnam/quang-ninh-motorbike-route/index.html","","Rédiger en français natif à partir de l'intention du plan vietnamien « Quảng Ninh bằng xe máy ngoài Hạ Long: Yên Tử và vùng biển ». Utiliser les mots-clés de recherche comme signaux, sans traduction littérale ni bourrage. Répondre à une intention distincte du hub parent, garder les affirmations prudentes et suivre la politique de source.","/nord-vietnam/;/types-motos/trail/;/permis-securite/securite/","FRESH_ROUTE_WEATHER_RECHECK","false","1500","2600","PLANNED","PLANNED","0","","","",""
"FR-456","456","Cung Hà Nội – Mai Châu – Pù Luông bằng xe máy","hanoi mai chau pu luong motorbike loop","hanoi mai chau pu luong motorbike loop","nord","/nord-vietnam/","Nord du Vietnam","CLUSTER","Lịch trình","P0","Không cam kết điều kiện đường; cần cập nhật thời tiết, sạt lở, phà và hạn chế giao thông trước khi xuất bản.","https://vietnam.travel/places-to-go/northern-vietnam","https://fr.rentbikehanoi.com/nord-vietnam/hanoi-mai-chau-pu-luong-motorbike-loop/","nord-vietnam/hanoi-mai-chau-pu-luong-motorbike-loop/index.html","","Rédiger en français natif à partir de l'intention du plan vietnamien « Cung Hà Nội – Mai Châu – Pù Luông bằng xe máy ». Utiliser les mots-clés de recherche comme signaux, sans traduction littérale ni bourrage. Répondre à une intention distincte du hub parent, garder les affirmations prudentes et suivre la politique de source.","/nord-vietnam/;/types-motos/trail/;/permis-securite/securite/","FRESH_ROUTE_WEATHER_RECHECK","false","1700","2800","PLANNED","PLANNED","0","","","",""
"FR-457","457","Cung Hà Nội – Ninh Bình – Pù Luông bằng xe máy","hanoi ninh binh pu luong motorbike route","hanoi ninh binh pu luong motorbike route","nord","/nord-vietnam/","Nord du Vietnam","CLUSTER","Lịch trình","P1","Không cam kết điều kiện đường; cần cập nhật thời tiết, sạt lở, phà và hạn chế giao thông trước khi xuất bản.","https://vietnam.travel/places-to-go/northern-vietnam","https://fr.rentbikehanoi.com/nord-vietnam/hanoi-ninh-binh-pu-luong-motorbike-route/","nord-vietnam/hanoi-ninh-binh-pu-luong-motorbike-route/index.html","","Rédiger en français natif à partir de l'intention du plan vietnamien « Cung Hà Nội – Ninh Bình – Pù Luông bằng xe máy ». Utiliser les mots-clés de recherche comme signaux, sans traduction littérale ni bourrage. Répondre à une intention distincte du hub parent, garder les affirmations prudentes et suivre la politique de source.","/nord-vietnam/;/types-motos/trail/;/permis-securite/securite/","FRESH_ROUTE_WEATHER_RECHECK","false","1500","2600","PLANNED","PLANNED","0","","","",""
"FR-458","458","Cung Hà Nội – Sapa – Hà Giang cho chuyến dài ngày","hanoi sapa ha giang motorbike route","hanoi sapa ha giang motorbike route; north vietnam motorbike loop","nord","/nord-vietnam/","Nord du Vietnam","CLUSTER","Lịch trình","P0","Không cam kết điều kiện đường; cần cập nhật thời tiết, sạt lở, phà và hạn chế giao thông trước khi xuất bản.","https://vietnam.travel/places-to-go/northern-vietnam","https://fr.rentbikehanoi.com/nord-vietnam/hanoi-sapa-ha-giang-motorbike-route/","nord-vietnam/hanoi-sapa-ha-giang-motorbike-route/index.html","","Rédiger en français natif à partir de l'intention du plan vietnamien « Cung Hà Nội – Sapa – Hà Giang cho chuyến dài ngày ». Utiliser les mots-clés de recherche comme signaux, sans traduction littérale ni bourrage. Répondre à une intention distincte du hub parent, garder les affirmations prudentes et suivre la politique de source.","/nord-vietnam/;/types-motos/trail/;/permis-securite/securite/","FRESH_ROUTE_WEATHER_RECHECK","false","1700","2800","PLANNED","PLANNED","0","","","",""
"FR-459","459","Cung Hà Nội – Cao Bằng – Hà Giang cho người có kinh nghiệm","hanoi cao bang ha giang motorbike loop","hanoi cao bang ha giang motorbike loop","nord","/nord-vietnam/","Nord du Vietnam","CLUSTER","Lịch trình","P0","Không cam kết điều kiện đường; cần cập nhật thời tiết, sạt lở, phà và hạn chế giao thông trước khi xuất bản.","https://vietnam.travel/places-to-go/northern-vietnam","https://fr.rentbikehanoi.com/nord-vietnam/hanoi-cao-bang-ha-giang-motorbike-loop/","nord-vietnam/hanoi-cao-bang-ha-giang-motorbike-loop/index.html","","Rédiger en français natif à partir de l'intention du plan vietnamien « Cung Hà Nội – Cao Bằng – Hà Giang cho người có kinh nghiệm ». Utiliser les mots-clés de recherche comme signaux, sans traduction littérale ni bourrage. Répondre à une intention distincte du hub parent, garder les affirmations prudentes et suivre la politique de source.","/nord-vietnam/;/types-motos/trail/;/permis-securite/securite/","FRESH_ROUTE_WEATHER_RECHECK","false","1700","2800","PLANNED","PLANNED","0","","","",""
"FR-460","460","Phượt miền Trung và miền Nam Việt Nam bằng xe máy: hub cung đường","vietnam motorbike routes central south","vietnam motorbike routes central south; motorbike vietnam road trip","centre-sud","/centre-sud-vietnam/","Centre & Sud","CLUSTER","Thông tin du lịch","P1","Không cam kết điều kiện đường; cần cập nhật thời tiết, phà, đường cấm và an toàn trước khi xuất bản.","https://vietnam.travel/places-to-go/central-vietnam","","","","Rédiger en français natif à partir de l'intention du plan vietnamien « Phượt miền Trung và miền Nam Việt Nam bằng xe máy: hub cung đường ». Utiliser les mots-clés de recherche comme signaux, sans traduction littérale ni bourrage. Répondre à une intention distincte du hub parent, garder les affirmations prudentes et suivre la politique de source.","/centre-sud-vietnam/;/types-motos/;/permis-securite/securite/","FRESH_ROUTE_WEATHER_RECHECK","false","1500","2600","FOUNDATION_MERGE","MERGED_FOUNDATION","0","","","","/centre-sud-vietnam/"
"FR-461","461","Huế bằng xe máy: tổng quan thành phố và vùng lân cận","hue motorbike trip","hue motorbike trip; motorbike hue","centre-sud","/centre-sud-vietnam/","Centre & Sud","CLUSTER","Thông tin du lịch","P1","Không cam kết điều kiện đường; cần cập nhật thời tiết, phà, đường cấm và an toàn trước khi xuất bản.","https://vietnam.travel/places-to-go/central-vietnam","https://fr.rentbikehanoi.com/centre-sud-vietnam/hue-motorbike-trip/","centre-sud-vietnam/hue-motorbike-trip/index.html","","Rédiger en français natif à partir de l'intention du plan vietnamien « Huế bằng xe máy: tổng quan thành phố và vùng lân cận ». Utiliser les mots-clés de recherche comme signaux, sans traduction littérale ni bourrage. Répondre à une intention distincte du hub parent, garder les affirmations prudentes et suivre la politique de source.","/centre-sud-vietnam/;/types-motos/;/permis-securite/securite/","FRESH_ROUTE_WEATHER_RECHECK","false","1500","2600","PLANNED","PLANNED","0","","","",""
"FR-462","462","Huế đi Hội An bằng xe máy qua đèo Hải Vân","hue to hoi an motorbike","hue to hoi an motorbike; motorbike hue to hoi an","centre-sud","/centre-sud-vietnam/","Centre & Sud","CLUSTER","Lịch trình","P0","Không cam kết điều kiện đường; cần cập nhật thời tiết, phà, đường cấm và an toàn trước khi xuất bản.","https://vietnam.travel/places-to-go/central-vietnam","https://fr.rentbikehanoi.com/centre-sud-vietnam/hue-to-hoi-an-motorbike/","centre-sud-vietnam/hue-to-hoi-an-motorbike/index.html","","Rédiger en français natif à partir de l'intention du plan vietnamien « Huế đi Hội An bằng xe máy qua đèo Hải Vân ». Utiliser les mots-clés de recherche comme signaux, sans traduction littérale ni bourrage. Répondre à une intention distincte du hub parent, garder les affirmations prudentes et suivre la politique de source.","/centre-sud-vietnam/;/types-motos/;/permis-securite/securite/","FRESH_ROUTE_WEATHER_RECHECK","false","1700","2800","PLANNED","PLANNED","0","","","",""
"FR-463","463","Huế đi Đà Nẵng bằng xe máy: đèo Hải Vân hay hầm","motorbike hue to da nang","motorbike hue to da nang; hai van pass motorbike","centre-sud","/centre-sud-vietnam/","Centre & Sud","CLUSTER","Lịch trình","P0","Không cam kết điều kiện đường; cần cập nhật thời tiết, phà, đường cấm và an toàn trước khi xuất bản.","https://vietnam.travel/places-to-go/central-vietnam","https://fr.rentbikehanoi.com/centre-sud-vietnam/motorbike-hue-to-da-nang/","centre-sud-vietnam/motorbike-hue-to-da-nang/index.html","","Rédiger en français natif à partir de l'intention du plan vietnamien « Huế đi Đà Nẵng bằng xe máy: đèo Hải Vân hay hầm ». Utiliser les mots-clés de recherche comme signaux, sans traduction littérale ni bourrage. Répondre à une intention distincte du hub parent, garder les affirmations prudentes et suivre la politique de source.","/centre-sud-vietnam/;/types-motos/;/permis-securite/securite/","FRESH_ROUTE_WEATHER_RECHECK","false","1700","2800","PLANNED","PLANNED","0","","","",""
"FR-464","464","Hội An bằng xe máy: phố cổ, biển và làng quê","hoi an motorbike trip","hoi an motorbike trip; motorbike hoi an","centre-sud","/centre-sud-vietnam/","Centre & Sud","CLUSTER","Thông tin du lịch","P1","Không cam kết điều kiện đường; cần cập nhật thời tiết, phà, đường cấm và an toàn trước khi xuất bản.","https://vietnam.travel/places-to-go/central-vietnam","https://fr.rentbikehanoi.com/centre-sud-vietnam/hoi-an-motorbike-trip/","centre-sud-vietnam/hoi-an-motorbike-trip/index.html","","Rédiger en français natif à partir de l'intention du plan vietnamien « Hội An bằng xe máy: phố cổ, biển và làng quê ». Utiliser les mots-clés de recherche comme signaux, sans traduction littérale ni bourrage. Répondre à une intention distincte du hub parent, garder les affirmations prudentes et suivre la politique de source.","/centre-sud-vietnam/;/types-motos/;/permis-securite/securite/","FRESH_ROUTE_WEATHER_RECHECK","false","1500","2600","PLANNED","PLANNED","0","","","",""
"FR-465","465","Đà Nẵng bằng xe máy: Sơn Trà, biển và đèo Hải Vân","da nang motorbike trip","da nang motorbike trip; motorbike danang route","centre-sud","/centre-sud-vietnam/","Centre & Sud","CLUSTER","Thông tin du lịch","P1","Không cam kết điều kiện đường; cần cập nhật thời tiết, phà, đường cấm và an toàn trước khi xuất bản.","https://vietnam.travel/places-to-go/central-vietnam","https://fr.rentbikehanoi.com/centre-sud-vietnam/da-nang-motorbike-trip/","centre-sud-vietnam/da-nang-motorbike-trip/index.html","","Rédiger en français natif à partir de l'intention du plan vietnamien « Đà Nẵng bằng xe máy: Sơn Trà, biển và đèo Hải Vân ». Utiliser les mots-clés de recherche comme signaux, sans traduction littérale ni bourrage. Répondre à une intention distincte du hub parent, garder les affirmations prudentes et suivre la politique de source.","/centre-sud-vietnam/;/types-motos/;/permis-securite/securite/","FRESH_ROUTE_WEATHER_RECHECK","false","1500","2600","PLANNED","PLANNED","0","","","",""
"FR-466","466","Đà Nẵng – Hội An bằng xe máy: chuyến đi nửa ngày","da nang to hoi an motorbike","da nang to hoi an motorbike","centre-sud","/centre-sud-vietnam/","Centre & Sud","CLUSTER","Lịch trình","P1","Không cam kết điều kiện đường; cần cập nhật thời tiết, phà, đường cấm và an toàn trước khi xuất bản.","https://vietnam.travel/places-to-go/central-vietnam","https://fr.rentbikehanoi.com/centre-sud-vietnam/da-nang-to-hoi-an-motorbike/","centre-sud-vietnam/da-nang-to-hoi-an-motorbike/index.html","","Rédiger en français natif à partir de l'intention du plan vietnamien « Đà Nẵng – Hội An bằng xe máy: chuyến đi nửa ngày ». Utiliser les mots-clés de recherche comme signaux, sans traduction littérale ni bourrage. Répondre à une intention distincte du hub parent, garder les affirmations prudentes et suivre la politique de source.","/centre-sud-vietnam/;/types-motos/;/permis-securite/securite/","FRESH_ROUTE_WEATHER_RECHECK","false","1500","2600","PLANNED","PLANNED","0","","","",""
"FR-467","467","Phong Nha bằng xe máy: đường đến hang động và vùng núi","phong nha motorbike trip","phong nha motorbike trip; motorbike route phong nha","centre-sud","/centre-sud-vietnam/","Centre & Sud","CLUSTER","Thông tin du lịch","P1","Không cam kết điều kiện đường; cần cập nhật thời tiết, phà, đường cấm và an toàn trước khi xuất bản.","https://vietnam.travel/places-to-go/central-vietnam","https://fr.rentbikehanoi.com/centre-sud-vietnam/phong-nha-motorbike-trip/","centre-sud-vietnam/phong-nha-motorbike-trip/index.html","","Rédiger en français natif à partir de l'intention du plan vietnamien « Phong Nha bằng xe máy: đường đến hang động và vùng núi ». Utiliser les mots-clés de recherche comme signaux, sans traduction littérale ni bourrage. Répondre à une intention distincte du hub parent, garder les affirmations prudentes et suivre la politique de source.","/centre-sud-vietnam/;/types-motos/;/permis-securite/securite/","FRESH_ROUTE_WEATHER_RECHECK","false","1500","2600","PLANNED","PLANNED","0","","","",""
"FR-468","468","Huế – Phong Nha bằng xe máy: lịch trình 2 ngày","hue to phong nha motorbike","hue to phong nha motorbike","centre-sud","/centre-sud-vietnam/","Centre & Sud","CLUSTER","Lịch trình","P2","Không cam kết điều kiện đường; cần cập nhật thời tiết, phà, đường cấm và an toàn trước khi xuất bản.","https://vietnam.travel/places-to-go/central-vietnam","https://fr.rentbikehanoi.com/centre-sud-vietnam/hue-to-phong-nha-motorbike/","centre-sud-vietnam/hue-to-phong-nha-motorbike/index.html","","Rédiger en français natif à partir de l'intention du plan vietnamien « Huế – Phong Nha bằng xe máy: lịch trình 2 ngày ». Utiliser les mots-clés de recherche comme signaux, sans traduction littérale ni bourrage. Répondre à une intention distincte du hub parent, garder les affirmations prudentes et suivre la politique de source.","/centre-sud-vietnam/;/types-motos/;/permis-securite/securite/","FRESH_ROUTE_WEATHER_RECHECK","false","1500","2600","PLANNED","PLANNED","0","","","",""
"FR-469","469","Nha Trang bằng xe máy: tuyến ven biển và ngoại thành","nha trang motorbike route","nha trang motorbike route; motorbike nha trang","centre-sud","/centre-sud-vietnam/","Centre & Sud","CLUSTER","Thông tin du lịch","P1","Không cam kết điều kiện đường; cần cập nhật thời tiết, phà, đường cấm và an toàn trước khi xuất bản.","https://vietnam.travel/places-to-go/central-vietnam","https://fr.rentbikehanoi.com/centre-sud-vietnam/nha-trang-motorbike-route/","centre-sud-vietnam/nha-trang-motorbike-route/index.html","","Rédiger en français natif à partir de l'intention du plan vietnamien « Nha Trang bằng xe máy: tuyến ven biển và ngoại thành ». Utiliser les mots-clés de recherche comme signaux, sans traduction littérale ni bourrage. Répondre à une intention distincte du hub parent, garder les affirmations prudentes et suivre la politique de source.","/centre-sud-vietnam/;/types-motos/;/permis-securite/securite/","FRESH_ROUTE_WEATHER_RECHECK","false","1500","2600","PLANNED","PLANNED","0","","","",""
"FR-470","470","Nha Trang đi Đà Lạt bằng xe máy","motorbike nha trang to dalat","motorbike nha trang to dalat","centre-sud","/centre-sud-vietnam/","Centre & Sud","CLUSTER","Lịch trình","P0","Không cam kết điều kiện đường; cần cập nhật thời tiết, phà, đường cấm và an toàn trước khi xuất bản.","https://vietnam.travel/places-to-go/central-vietnam","https://fr.rentbikehanoi.com/centre-sud-vietnam/motorbike-nha-trang-to-dalat/","centre-sud-vietnam/motorbike-nha-trang-to-dalat/index.html","","Rédiger en français natif à partir de l'intention du plan vietnamien « Nha Trang đi Đà Lạt bằng xe máy ». Utiliser les mots-clés de recherche comme signaux, sans traduction littérale ni bourrage. Répondre à une intention distincte du hub parent, garder les affirmations prudentes et suivre la politique de source.","/centre-sud-vietnam/;/types-motos/;/permis-securite/securite/","FRESH_ROUTE_WEATHER_RECHECK","false","1700","2800","PLANNED","PLANNED","0","","","",""
"FR-471","471","Đà Lạt bằng xe máy: tổng quan cung đường và thời tiết","da lat motorbike trip","da lat motorbike trip; motorbike route da lat","centre-sud","/centre-sud-vietnam/","Centre & Sud","CLUSTER","Thông tin du lịch","P0","Không cam kết điều kiện đường; cần cập nhật thời tiết, phà, đường cấm và an toàn trước khi xuất bản.","https://vietnam.travel/places-to-go/central-vietnam","https://fr.rentbikehanoi.com/centre-sud-vietnam/da-lat-motorbike-trip/","centre-sud-vietnam/da-lat-motorbike-trip/index.html","","Rédiger en français natif à partir de l'intention du plan vietnamien « Đà Lạt bằng xe máy: tổng quan cung đường và thời tiết ». Utiliser les mots-clés de recherche comme signaux, sans traduction littérale ni bourrage. Répondre à une intention distincte du hub parent, garder les affirmations prudentes et suivre la politique de source.","/centre-sud-vietnam/;/types-motos/;/permis-securite/securite/","FRESH_ROUTE_WEATHER_RECHECK","false","1700","2800","PLANNED","PLANNED","0","","","",""
"FR-472","472","Đà Lạt 1 ngày bằng xe máy: hồ, đèo và cà phê","da lat motorbike one day","da lat motorbike one day; dalat motorbike tour","centre-sud","/centre-sud-vietnam/","Centre & Sud","CLUSTER","Lịch trình","P1","Không cam kết điều kiện đường; cần cập nhật thời tiết, phà, đường cấm và an toàn trước khi xuất bản.","https://vietnam.travel/places-to-go/central-vietnam","https://fr.rentbikehanoi.com/centre-sud-vietnam/da-lat-motorbike-one-day/","centre-sud-vietnam/da-lat-motorbike-one-day/index.html","","Rédiger en français natif à partir de l'intention du plan vietnamien « Đà Lạt 1 ngày bằng xe máy: hồ, đèo và cà phê ». Utiliser les mots-clés de recherche comme signaux, sans traduction littérale ni bourrage. Répondre à une intention distincte du hub parent, garder les affirmations prudentes et suivre la politique de source.","/centre-sud-vietnam/;/types-motos/;/permis-securite/securite/","FRESH_ROUTE_WEATHER_RECHECK","false","1500","2600","PLANNED","PLANNED","0","","","",""
"FR-473","473","Đà Lạt 2 ngày bằng xe máy: ngoại ô và thác nước","da lat motorbike 2 days","da lat motorbike 2 days","centre-sud","/centre-sud-vietnam/","Centre & Sud","CLUSTER","Lịch trình","P1","Không cam kết điều kiện đường; cần cập nhật thời tiết, phà, đường cấm và an toàn trước khi xuất bản.","https://vietnam.travel/places-to-go/central-vietnam","https://fr.rentbikehanoi.com/centre-sud-vietnam/da-lat-motorbike-2-days/","centre-sud-vietnam/da-lat-motorbike-2-days/index.html","","Rédiger en français natif à partir de l'intention du plan vietnamien « Đà Lạt 2 ngày bằng xe máy: ngoại ô và thác nước ». Utiliser les mots-clés de recherche comme signaux, sans traduction littérale ni bourrage. Répondre à une intention distincte du hub parent, garder les affirmations prudentes et suivre la politique de source.","/centre-sud-vietnam/;/types-motos/;/permis-securite/securite/","FRESH_ROUTE_WEATHER_RECHECK","false","1500","2600","PLANNED","PLANNED","0","","","",""
"FR-474","474","Chọn xe đi Đà Lạt: scooter hay xe số","best motorbike dalat","best motorbike dalat; scooter vs semi automatic dalat","centre-sud","/centre-sud-vietnam/","Centre & Sud","CLUSTER","Điều tra thương mại","P1","Không cam kết điều kiện đường; cần cập nhật thời tiết, phà, đường cấm và an toàn trước khi xuất bản.","https://vietnam.travel/places-to-go/central-vietnam","https://fr.rentbikehanoi.com/centre-sud-vietnam/best-motorbike-dalat/","centre-sud-vietnam/best-motorbike-dalat/index.html","","Rédiger en français natif à partir de l'intention du plan vietnamien « Chọn xe đi Đà Lạt: scooter hay xe số ». Utiliser les mots-clés de recherche comme signaux, sans traduction littérale ni bourrage. Répondre à une intention distincte du hub parent, garder les affirmations prudentes et suivre la politique de source.","/centre-sud-vietnam/;/types-motos/;/permis-securite/securite/","FRESH_ROUTE_WEATHER_RECHECK","false","1500","2600","PLANNED","PLANNED","0","","","",""
"FR-475","475","Phú Yên bằng xe máy: cung đường ven biển","phu yen motorbike trip","phu yen motorbike trip; vietnam coastal motorbike route","centre-sud","/centre-sud-vietnam/","Centre & Sud","CLUSTER","Thông tin du lịch","P2","Không cam kết điều kiện đường; cần cập nhật thời tiết, phà, đường cấm và an toàn trước khi xuất bản.","https://vietnam.travel/places-to-go/central-vietnam","https://fr.rentbikehanoi.com/centre-sud-vietnam/phu-yen-motorbike-trip/","centre-sud-vietnam/phu-yen-motorbike-trip/index.html","","Rédiger en français natif à partir de l'intention du plan vietnamien « Phú Yên bằng xe máy: cung đường ven biển ». Utiliser les mots-clés de recherche comme signaux, sans traduction littérale ni bourrage. Répondre à une intention distincte du hub parent, garder les affirmations prudentes et suivre la politique de source.","/centre-sud-vietnam/;/types-motos/;/permis-securite/securite/","FRESH_ROUTE_WEATHER_RECHECK","false","1500","2600","PLANNED","PLANNED","0","","","",""
"FR-476","476","Quy Nhơn bằng xe máy: biển và cung đường ít đông","quy nhon motorbike trip","quy nhon motorbike trip; coastal motorbike vietnam","centre-sud","/centre-sud-vietnam/","Centre & Sud","CLUSTER","Thông tin du lịch","P2","Không cam kết điều kiện đường; cần cập nhật thời tiết, phà, đường cấm và an toàn trước khi xuất bản.","https://vietnam.travel/places-to-go/central-vietnam","https://fr.rentbikehanoi.com/centre-sud-vietnam/quy-nhon-motorbike-trip/","centre-sud-vietnam/quy-nhon-motorbike-trip/index.html","","Rédiger en français natif à partir de l'intention du plan vietnamien « Quy Nhơn bằng xe máy: biển và cung đường ít đông ». Utiliser les mots-clés de recherche comme signaux, sans traduction littérale ni bourrage. Répondre à une intention distincte du hub parent, garder les affirmations prudentes et suivre la politique de source.","/centre-sud-vietnam/;/types-motos/;/permis-securite/securite/","FRESH_ROUTE_WEATHER_RECHECK","false","1500","2600","PLANNED","PLANNED","0","","","",""
"FR-477","477","Mũi Né bằng xe máy: đồi cát và đường ven biển","mui ne motorbike trip","mui ne motorbike trip; motorbike route mui ne","centre-sud","/centre-sud-vietnam/","Centre & Sud","CLUSTER","Thông tin du lịch","P1","Không cam kết điều kiện đường; cần cập nhật thời tiết, phà, đường cấm và an toàn trước khi xuất bản.","https://vietnam.travel/places-to-go/central-vietnam","https://fr.rentbikehanoi.com/centre-sud-vietnam/mui-ne-motorbike-trip/","centre-sud-vietnam/mui-ne-motorbike-trip/index.html","","Rédiger en français natif à partir de l'intention du plan vietnamien « Mũi Né bằng xe máy: đồi cát và đường ven biển ». Utiliser les mots-clés de recherche comme signaux, sans traduction littérale ni bourrage. Répondre à une intention distincte du hub parent, garder les affirmations prudentes et suivre la politique de source.","/centre-sud-vietnam/;/types-motos/;/permis-securite/securite/","FRESH_ROUTE_WEATHER_RECHECK","false","1500","2600","PLANNED","PLANNED","0","","","",""
"FR-478","478","Hồ Chí Minh City bằng xe máy: hướng dẫn cho khách lần đầu","motorbike ho chi minh city","motorbike ho chi minh city; scooter saigon travel","centre-sud","/centre-sud-vietnam/","Centre & Sud","CLUSTER","Thông tin du lịch","P1","Không cam kết điều kiện đường; cần cập nhật thời tiết, phà, đường cấm và an toàn trước khi xuất bản.","https://vietnam.travel/places-to-go/central-vietnam","https://fr.rentbikehanoi.com/centre-sud-vietnam/motorbike-ho-chi-minh-city/","centre-sud-vietnam/motorbike-ho-chi-minh-city/index.html","","Rédiger en français natif à partir de l'intention du plan vietnamien « Hồ Chí Minh City bằng xe máy: hướng dẫn cho khách lần đầu ». Utiliser les mots-clés de recherche comme signaux, sans traduction littérale ni bourrage. Répondre à une intention distincte du hub parent, garder les affirmations prudentes et suivre la politique de source.","/centre-sud-vietnam/;/types-motos/;/permis-securite/securite/","FRESH_ROUTE_WEATHER_RECHECK","false","1500","2600","PLANNED","PLANNED","0","","","",""
"FR-479","479","Sài Gòn 1 ngày bằng xe máy: tuyến trung tâm và ven sông","saigon motorbike one day itinerary","saigon motorbike one day itinerary","centre-sud","/centre-sud-vietnam/","Centre & Sud","CLUSTER","Lịch trình","P1","Không cam kết điều kiện đường; cần cập nhật thời tiết, phà, đường cấm và an toàn trước khi xuất bản.","https://vietnam.travel/places-to-go/central-vietnam","https://fr.rentbikehanoi.com/centre-sud-vietnam/saigon-motorbike-one-day-itinerary/","centre-sud-vietnam/saigon-motorbike-one-day-itinerary/index.html","","Rédiger en français natif à partir de l'intention du plan vietnamien « Sài Gòn 1 ngày bằng xe máy: tuyến trung tâm và ven sông ». Utiliser les mots-clés de recherche comme signaux, sans traduction littérale ni bourrage. Répondre à une intention distincte du hub parent, garder les affirmations prudentes et suivre la politique de source.","/centre-sud-vietnam/;/types-motos/;/permis-securite/securite/","FRESH_ROUTE_WEATHER_RECHECK","false","1500","2600","PLANNED","PLANNED","0","","","",""
"FR-480","480","Sài Gòn đi Vũng Tàu bằng xe máy","ho chi minh to vung tau motorbike","ho chi minh to vung tau motorbike","centre-sud","/centre-sud-vietnam/","Centre & Sud","CLUSTER","Lịch trình","P1","Không cam kết điều kiện đường; cần cập nhật thời tiết, phà, đường cấm và an toàn trước khi xuất bản.","https://vietnam.travel/places-to-go/central-vietnam","https://fr.rentbikehanoi.com/centre-sud-vietnam/ho-chi-minh-to-vung-tau-motorbike/","centre-sud-vietnam/ho-chi-minh-to-vung-tau-motorbike/index.html","","Rédiger en français natif à partir de l'intention du plan vietnamien « Sài Gòn đi Vũng Tàu bằng xe máy ». Utiliser les mots-clés de recherche comme signaux, sans traduction littérale ni bourrage. Répondre à une intention distincte du hub parent, garder les affirmations prudentes et suivre la politique de source.","/centre-sud-vietnam/;/types-motos/;/permis-securite/securite/","FRESH_ROUTE_WEATHER_RECHECK","false","1500","2600","PLANNED","PLANNED","0","","","",""
"FR-481","481","Vũng Tàu bằng xe máy: biển và cung đường ven núi","vung tau motorbike route","vung tau motorbike route; motorbike trip vung tau","centre-sud","/centre-sud-vietnam/","Centre & Sud","CLUSTER","Thông tin du lịch","P2","Không cam kết điều kiện đường; cần cập nhật thời tiết, phà, đường cấm và an toàn trước khi xuất bản.","https://vietnam.travel/places-to-go/central-vietnam","https://fr.rentbikehanoi.com/centre-sud-vietnam/vung-tau-motorbike-route/","centre-sud-vietnam/vung-tau-motorbike-route/index.html","","Rédiger en français natif à partir de l'intention du plan vietnamien « Vũng Tàu bằng xe máy: biển và cung đường ven núi ». Utiliser les mots-clés de recherche comme signaux, sans traduction littérale ni bourrage. Répondre à une intention distincte du hub parent, garder les affirmations prudentes et suivre la politique de source.","/centre-sud-vietnam/;/types-motos/;/permis-securite/securite/","FRESH_ROUTE_WEATHER_RECHECK","false","1500","2600","PLANNED","PLANNED","0","","","",""
"FR-482","482","Mekong Delta bằng xe máy: tổng quan cung đường","mekong delta motorbike trip","mekong delta motorbike trip; vietnam motorbike mekong","centre-sud","/centre-sud-vietnam/","Centre & Sud","CLUSTER","Thông tin du lịch","P1","Không cam kết điều kiện đường; cần cập nhật thời tiết, phà, đường cấm và an toàn trước khi xuất bản.","https://vietnam.travel/places-to-go/central-vietnam","https://fr.rentbikehanoi.com/centre-sud-vietnam/mekong-delta-motorbike-trip/","centre-sud-vietnam/mekong-delta-motorbike-trip/index.html","","Rédiger en français natif à partir de l'intention du plan vietnamien « Mekong Delta bằng xe máy: tổng quan cung đường ». Utiliser les mots-clés de recherche comme signaux, sans traduction littérale ni bourrage. Répondre à une intention distincte du hub parent, garder les affirmations prudentes et suivre la politique de source.","/centre-sud-vietnam/;/types-motos/;/permis-securite/securite/","FRESH_ROUTE_WEATHER_RECHECK","false","1500","2600","PLANNED","PLANNED","0","","","",""
"FR-483","483","Sài Gòn – Mỹ Tho – Bến Tre bằng xe máy","saigon my tho ben tre motorbike route","saigon my tho ben tre motorbike route","centre-sud","/centre-sud-vietnam/","Centre & Sud","CLUSTER","Lịch trình","P1","Không cam kết điều kiện đường; cần cập nhật thời tiết, phà, đường cấm và an toàn trước khi xuất bản.","https://vietnam.travel/places-to-go/central-vietnam","https://fr.rentbikehanoi.com/centre-sud-vietnam/saigon-my-tho-ben-tre-motorbike-route/","centre-sud-vietnam/saigon-my-tho-ben-tre-motorbike-route/index.html","","Rédiger en français natif à partir de l'intention du plan vietnamien « Sài Gòn – Mỹ Tho – Bến Tre bằng xe máy ». Utiliser les mots-clés de recherche comme signaux, sans traduction littérale ni bourrage. Répondre à une intention distincte du hub parent, garder les affirmations prudentes et suivre la politique de source.","/centre-sud-vietnam/;/types-motos/;/permis-securite/securite/","FRESH_ROUTE_WEATHER_RECHECK","false","1500","2600","PLANNED","PLANNED","0","","","",""
"FR-484","484","Sài Gòn – Cần Thơ bằng xe máy","ho chi minh to can tho motorbike","ho chi minh to can tho motorbike","centre-sud","/centre-sud-vietnam/","Centre & Sud","CLUSTER","Lịch trình","P1","Không cam kết điều kiện đường; cần cập nhật thời tiết, phà, đường cấm và an toàn trước khi xuất bản.","https://vietnam.travel/places-to-go/central-vietnam","https://fr.rentbikehanoi.com/centre-sud-vietnam/ho-chi-minh-to-can-tho-motorbike/","centre-sud-vietnam/ho-chi-minh-to-can-tho-motorbike/index.html","","Rédiger en français natif à partir de l'intention du plan vietnamien « Sài Gòn – Cần Thơ bằng xe máy ». Utiliser les mots-clés de recherche comme signaux, sans traduction littérale ni bourrage. Répondre à une intention distincte du hub parent, garder les affirmations prudentes et suivre la politique de source.","/centre-sud-vietnam/;/types-motos/;/permis-securite/securite/","FRESH_ROUTE_WEATHER_RECHECK","false","1500","2600","PLANNED","PLANNED","0","","","",""
"FR-485","485","Cần Thơ bằng xe máy: chợ nổi và vùng ven","can tho motorbike trip","can tho motorbike trip; mekong scooter route","centre-sud","/centre-sud-vietnam/","Centre & Sud","CLUSTER","Thông tin du lịch","P2","Không cam kết điều kiện đường; cần cập nhật thời tiết, phà, đường cấm và an toàn trước khi xuất bản.","https://vietnam.travel/places-to-go/central-vietnam","https://fr.rentbikehanoi.com/centre-sud-vietnam/can-tho-motorbike-trip/","centre-sud-vietnam/can-tho-motorbike-trip/index.html","","Rédiger en français natif à partir de l'intention du plan vietnamien « Cần Thơ bằng xe máy: chợ nổi và vùng ven ». Utiliser les mots-clés de recherche comme signaux, sans traduction littérale ni bourrage. Répondre à une intention distincte du hub parent, garder les affirmations prudentes et suivre la politique de source.","/centre-sud-vietnam/;/types-motos/;/permis-securite/securite/","FRESH_ROUTE_WEATHER_RECHECK","false","1500","2600","PLANNED","PLANNED","0","","","",""
"FR-486","486","Châu Đốc bằng xe máy: núi Sam và biên giới","chau doc motorbike trip","chau doc motorbike trip; mekong motorbike route","centre-sud","/centre-sud-vietnam/","Centre & Sud","CLUSTER","Thông tin du lịch","P2","Không cam kết điều kiện đường; cần cập nhật thời tiết, phà, đường cấm và an toàn trước khi xuất bản.","https://vietnam.travel/places-to-go/central-vietnam","https://fr.rentbikehanoi.com/centre-sud-vietnam/chau-doc-motorbike-trip/","centre-sud-vietnam/chau-doc-motorbike-trip/index.html","","Rédiger en français natif à partir de l'intention du plan vietnamien « Châu Đốc bằng xe máy: núi Sam và biên giới ». Utiliser les mots-clés de recherche comme signaux, sans traduction littérale ni bourrage. Répondre à une intention distincte du hub parent, garder les affirmations prudentes et suivre la politique de source.","/centre-sud-vietnam/;/types-motos/;/permis-securite/securite/","FRESH_ROUTE_WEATHER_RECHECK","false","1500","2600","PLANNED","PLANNED","0","","","",""
"FR-487","487","Phú Quốc bằng xe máy: nên thuê loại xe nào","phu quoc motorbike","phu quoc motorbike; motorbike route phu quoc","centre-sud","/centre-sud-vietnam/","Centre & Sud","CLUSTER","Điều tra thương mại","P1","Không cam kết điều kiện đường; cần cập nhật thời tiết, phà, đường cấm và an toàn trước khi xuất bản.","https://vietnam.travel/places-to-go/central-vietnam","https://fr.rentbikehanoi.com/centre-sud-vietnam/phu-quoc-motorbike/","centre-sud-vietnam/phu-quoc-motorbike/index.html","","Rédiger en français natif à partir de l'intention du plan vietnamien « Phú Quốc bằng xe máy: nên thuê loại xe nào ». Utiliser les mots-clés de recherche comme signaux, sans traduction littérale ni bourrage. Répondre à une intention distincte du hub parent, garder les affirmations prudentes et suivre la politique de source.","/centre-sud-vietnam/;/types-motos/;/permis-securite/securite/","FRESH_ROUTE_WEATHER_RECHECK","false","1500","2600","PLANNED","PLANNED","0","","","",""
"FR-488","488","Phú Quốc 1 ngày bằng xe máy","phu quoc motorbike one day route","phu quoc motorbike one day route","centre-sud","/centre-sud-vietnam/","Centre & Sud","CLUSTER","Lịch trình","P1","Không cam kết điều kiện đường; cần cập nhật thời tiết, phà, đường cấm và an toàn trước khi xuất bản.","https://vietnam.travel/places-to-go/central-vietnam","https://fr.rentbikehanoi.com/centre-sud-vietnam/phu-quoc-motorbike-one-day-route/","centre-sud-vietnam/phu-quoc-motorbike-one-day-route/index.html","","Rédiger en français natif à partir de l'intention du plan vietnamien « Phú Quốc 1 ngày bằng xe máy ». Utiliser les mots-clés de recherche comme signaux, sans traduction littérale ni bourrage. Répondre à une intention distincte du hub parent, garder les affirmations prudentes et suivre la politique de source.","/centre-sud-vietnam/;/types-motos/;/permis-securite/securite/","FRESH_ROUTE_WEATHER_RECHECK","false","1500","2600","PLANNED","PLANNED","0","","","",""
"FR-489","489","Phú Quốc 3 ngày bằng xe máy","phu quoc motorbike 3 days itinerary","phu quoc motorbike 3 days itinerary","centre-sud","/centre-sud-vietnam/","Centre & Sud","CLUSTER","Lịch trình","P2","Không cam kết điều kiện đường; cần cập nhật thời tiết, phà, đường cấm và an toàn trước khi xuất bản.","https://vietnam.travel/places-to-go/central-vietnam","https://fr.rentbikehanoi.com/centre-sud-vietnam/phu-quoc-motorbike-3-days-itinerary/","centre-sud-vietnam/phu-quoc-motorbike-3-days-itinerary/index.html","","Rédiger en français natif à partir de l'intention du plan vietnamien « Phú Quốc 3 ngày bằng xe máy ». Utiliser les mots-clés de recherche comme signaux, sans traduction littérale ni bourrage. Répondre à une intention distincte du hub parent, garder les affirmations prudentes et suivre la politique de source.","/centre-sud-vietnam/;/types-motos/;/permis-securite/securite/","FRESH_ROUTE_WEATHER_RECHECK","false","1500","2600","PLANNED","PLANNED","0","","","",""
"FR-490","490","Côn Đảo bằng xe máy: cách khám phá đảo","con dao motorbike trip","con dao motorbike trip; scooter con dao","centre-sud","/centre-sud-vietnam/","Centre & Sud","CLUSTER","Thông tin du lịch","P2","Không cam kết điều kiện đường; cần cập nhật thời tiết, phà, đường cấm và an toàn trước khi xuất bản.","https://vietnam.travel/places-to-go/central-vietnam","https://fr.rentbikehanoi.com/centre-sud-vietnam/con-dao-motorbike-trip/","centre-sud-vietnam/con-dao-motorbike-trip/index.html","","Rédiger en français natif à partir de l'intention du plan vietnamien « Côn Đảo bằng xe máy: cách khám phá đảo ». Utiliser les mots-clés de recherche comme signaux, sans traduction littérale ni bourrage. Répondre à une intention distincte du hub parent, garder les affirmations prudentes et suivre la politique de source.","/centre-sud-vietnam/;/types-motos/;/permis-securite/securite/","FRESH_ROUTE_WEATHER_RECHECK","false","1500","2600","PLANNED","PLANNED","0","","","",""
"FR-491","491","Việt Nam Bắc–Nam bằng xe máy: tổng quan hành trình dài ngày","vietnam north to south motorbike trip","vietnam north to south motorbike trip; hanoi to ho chi minh motorbike","centre-sud","/centre-sud-vietnam/","Centre & Sud","CLUSTER","Thông tin du lịch","P0","Không cam kết điều kiện đường; cần cập nhật thời tiết, phà, đường cấm và an toàn trước khi xuất bản.","https://vietnam.travel/places-to-go/central-vietnam","https://fr.rentbikehanoi.com/centre-sud-vietnam/vietnam-north-to-south-motorbike-trip/","centre-sud-vietnam/vietnam-north-to-south-motorbike-trip/index.html","","Rédiger en français natif à partir de l'intention du plan vietnamien « Việt Nam Bắc–Nam bằng xe máy: tổng quan hành trình dài ngày ». Utiliser les mots-clés de recherche comme signaux, sans traduction littérale ni bourrage. Répondre à une intention distincte du hub parent, garder les affirmations prudentes et suivre la politique de source.","/centre-sud-vietnam/;/types-motos/;/permis-securite/securite/","FRESH_ROUTE_WEATHER_RECHECK","false","1700","2800","PLANNED","PLANNED","0","","","",""
"FR-492","492","Hà Nội đi TP.HCM bằng xe máy: nên dành bao nhiêu ngày","hanoi to ho chi minh motorbike","hanoi to ho chi minh motorbike; motorbike hanoi to saigon","centre-sud","/centre-sud-vietnam/","Centre & Sud","CLUSTER","Lịch trình","P0","Không cam kết điều kiện đường; cần cập nhật thời tiết, phà, đường cấm và an toàn trước khi xuất bản.","https://vietnam.travel/places-to-go/central-vietnam","https://fr.rentbikehanoi.com/centre-sud-vietnam/hanoi-to-ho-chi-minh-motorbike/","centre-sud-vietnam/hanoi-to-ho-chi-minh-motorbike/index.html","","Rédiger en français natif à partir de l'intention du plan vietnamien « Hà Nội đi TP.HCM bằng xe máy: nên dành bao nhiêu ngày ». Utiliser les mots-clés de recherche comme signaux, sans traduction littérale ni bourrage. Répondre à une intention distincte du hub parent, garder les affirmations prudentes et suivre la politique de source.","/centre-sud-vietnam/;/types-motos/;/permis-securite/securite/","FRESH_ROUTE_WEATHER_RECHECK","false","1700","2800","PLANNED","PLANNED","0","","","",""
"FR-493","493","TP.HCM đi Hà Nội bằng xe máy: chiều ngược Bắc–Nam","ho chi minh to hanoi motorbike rental","ho chi minh to hanoi motorbike rental; saigon to hanoi motorbike","centre-sud","/centre-sud-vietnam/","Centre & Sud","CLUSTER","Lịch trình","P1","Không cam kết điều kiện đường; cần cập nhật thời tiết, phà, đường cấm và an toàn trước khi xuất bản.","https://vietnam.travel/places-to-go/central-vietnam","https://fr.rentbikehanoi.com/centre-sud-vietnam/ho-chi-minh-to-hanoi-motorbike-rental/","centre-sud-vietnam/ho-chi-minh-to-hanoi-motorbike-rental/index.html","","Rédiger en français natif à partir de l'intention du plan vietnamien « TP.HCM đi Hà Nội bằng xe máy: chiều ngược Bắc–Nam ». Utiliser les mots-clés de recherche comme signaux, sans traduction littérale ni bourrage. Répondre à une intention distincte du hub parent, garder les affirmations prudentes et suivre la politique de source.","/centre-sud-vietnam/;/types-motos/;/permis-securite/securite/","FRESH_ROUTE_WEATHER_RECHECK","false","1500","2600","PLANNED","PLANNED","0","","","",""
"FR-494","494","Cung đường ven biển Việt Nam bằng xe máy: miền Trung đến miền Nam","vietnam coastal motorbike route","vietnam coastal motorbike route; coastal road trip vietnam motorcycle","centre-sud","/centre-sud-vietnam/","Centre & Sud","CLUSTER","Lịch trình","P1","Không cam kết điều kiện đường; cần cập nhật thời tiết, phà, đường cấm và an toàn trước khi xuất bản.","https://vietnam.travel/places-to-go/central-vietnam","https://fr.rentbikehanoi.com/centre-sud-vietnam/vietnam-coastal-motorbike-route/","centre-sud-vietnam/vietnam-coastal-motorbike-route/index.html","","Rédiger en français natif à partir de l'intention du plan vietnamien « Cung đường ven biển Việt Nam bằng xe máy: miền Trung đến miền Nam ». Utiliser les mots-clés de recherche comme signaux, sans traduction littérale ni bourrage. Répondre à une intention distincte du hub parent, garder les affirmations prudentes et suivre la politique de source.","/centre-sud-vietnam/;/types-motos/;/permis-securite/securite/","FRESH_ROUTE_WEATHER_RECHECK","false","1500","2600","PLANNED","PLANNED","0","","","",""
"FR-495","495","Đường Hồ Chí Minh bằng xe máy: phù hợp với ai","ho chi minh road motorbike vietnam","ho chi minh road motorbike vietnam; vietnam motorbike road trip","centre-sud","/centre-sud-vietnam/","Centre & Sud","CLUSTER","Thông tin du lịch","P1","Không cam kết điều kiện đường; cần cập nhật thời tiết, phà, đường cấm và an toàn trước khi xuất bản.","https://vietnam.travel/places-to-go/central-vietnam","https://fr.rentbikehanoi.com/centre-sud-vietnam/ho-chi-minh-road-motorbike-vietnam/","centre-sud-vietnam/ho-chi-minh-road-motorbike-vietnam/index.html","","Rédiger en français natif à partir de l'intention du plan vietnamien « Đường Hồ Chí Minh bằng xe máy: phù hợp với ai ». Utiliser les mots-clés de recherche comme signaux, sans traduction littérale ni bourrage. Répondre à une intention distincte du hub parent, garder les affirmations prudentes et suivre la politique de source.","/centre-sud-vietnam/;/types-motos/;/permis-securite/securite/","FRESH_ROUTE_WEATHER_RECHECK","false","1500","2600","PLANNED","PLANNED","0","","","",""
"FR-496","496","Chọn xe cho hành trình xuyên Việt: scooter, xe số hay adventure","best motorbike vietnam north south","best motorbike vietnam north south; scooter vs trail vietnam trip","centre-sud","/centre-sud-vietnam/","Centre & Sud","CLUSTER","Điều tra thương mại","P0","Không cam kết điều kiện đường; cần cập nhật thời tiết, phà, đường cấm và an toàn trước khi xuất bản.","https://vietnam.travel/places-to-go/central-vietnam","https://fr.rentbikehanoi.com/centre-sud-vietnam/best-motorbike-vietnam-north-south/","centre-sud-vietnam/best-motorbike-vietnam-north-south/index.html","","Rédiger en français natif à partir de l'intention du plan vietnamien « Chọn xe cho hành trình xuyên Việt: scooter, xe số hay adventure ». Utiliser les mots-clés de recherche comme signaux, sans traduction littérale ni bourrage. Répondre à une intention distincte du hub parent, garder les affirmations prudentes et suivre la politique de source.","/centre-sud-vietnam/;/types-motos/;/permis-securite/securite/","FRESH_ROUTE_WEATHER_RECHECK","false","1700","2800","PLANNED","PLANNED","0","","","",""
"FR-497","497","Ngân sách chuyến xuyên Việt bằng xe máy","vietnam motorbike trip budget north south","vietnam motorbike trip budget north south","centre-sud","/centre-sud-vietnam/","Centre & Sud","CLUSTER","Điều tra thương mại","P1","Không cam kết điều kiện đường; cần cập nhật thời tiết, phà, đường cấm và an toàn trước khi xuất bản.","https://vietnam.travel/places-to-go/central-vietnam","https://fr.rentbikehanoi.com/centre-sud-vietnam/vietnam-motorbike-trip-budget-north-south/","centre-sud-vietnam/vietnam-motorbike-trip-budget-north-south/index.html","","Rédiger en français natif à partir de l'intention du plan vietnamien « Ngân sách chuyến xuyên Việt bằng xe máy ». Utiliser les mots-clés de recherche comme signaux, sans traduction littérale ni bourrage. Répondre à une intention distincte du hub parent, garder les affirmations prudentes et suivre la politique de source.","/centre-sud-vietnam/;/types-motos/;/permis-securite/securite/","FRESH_ROUTE_WEATHER_RECHECK","false","1500","2600","PLANNED","PLANNED","0","","","",""
"FR-498","498","Checklist bảo dưỡng trước chuyến xuyên Việt","motorbike maintenance checklist vietnam road trip","motorbike maintenance checklist vietnam road trip","centre-sud","/centre-sud-vietnam/","Centre & Sud","CLUSTER","Thông tin","P1","Không cam kết điều kiện đường; cần cập nhật thời tiết, phà, đường cấm và an toàn trước khi xuất bản.","https://vietnam.travel/places-to-go/central-vietnam","https://fr.rentbikehanoi.com/centre-sud-vietnam/motorbike-maintenance-checklist-vietnam-road-trip/","centre-sud-vietnam/motorbike-maintenance-checklist-vietnam-road-trip/index.html","","Rédiger en français natif à partir de l'intention du plan vietnamien « Checklist bảo dưỡng trước chuyến xuyên Việt ». Utiliser les mots-clés de recherche comme signaux, sans traduction littérale ni bourrage. Répondre à une intention distincte du hub parent, garder les affirmations prudentes et suivre la politique de source.","/centre-sud-vietnam/;/types-motos/;/permis-securite/securite/","FRESH_ROUTE_WEATHER_RECHECK","false","1500","2600","PLANNED","PLANNED","0","","","",""
"FR-499","499","Cách đóng gói hành lý cho chuyến xe máy dài ngày ở Việt Nam","motorbike luggage vietnam road trip","motorbike luggage vietnam road trip; packing motorcycle vietnam","centre-sud","/centre-sud-vietnam/","Centre & Sud","CLUSTER","Thông tin","P1","Không cam kết điều kiện đường; cần cập nhật thời tiết, phà, đường cấm và an toàn trước khi xuất bản.","https://vietnam.travel/places-to-go/central-vietnam","https://fr.rentbikehanoi.com/centre-sud-vietnam/motorbike-luggage-vietnam-road-trip/","centre-sud-vietnam/motorbike-luggage-vietnam-road-trip/index.html","","Rédiger en français natif à partir de l'intention du plan vietnamien « Cách đóng gói hành lý cho chuyến xe máy dài ngày ở Việt Nam ». Utiliser les mots-clés de recherche comme signaux, sans traduction littérale ni bourrage. Répondre à une intention distincte du hub parent, garder les affirmations prudentes et suivre la politique de source.","/centre-sud-vietnam/;/types-motos/;/permis-securite/securite/","FRESH_ROUTE_WEATHER_RECHECK","false","1500","2600","PLANNED","PLANNED","0","","","",""
"FR-500","500","Đường ven biển miền Trung bằng xe máy: thời điểm đẹp và kiểu xe phù hợp","central vietnam coastal motorbike route","central vietnam coastal motorbike route","centre-sud","/centre-sud-vietnam/","Centre & Sud","CLUSTER","Thông tin du lịch","P1","Cập nhật thời tiết/đường trước khi xuất bản.","https://vietnam.travel/places-to-go/central-vietnam","https://fr.rentbikehanoi.com/centre-sud-vietnam/central-vietnam-coastal-motorbike-route/","centre-sud-vietnam/central-vietnam-coastal-motorbike-route/index.html","","Rédiger en français natif à partir de l'intention du plan vietnamien « Đường ven biển miền Trung bằng xe máy: thời điểm đẹp và kiểu xe phù hợp ». Utiliser les mots-clés de recherche comme signaux, sans traduction littérale ni bourrage. Répondre à une intention distincte du hub parent, garder les affirmations prudentes et suivre la politique de source.","/centre-sud-vietnam/;/types-motos/;/permis-securite/securite/","FRESH_ROUTE_WEATHER_RECHECK","false","1500","2600","PLANNED","PLANNED","0","","","",""
